id,titlu,categorie,status,functionalitate_iconta,posibil_duplicat_sens,slug_publicat,slug_asemanator
GH-00001,Care este plafonul pentru microîntreprinderi în 2026?,altele,publicat,,nu,plafonul-microintreprinderi-2026,
GH-00002,Cât este impozitul pe veniturile microîntreprinderilor în 2026?,altele,candidat,,nu,,
GH-00003,Cum se calculează impozitul micro de 1% în 2026?,micro,candidat,,nu,,
GH-00004,Ce condiții trebuie să îndeplinească un SRL pentru a fi microîntreprindere în 2026?,altele,candidat,,nu,,
GH-00005,Când trece o microîntreprindere la impozit pe profit în 2026?,profit,publicat,,nu,trece-microintreprindere-impozit-profit-2026,
GH-00006,Ce se întâmplă dacă o microîntreprindere depășește plafonul de 100.000 euro în 2026?,altele,candidat,,nu,,
GH-00007,Cum se calculează plafonul de 100.000 euro pentru microîntreprinderi?,altele,candidat,,nu,,
GH-00008,La ce curs valutar se calculează plafonul micro în 2026?,casierie,asemanator,,nu,,curs-valutar-calculeaza-tva-d301
GH-00009,Din ce trimestru trece un SRL la impozit pe profit după depășirea plafonului micro?,profit,publicat,,nu,trimestru-trece-srl-impozit-profit,
GH-00010,Se mai poate aplica impozitul micro de 1% fără salariați în 2026?,salarizare,candidat,,nu,,
GH-00011,Câți salariați trebuie să aibă o microîntreprindere în 2026?,salarizare,publicat,,nu,cati-salariati-aiba-microintreprindere-2026,
GH-00012,Poate un SRL nou înființat să fie microîntreprindere în 2026?,infiintare,candidat,,nu,,
GH-00013,Ce termen are un SRL nou pentru angajarea unui salariat ca să rămână micro?,salarizare,candidat,,nu,,
GH-00014,Ce se întâmplă cu regimul micro dacă singurul salariat demisionează?,salarizare,publicat,,nu,intampla-regimul-micro-singurul-salariat,
GH-00015,Cât timp are o microîntreprindere să angajeze alt salariat după o demisie?,salarizare,candidat,,nu,,
GH-00016,Poate administratorul cu contract de mandat să îndeplinească condiția de salariat pentru micro?,salarizare,publicat,,nu,administratorul-contract-mandat-indeplineasca-conditia,
GH-00017,Contractul de administrare este suficient pentru impozitul micro de 1%?,micro,candidat,,nu,,
GH-00018,Un contract de muncă part-time este suficient pentru regimul micro în 2026?,micro,candidat,,nu,,
GH-00019,Pot mai multe contracte part-time să îndeplinească condiția de salariat pentru micro?,salarizare,candidat,,nu,,
GH-00020,Ce se întâmplă cu impozitul micro dacă salariatul intră în concediu fără plată?,salarizare,publicat,,nu,intampla-impozitul-micro-salariatul-intra,
GH-00021,Concediul medical al singurului salariat afectează regimul micro?,salarizare,publicat,,nu,concediul-medical-singurului-salariat-afecteaza,
GH-00022,Concediul de maternitate al singurului salariat afectează condiția pentru micro?,salarizare,publicat,,nu,concediul-maternitate-singurului-salariat-afecteaza,
GH-00023,Suspendarea contractului de muncă duce la pierderea regimului micro?,micro,publicat,,nu,suspendarea-contractului-munca-duce-pierderea,
GH-00024,Când pierde un SRL regimul de microîntreprindere?,altele,publicat,,nu,pierde-srl-regimul-microintreprindere,
GH-00025,Poate un SRL reveni la impozit micro după ce a trecut la impozit pe profit?,profit,publicat,,nu,srl-reveni-impozit-micro-trecut,
GH-00026,Se poate reveni de la impozit pe profit la micro în 2026?,profit,publicat,,nu,reveni-impozit-profit-micro-2026,
GH-00027,Poate o firmă care a fost micro în trecut să mai aplice regimul micro?,micro,candidat,,nu,,
GH-00028,Cum se verifică dacă o firmă poate aplica impozitul micro în 2026?,micro,candidat,,nu,,
GH-00029,Ce venituri intră în plafonul de 100.000 euro pentru microîntreprinderi?,altele,asemanator,,nu,,tva-ul-intra-plafonul-100000
GH-00030,Ce venituri nu intră în plafonul micro?,micro,publicat,,nu,venituri-intra-plafonul-micro,
GH-00031,Veniturile din diferențe de curs valutar intră în plafonul micro?,casierie,publicat,,nu,veniturile-diferente-curs-valutar-intra,
GH-00032,Veniturile din dobânzi intră în plafonul micro?,micro,asemanator,,nu,,veniturile-chirii-intra-plafonul-micro
GH-00033,Veniturile din dividende intră în plafonul micro?,declaratii_speciale,publicat,,nu,veniturile-dividende-intra-plafonul-micro,
GH-00034,Veniturile din subvenții intră în plafonul micro?,micro,publicat,,nu,veniturile-subventii-intra-plafonul-micro,
GH-00035,Veniturile din despăgubiri intră în plafonul micro?,micro,publicat,,nu,veniturile-despagubiri-intra-plafonul-micro,
GH-00036,Veniturile din vânzarea mijloacelor fixe intră în plafonul micro?,micro,publicat,,nu,veniturile-vanzarea-mijloacelor-fixe-intra,
GH-00037,Veniturile din vânzarea unui autoturism intră în plafonul micro?,micro,asemanator,,nu,,veniturile-vanzarea-mijloacelor-fixe-intra
GH-00038,Veniturile din cedarea activelor intră în baza impozabilă micro?,micro,candidat,,nu,,
GH-00039,Veniturile din producția de imobilizări intră în plafonul micro?,micro,publicat,,nu,veniturile-productia-imobilizari-intra-plafonul,
GH-00040,Reducerea comercială primită afectează baza de calcul a impozitului micro?,micro,candidat,,nu,,
GH-00041,Stornarea unei facturi afectează plafonul micro?,micro,candidat,,nu,,
GH-00042,O factură stornată în trimestrul următor modifică impozitul micro?,micro,publicat,,nu,factura-stornata-trimestrul-urmator-modifica,
GH-00043,Avansurile facturate intră în plafonul micro?,micro,publicat,,nu,avansurile-facturate-intra-plafonul-micro,
GH-00044,Avansurile încasate fără factură intră în plafonul micro?,micro,asemanator,,nu,,avansurile-incasate-intra-plafonul-micro
GH-00045,Facturile neîncasate intră în calculul impozitului micro?,micro,publicat,,nu,facturile-neincasate-intra-calculul-impozitului,
GH-00046,Impozitul micro se calculează la facturat sau la încasat?,micro,publicat,,nu,impozitul-micro-se-calculeaza-la-facturat-sau-la-incasat,
GH-00047,TVA-ul intră în plafonul de 100.000 euro pentru microîntreprinderi?,tva,publicat,,nu,tva-ul-intra-plafonul-100000,
GH-00048,TVA-ul intră în baza de calcul a impozitului micro?,tva,publicat,,nu,tva-ul-intra-baza-calcul,
GH-00049,Cum calculează o firmă neplătitoare de TVA plafonul micro?,tva,candidat,,nu,,
GH-00050,Cum calculează o firmă plătitoare de TVA plafonul micro?,tva,candidat,,nu,,
GH-00051,Regimul TVA la încasare influențează calculul impozitului micro?,tva,candidat,,nu,,
GH-00052,Trecerea la TVA modifică regimul de impozitare micro?,tva,candidat,,nu,,
GH-00053,Depășirea plafonului de TVA înseamnă și ieșirea din regimul micro?,tva,publicat,,nu,depasirea-plafonului-tva-inseamna-iesirea,
GH-00054,Care este diferența dintre plafonul TVA și plafonul micro în 2026?,tva,candidat,,da,,
GH-00055,Poate o microîntreprindere să fie plătitoare de TVA?,tva,asemanator,,nu,,firma-intermediere-microintreprindere
GH-00056,Poate o microîntreprindere să aplice TVA la încasare?,tva,publicat,,nu,microintreprindere-aplice-tva-incasare,
GH-00057,Poate o microîntreprindere să aibă TVA trimestrial?,tva,candidat,,nu,,
GH-00058,Trecerea de la TVA trimestrial la TVA lunar afectează impozitul micro?,tva,publicat,,nu,trecerea-tva-trimestrial-tva-lunar,
GH-00059,O achiziție intracomunitară schimbă perioada fiscală TVA fără să afecteze regimul micro?,ic_ue,publicat,,nu,achizitie-intracomunitara-schimba-perioada-fiscala,
GH-00060,Veniturile din servicii intracomunitare intră în plafonul micro?,ic_ue,publicat,,nu,veniturile-servicii-intracomunitare-intra-plafonul,
GH-00061,Veniturile din export intră în plafonul micro?,micro,publicat,,nu,veniturile-export-intra-plafonul-micro,
GH-00062,Veniturile din livrări intracomunitare intră în plafonul micro?,ic_ue,publicat,,nu,veniturile-livrari-intracomunitare-intra-plafonul,
GH-00063,Veniturile facturate către clienți din UE intră în plafonul micro?,micro,candidat,,nu,,
GH-00064,Veniturile facturate către clienți din afara UE intră în plafonul micro?,micro,candidat,,nu,,
GH-00065,Cum se calculează impozitul micro pentru venituri în valută?,casierie,publicat,,nu,calculeaza-impozitul-micro-venituri-valuta,
GH-00066,Ce curs valutar se folosește pentru veniturile în valută la impozitul micro?,casierie,publicat,,nu,curs-valutar-foloseste-veniturile-valuta,
GH-00067,Diferențele de curs pot determina depășirea plafonului micro?,micro,publicat,,nu,diferentele-curs-determina-depasirea-plafonului,
GH-00068,Cum se calculează impozitul micro trimestrial?,micro,publicat,,nu,cum-se-calculeaza-impozitul-micro-trimestrial,
GH-00069,Care este termenul de plată pentru impozitul micro în 2026?,micro,candidat,,nu,,
GH-00070,Ce declarație se depune pentru impozitul micro?,micro,asemanator,,nu,,depune-declaratie-rectificativa-impozitul-micro
GH-00071,Cum se declară impozitul micro în D100?,micro,asemanator,,nu,,declara-impozitul-micro-d100-rand
GH-00072,Care este termenul pentru D100 la microîntreprinderi?,control_fiscal,candidat,,nu,,
GH-00073,Ce cod de obligație se folosește în D100 pentru impozitul micro?,micro,publicat,,nu,cod-obligatie-foloseste-d100-impozitul,
GH-00074,Cum se corectează impozitul micro declarat greșit în D100?,micro,candidat,,nu,,
GH-00075,Cum se depune o declarație rectificativă pentru impozitul micro?,micro,publicat,,nu,depune-declaratie-rectificativa-impozitul-micro,
GH-00076,Ce faci dacă ai calculat greșit impozitul micro într-un trimestru anterior?,micro,publicat,,nu,ce-faci-daca-ai-calculat-gresit-impozitul-micro-intr-un-trimestru-anterior,
GH-00077,Ce faci dacă ai omis venituri din calculul impozitului micro?,micro,publicat,,nu,omis-venituri-calculul-impozitului-micro,
GH-00078,Ce faci dacă ai inclus greșit venituri în baza impozabilă micro?,micro,publicat,,nu,inclus-gresit-venituri-baza-impozabila,
GH-00079,Cum corectezi impozitul micro după stornarea unei facturi?,micro,publicat,,nu,cum-corectezi-impozitul-micro-dupa-stornarea-unei-facturi,
GH-00080,Se plătesc dobânzi și penalități pentru impozitul micro declarat cu întârziere?,micro,asemanator,,nu,,platesc-dobanzi-penalitati-impozitul-profit
GH-00081,Ce penalități apar dacă nu plătești impozitul micro la termen?,micro,publicat,,nu,penalitati-apar-platesti-impozitul-micro,
GH-00082,Ce se întâmplă dacă depui D100 după termen?,control_fiscal,asemanator,,nu,,intampla-depui-d101-termen
GH-00083,Cum verifici în SPV dacă impozitul micro a fost declarat corect?,spv,candidat,,nu,,
GH-00084,Cum verifici în fișa pe plătitor impozitul micro datorat?,micro,publicat,,nu,verifici-fisa-platitor-impozitul-micro,
GH-00085,De ce apare diferență între impozitul micro din contabilitate și D100?,micro,publicat,,nu,de-ce-apare-diferenta-intre-impozitul-micro-din-contabilitate-si-d100,
GH-00086,Cum reconciliezi impozitul micro cu balanța contabilă?,micro,publicat,,nu,reconciliezi-impozitul-micro-balanta-contabila,
GH-00087,Ce cont contabil se folosește pentru impozitul micro?,micro,publicat,,nu,cont-contabil-foloseste-impozitul-micro,
GH-00088,Care este monografia contabilă pentru impozitul micro?,micro,publicat,,nu,monografia-contabila-impozitul-micro,
GH-00089,Cum se înregistrează plata impozitului micro în contabilitate?,micro,candidat,,nu,,
GH-00090,Cum se înregistrează diferențele de impozit micro după rectificare?,micro,publicat,,nu,inregistreaza-diferentele-impozit-micro-rectificare,
GH-00091,Ce sold trebuie să aibă contul de impozit micro la sfârșitul trimestrului?,micro,publicat,,nu,sold-aiba-contul-impozit-micro,
GH-00092,Cum verifici baza de calcul a impozitului micro din balanță?,micro,candidat,,nu,,
GH-00093,Ce conturi de venit se includ în baza impozabilă micro?,micro,publicat,,nu,conturi-venit-includ-baza-impozabila,
GH-00094,Ce conturi de venit se exclud din baza impozabilă micro?,micro,publicat,,nu,conturi-venit-exclud-baza-impozabila,
GH-00095,Cum verifici plafonul micro direct din balanță?,micro,publicat,,nu,verifici-plafonul-micro-direct-balanta,
GH-00096,Cum urmărești lunar apropierea de plafonul micro?,micro,candidat,,nu,,
GH-00097,Cum estimezi când va depăși firma plafonul de 100.000 euro?,altele,publicat,,nu,estimezi-depasi-firma-plafonul-100000,
GH-00098,Ce trebuie făcut înainte ca firma să depășească plafonul micro?,micro,candidat,,nu,,
GH-00099,Ce obligații apar imediat după depășirea plafonului micro?,micro,candidat,,nu,,
GH-00100,Cum calculezi impozitul în trimestrul în care depășești plafonul micro?,micro,asemanator,,nu,,impozitul-trimestrul-depasesti-plafonul-micro
GH-00101,Se recalculează impozitul micro pentru trimestrele anterioare după depășirea plafonului?,micro,candidat,,nu,,
GH-00102,Impozitul pe profit se calculează pentru tot anul după ieșirea din regimul micro?,profit,asemanator,,nu,,calculeaza-impozitul-profit-primul-trimestru
GH-00103,Cum se separă perioada micro de perioada de impozit pe profit în același an?,profit,candidat,,nu,,
GH-00104,Ce cheltuieli devin importante când firma trece de la micro la profit?,micro,publicat,,nu,cheltuieli-devin-importante-firma-trece,
GH-00105,Ce se întâmplă cu pierderea fiscală după trecerea de la micro la profit?,profit,candidat,,nu,,
GH-00106,Poate o microîntreprindere să înregistreze pierdere fiscală?,profit,candidat,,nu,,
GH-00107,Cum se calculează rezultatul fiscal după ieșirea din regimul micro?,micro,candidat,,nu,,
GH-00108,Ce declarații trebuie depuse când firma trece de la micro la profit?,micro,publicat,,nu,declaratii-depuse-firma-trece-micro,
GH-00109,Trebuie depusă D700 la ieșirea din regimul micro?,micro,publicat,,nu,depusa-d700-iesirea-regimul-micro,
GH-00110,În cât timp se declară la ANAF trecerea de la micro la profit?,micro,candidat,,nu,,
GH-00111,Cum se completează D700 pentru trecerea de la micro la impozit pe profit?,profit,asemanator,,nu,,declara-trecerea-micro-impozit-profit
GH-00112,Ce dată se trece în D700 la ieșirea din regimul micro?,micro,candidat,,nu,,
GH-00113,Ce faci dacă ai depus D700 cu data greșită pentru ieșirea din regimul micro?,micro,candidat,,nu,,
GH-00114,Cum verifici în vectorul fiscal dacă firma este micro sau plătitoare de impozit pe profit?,profit,publicat,,nu,verifici-vectorul-fiscal-firma-micro,
GH-00115,Ce faci dacă vectorul fiscal ANAF arată greșit regimul de impozitare?,greseli,candidat,,nu,,
GH-00116,Poate ANAF să modifice din oficiu regimul fiscal al unei microîntreprinderi?,altele,publicat,,nu,anaf-modifice-oficiu-regimul-fiscal,
GH-00117,Ce documente trebuie păstrate pentru justificarea regimului micro?,micro,publicat,,nu,documente-pastrate-justificarea-regimului-micro,
GH-00118,Ce verifică ANAF la o microîntreprindere?,altele,candidat,,nu,,
GH-00119,Cum demonstrezi la control că ai respectat plafonul micro?,micro,candidat,,nu,,
GH-00120,Ce riscuri fiscale există dacă firma a aplicat micro fără să îndeplinească toate condițiile?,micro,candidat,,nu,,
GH-00121,"Ce se întâmplă dacă firma trebuia să fie pe profit, dar a continuat să plătească impozit micro?",micro,candidat,,nu,,
GH-00122,Cum se corectează retroactiv aplicarea greșită a regimului micro?,micro,publicat,,nu,corecteaza-retroactiv-aplicarea-gresita-regimului,
GH-00123,Cum calculezi diferențele de impozit dacă ai aplicat greșit regimul micro?,micro,publicat,,nu,calculezi-diferentele-impozit-aplicat-gresit,
GH-00124,Se datorează accesorii dacă firma a aplicat nejustificat impozitul micro?,micro,publicat,,nu,datoreaza-accesorii-firma-aplicat-nejustificat,
GH-00125,Ce se întâmplă dacă firma a plătit impozit pe profit deși putea fi micro?,profit,publicat,,nu,intampla-firma-platit-impozit-profit,
GH-00126,Se poate recupera impozitul plătit în plus după o încadrare fiscală greșită?,greseli,publicat,,nu,recupera-impozitul-platit-plus-incadrare,
GH-00127,Cum se corectează vectorul fiscal după o eroare privind regimul micro?,micro,candidat,,nu,,
GH-00128,Care sunt condițiile privind deținerea părților sociale pentru microîntreprinderi în 2026?,altele,candidat,,nu,,
GH-00129,Câte microîntreprinderi poate avea același asociat în 2026?,infiintare,publicat,,nu,cate-microintreprinderi-acelasi-asociat-2026,
GH-00130,Ce se întâmplă dacă un asociat deține peste 25% în mai multe microîntreprinderi?,infiintare,candidat,,nu,,
GH-00131,Cum se alege firma care rămâne micro când asociatul deține mai multe SRL-uri?,infiintare,publicat,,nu,alege-firma-ramane-micro-asociatul,
GH-00132,Deținerea indirectă se ia în calcul pentru condițiile regimului micro?,micro,publicat,,nu,detinerea-indirecta-ia-calcul-conditiile,
GH-00133,Cum se calculează procentul de deținere indirectă la microîntreprinderi?,altele,candidat,,nu,,
GH-00134,Ce înseamnă întreprinderi legate pentru plafonul micro?,micro,publicat,,nu,inseamna-intreprinderi-legate-plafonul-micro,
GH-00135,Veniturile firmelor legate se cumulează la plafonul de 100.000 euro?,altele,candidat,,nu,,
GH-00136,Cum se calculează plafonul micro pentru întreprinderi legate în 2026?,micro,publicat,,nu,calculeaza-plafonul-micro-intreprinderi-legate,
GH-00137,Veniturile unui PFA se cumulează cu veniturile SRL-ului pentru plafonul micro?,pfa,candidat,,nu,,
GH-00138,Veniturile unei întreprinderi individuale se cumulează cu cele ale SRL-ului micro?,pfa,publicat,,nu,veniturile-intreprinderi-individuale-cumuleaza-srl,
GH-00139,Veniturile unei întreprinderi familiale se iau în calcul la plafonul micro al unui SRL?,pfa,candidat,,nu,,
GH-00140,Ce legătură există între PFA-ul asociatului și plafonul micro al SRL-ului?,pfa,publicat,,nu,legatura-exista-pfa-ul-asociatului,
GH-00141,Cum verifici dacă două societăți sunt întreprinderi legate pentru regimul micro?,micro,publicat,,nu,verifici-doua-societati-intreprinderi-legate,
GH-00142,Firmele cu același administrator sunt automat întreprinderi legate pentru micro?,infiintare,publicat,,nu,firmele-acelasi-administrator-automat-intreprinderi,
GH-00143,Firmele cu același asociat sunt automat întreprinderi legate?,infiintare,asemanator,,nu,,firmele-acelasi-administrator-automat-intreprinderi
GH-00144,Soțul și soția cu firme diferite trebuie să cumuleze veniturile pentru plafonul micro?,micro,publicat,,nu,sotul-sotia-firme-diferite-cumuleze,
GH-00145,Firmele deținute de membri ai aceleiași familii sunt considerate întreprinderi legate?,altele,publicat,,nu,firmele-detinute-membri-aceleiasi-familii,
GH-00146,Cum se aplică plafonul micro când asociatul are și PFA?,pfa,candidat,,nu,,
GH-00147,Cum se aplică plafonul micro când asociatul are două SRL-uri?,infiintare,candidat,,nu,,
GH-00148,Cum se aplică plafonul micro când un SRL deține participații într-un alt SRL?,micro,publicat,,nu,aplica-plafonul-micro-srl-detine,
GH-00149,Veniturile unei firme din străinătate se cumulează la plafonul micro din România?,micro,publicat,,nu,veniturile-firme-strainatate-cumuleaza-plafonul,
GH-00150,Cum se tratează întreprinderile legate din alte state pentru plafonul micro?,micro,publicat,,nu,trateaza-intreprinderile-legate-alte-state,
GH-00151,Poate un SRL cu asociat persoană juridică să fie microîntreprindere?,infiintare,publicat,,nu,srl-asociat-persoana-juridica-microintreprindere,
GH-00152,Poate un SRL deținut de o firmă străină să aplice impozitul micro?,micro,publicat,,nu,srl-detinut-firma-straina-aplice,
GH-00153,Poate o societate pe acțiuni să fie microîntreprindere?,altele,candidat,,nu,,
GH-00154,Poate un SRL-D să aplice regimul micro în 2026?,micro,publicat,,nu,srl-d-aplice-regimul-micro,
GH-00155,Poate o societate profesională să fie microîntreprindere?,altele,candidat,,nu,,
GH-00156,Poate o firmă de consultanță să fie microîntreprindere în 2026?,altele,publicat,,nu,firma-consultanta-microintreprindere-2026,
GH-00157,Mai există limită pentru veniturile din consultanță la microîntreprinderi în 2026?,altele,candidat,,nu,,
GH-00158,Poate o firmă de management să aplice impozitul micro?,micro,publicat,,nu,firma-management-aplice-impozitul-micro,
GH-00159,Poate o firmă IT să fie microîntreprindere în 2026?,industrii,asemanator,,nu,,firma-consultanta-microintreprindere-2026
GH-00160,Poate o firmă de software să aplice impozitul micro de 1%?,micro,asemanator,,nu,,firma-management-aplice-impozitul-micro
GH-00161,Poate o agenție de marketing să fie microîntreprindere?,altele,asemanator,,nu,,firma-intermediere-microintreprindere
GH-00162,Poate un magazin online să aplice impozitul micro?,industrii,candidat,,nu,,
GH-00163,Poate o firmă de construcții să fie microîntreprindere?,industrii,asemanator,,da,,firma-intermediere-microintreprindere
GH-00164,Poate un cabinet medical organizat ca SRL să fie microîntreprindere?,altele,candidat,,nu,,
GH-00165,Poate o clinică medicală să aplice regimul micro?,micro,publicat,,nu,clinica-medicala-aplice-regimul-micro,
GH-00166,Poate o firmă de contabilitate să fie microîntreprindere?,altele,asemanator,,nu,,firma-intermediere-microintreprindere
GH-00167,Poate o firmă de avocatură organizată ca societate să aplice regimul micro?,micro,asemanator,,nu,,firma-transport-aplice-regimul-micro
GH-00168,Poate o firmă de intermediere să fie microîntreprindere?,altele,publicat,,nu,firma-intermediere-microintreprindere,
GH-00169,Poate un restaurant să aplice impozitul micro de 1%?,industrii,candidat,,nu,,
GH-00170,Poate un hotel să fie microîntreprindere?,industrii,asemanator,,nu,,magazin-online-microintreprindere
GH-00171,Poate o firmă de transport să aplice regimul micro?,micro,publicat,,nu,firma-transport-aplice-regimul-micro,
GH-00172,Poate o firmă de închirieri imobiliare să fie microîntreprindere?,altele,publicat,,nu,firma-inchirieri-imobiliare-microintreprindere,
GH-00173,Veniturile din chirii intră în plafonul micro?,micro,publicat,,nu,veniturile-chirii-intra-plafonul-micro,
GH-00174,Vânzarea unui imobil poate determina ieșirea din regimul micro?,micro,candidat,,nu,,
GH-00175,Poate un dezvoltator imobiliar să fie microîntreprindere?,altele,publicat,,nu,dezvoltator-imobiliar-microintreprindere,
GH-00176,Poate un holding să aplice regimul micro?,micro,publicat,,nu,holding-aplice-regimul-micro,
GH-00177,Poate o firmă fără activitate să rămână microîntreprindere?,altele,publicat,,nu,firma-activitate-ramana-microintreprindere,
GH-00178,Ce impozit plătește o microîntreprindere fără venituri?,altele,candidat,,nu,,
GH-00179,Trebuie depusă D100 dacă microîntreprinderea nu are venituri?,altele,publicat,,nu,depusa-d100-microintreprinderea-venituri,
GH-00180,Ce se întâmplă cu regimul micro dacă firma își suspendă activitatea?,micro,asemanator,,nu,,intampla-regimul-micro-firma-suspenda
GH-00181,O firmă reactivată poate reveni la regimul micro?,micro,publicat,,nu,firma-reactivata-reveni-regimul-micro,
GH-00182,Cum se impozitează un SRL în primul an de activitate?,altele,publicat,,nu,impoziteaza-srl-primul-an-activitate,
GH-00183,Ce regim fiscal alegi la înființarea unui SRL în 2026?,infiintare,candidat,,nu,,
GH-00184,Micro sau impozit pe profit în 2026: care sunt diferențele de calcul?,profit,candidat,,nu,,
GH-00185,Cum compari impozitul micro de 1% cu impozitul pe profit de 16%?,profit,candidat,,nu,,
GH-00186,La ce marjă de profit devine mai avantajos matematic impozitul micro față de profit?,micro,publicat,,nu,marja-profit-devine-avantajos-matematic,
GH-00187,Cum calculezi diferența dintre impozitul micro și impozitul pe profit?,profit,candidat,,nu,,
GH-00188,Cheltuielile deductibile reduc impozitul micro?,micro,publicat,,nu,cheltuielile-deductibile-reduc-impozitul-micro,
GH-00189,Salariile reduc impozitul datorat de o microîntreprindere?,salarizare,candidat,,nu,,
GH-00190,Achiziția unui autoturism reduce impozitul micro?,micro,candidat,,nu,,
GH-00191,Amortizarea reduce impozitul micro?,mijloace_fixe,candidat,,nu,,
GH-00192,Cheltuielile cu combustibilul reduc impozitul micro?,micro,publicat,,nu,cheltuielile-combustibilul-reduc-impozitul-micro,
GH-00193,Cheltuielile de protocol reduc impozitul micro?,profit,publicat,,nu,cheltuielile-protocol-reduc-impozitul-micro,
GH-00194,Sponsorizările pot reduce impozitul micro în 2026?,micro,publicat,,nu,sponsorizarile-reduce-impozitul-micro-2026,
GH-00195,Cum se scade sponsorizarea din impozitul micro?,profit,publicat,,nu,cum-se-scade-sponsorizarea-din-impozitul-micro,
GH-00196,Ce limită are sponsorizarea pentru o microîntreprindere?,profit,publicat,,nu,ce-limita-are-sponsorizarea-pentru-o-microintreprindere,
GH-00197,Ce se întâmplă cu sponsorizările reportate după trecerea la impozit pe profit?,profit,publicat,,nu,ce-se-intampla-cu-sponsorizarile-reportate-dupa-trecerea-la-impozit-pe-profit,
GH-00198,Casele de marcat și facilitățile fiscale mai reduc impozitul micro în 2026?,micro,candidat,,nu,,
GH-00199,Bonificațiile fiscale se aplică și microîntreprinderilor?,profit,candidat,,nu,,
GH-00200,Cum se aplică o reducere de impozit unei microîntreprinderi?,altele,candidat,,nu,,
GH-00201,Ce se întâmplă cu creditul fiscal extern la o microîntreprindere?,altele,candidat,,nu,,
GH-00202,Impozitul plătit în străinătate poate fi scăzut din impozitul micro?,micro,publicat,,nu,impozitul-platit-strainatate-scazut-impozitul,
GH-00203,Cum se tratează veniturile unei microîntreprinderi obținute din străinătate?,altele,publicat,,nu,trateaza-veniturile-microintreprinderi-obtinute-strainatate,
GH-00204,Un sediu permanent în străinătate afectează regimul micro din România?,micro,publicat,,nu,sediu-permanent-strainatate-afecteaza-regimul,
GH-00205,Cum se tratează veniturile din curs valutar la sfârșit de an pentru plafonul micro?,casierie,candidat,,nu,,
GH-00206,Regularizările contabile de sfârșit de an pot schimba plafonul micro?,micro,publicat,,nu,regularizarile-contabile-sfarsit-an-schimba,
GH-00207,Corectarea unei erori contabile din anul precedent afectează plafonul micro curent?,micro,publicat,,nu,corectarea-erori-contabile-anul-precedent,
GH-00208,Veniturile înregistrate în contul 1174 intră în calculul impozitului micro?,micro,publicat,,nu,veniturile-inregistrate-contul-1174-intra,
GH-00209,Cum afectează o factură emisă cu întârziere plafonul micro?,micro,asemanator,,nu,,afecteaza-factura-anulata-plafonul-micro
GH-00210,Cum afectează o factură anulată plafonul micro?,micro,publicat,,nu,afecteaza-factura-anulata-plafonul-micro,
GH-00211,Cum tratezi un discount acordat ulterior la calculul,altele,candidat,,nu,,
GH-00212,Impozit micro 2026: cine mai poate aplica 1% pe venituri,micro,publicat,,nu,impozit-micro-2026-aplica-1,
GH-00213,Cum verific dacă SRL-ul meu mai e plătitor de impozit micro în 2026,micro,candidat,,nu,,
GH-00214,Diferența dintre impozit micro 1% și impozit pe profit 16% în 2026,profit,publicat,,nu,diferenta-dintre-impozit-micro-1,
GH-00215,Plafonul de 100.000 euro pentru impozit micro în 2026: cum se calculează,micro,candidat,,nu,,
GH-00216,"Care este plafonul real de venituri pentru micro în 2026, în lei",micro,candidat,,nu,,
GH-00217,Cursul de schimb valutar pentru calculul plafonului micro 2026,casierie,publicat,,nu,cursul-schimb-valutar-calculul-plafonului,
GH-00218,Cum se calculează veniturile pentru plafonul micro: TVA inclus sau exclus,tva,candidat,,nu,,
GH-00219,Ce intră în calculul plafonului de 100.000 euro la micro,micro,candidat,,nu,,
GH-00220,Veniturile care nu se iau în calcul la plafonul micro,micro,candidat,,nu,,
GH-00221,Am depășit plafonul micro la jumătatea anului: când trec la profit,micro,publicat,,nu,depasit-plafonul-micro-jumatatea-anului,
GH-00222,Cum se face ieșirea din regimul micro la depășirea plafonului,micro,candidat,,nu,,
GH-00223,Din ce trimestru devin plătitor de impozit pe profit după ieșirea din micro,profit,publicat,,nu,trimestru-devin-platitor-impozit-profit,
GH-00224,Regularizarea impozitului micro în anul trecerii la impozit pe profit,profit,candidat,,nu,,
GH-00225,Ce se întâmplă cu impozitul micro plătit dacă trec la profit în același an,micro,publicat,,nu,intampla-impozitul-micro-platit-trec,
GH-00226,Ieșirea din micro prin depășire: ce declar și ce plătesc la final de an,micro,candidat,,nu,,
GH-00227,Depășirea plafonului micro în ultimul trimestru: cum procedez,micro,publicat,,nu,depasirea-plafonului-micro-ultimul-trimestru,
GH-00228,Plafonul micro se verifică la 31 decembrie sau la fiecare trimestru,micro,candidat,,nu,,
GH-00229,Cum se calculează plafonul micro pentru o firmă nou înființată,infiintare,publicat,,nu,calculeaza-plafonul-micro-firma-nou,
GH-00230,Firmă nouă în 2026: cum intru în regimul micro de la înființare,infiintare,candidat,,nu,,
GH-00231,SRL nou înființat 2026: micro sau profit din prima zi,infiintare,candidat,,nu,,
GH-00232,PFA și impozitul micro: poate un PFA să fie plătitor de micro,pfa,candidat,,nu,,
GH-00233,Întreprindere individuală și impozitul micro 2026,pfa,candidat,,nu,,
GH-00234,Poate o SA să aplice impozitul micro pe venituri,micro,publicat,,nu,aplice-impozitul-micro-venituri,
GH-00235,Societate pe acțiuni și regimul micro: condiții 2026,micro,publicat,,nu,societate-actiuni-regimul-micro-conditii,
GH-00236,Micro 1% pentru firmele cu un singur salariat: condiții 2026,salarizare,candidat,,nu,,
GH-00237,Condiția salariatului pentru micro: câte contracte trebuie,salarizare,candidat,,nu,,
GH-00238,Micro fără salariat: riscul trecerii la impozit pe profit,salarizare,publicat,,nu,micro-salariat-riscul-trecerii-impozit,
GH-00239,Am rămas fără salariat în cursul anului: pierd regimul micro,salarizare,candidat,,nu,,
GH-00240,Am angajat în decembrie: mai prind micro pentru anul următor,micro,publicat,,nu,angajat-decembrie-prind-micro-anul,
GH-00241,Cum demonstrez condiția de salariat pentru micro în 2026,salarizare,publicat,,nu,demonstrez-conditia-salariat-micro-2026,
GH-00242,Micro 2026: ce se întâmplă dacă salariatul e și administrator,salarizare,candidat,,nu,,
GH-00243,Consultant cu contract de mandat și regimul micro,micro,publicat,,nu,consultant-contract-mandat-regimul-micro,
GH-00244,SRL cu activitate suspendată: mai datorez impozit micro,micro,candidat,,nu,,
GH-00245,Firmă în insolvență: mai aplică impozit micro,micro,publicat,,nu,firma-insolventa-aplica-impozit-micro,
GH-00246,Micro pentru firmele cu activitate sezonieră 2026,micro,asemanator,,nu,,micro-firmele-activitate-transport
GH-00247,Cum se declară impozitul micro trimestrial,micro,publicat,,nu,cum-se-declara-impozitul-micro-trimestrial,
GH-00248,Declarația 100 pentru impozit micro: termen de depunere 2026,micro,candidat,,nu,,
GH-00249,Termenul de plată a impozitului micro: 25 ale lunii următoare,micro,candidat,,nu,,
GH-00250,Impozit micro neplătit la termen: penalizări și dobânzi 2026,micro,candidat,,nu,,
GH-00251,D300 pentru firmă micro: cum se completează corect,tva,candidat,,nu,,
GH-00252,Decontul de TVA și impozitul micro: cum se leagă,tva,publicat,,nu,decontul-tva-impozitul-micro-leaga,
GH-00253,Micro cu TVA la încasare: cum funcționează împreună,tva,candidat,,nu,,
GH-00254,Micro și TVA trimestrial: condiții 2026,tva,publicat,,nu,micro-tva-trimestrial-conditii-2026,
GH-00255,Micro cu TVA normal: când depun decontul,tva,candidat,,nu,,
GH-00256,Firmă micro scutită de TVA: se poate,tva,publicat,,da,firma-micro-scutita-tva,
GH-00257,Micro cu cod special de TVA: ce obligații am,tva,candidat,,nu,,
GH-00258,Micro și plafonul de TVA 395.000 lei în 2026,tva,publicat,,nu,micro-plafonul-tva-395000-lei,
GH-00259,Am depășit plafonul de TVA ca micro: ce se schimbă,tva,candidat,,nu,,
GH-00260,Trecerea de la micro la profit în timpul anului: recalcularea veniturilor,micro,candidat,,nu,,
GH-00261,Micro 2026: cuantumul 1% se aplică pe venituri sau pe profit,micro,candidat,,nu,,
GH-00262,Baza de impozitare la micro: venituri minus ce,micro,publicat,,nu,baza-impozitare-micro-venituri-minus,
GH-00263,Impozit micro pe venituri din dividende: se cumulează,declaratii_speciale,asemanator,,nu,,impozit-micro-venituri-dividende-cumuleaza
GH-00264,Venituri din vânzarea de active ca micro: intră în plafon,micro,candidat,,nu,,
GH-00265,Venituri din chirii la firmă micro: cum se impozitează,micro,publicat,,nu,venituri-chirii-firma-micro-impoziteaza,
GH-00266,Micro pentru SRL cu profit zero: tot plătesc 1%,micro,candidat,,nu,,
GH-00267,Micro cu pierdere contabilă: se plătește impozit,micro,candidat,,nu,,
GH-00268,Diferența dintre micro și profit pentru o firmă mică în 2026,micro,publicat,,nu,diferenta-dintre-micro-profit-firma,
GH-00269,Când NU merită impozitul micro: simulare SRL 2026,micro,candidat,,nu,,
GH-00270,Simulare micro vs profit pentru venituri de 300.000 lei,micro,publicat,,nu,simulare-micro-vs-profit-venituri,
GH-00271,Pragul de la care micro devine nefavorabil față de profit,micro,asemanator,,nu,,pragul-16-devine-nefavorabil-1
GH-00272,Impozit micro pentru SRL din IT: condiții speciale 2026,micro,candidat,,nu,,
GH-00273,Micro pentru firme din HoReCa: se mai aplică,industrii,candidat,,nu,,
GH-00274,Micro pentru firme din construcții: facilități 2026,industrii,candidat,,nu,,
GH-00275,Firmă cu CAEN 6201 și regimul micro 2026,micro,publicat,,nu,firma-caen-6201-regimul-micro,
GH-00276,Micro pentru firmele care fac comerț: cum se calculează,micro,asemanator,,nu,,micro-firmele-comert-calculeaza-impozitul
GH-00277,Micro și sponsorizarea: cum se deduce din impozit,profit,publicat,,nu,micro-sponsorizarea-deduce-impozit,
GH-00278,Sponsorizare ca micro: se scade din impozitul de 1%,profit,publicat,,nu,sponsorizare-micro-scade-impozitul-1,
GH-00279,Micro și impozitul pe dividende 2026: ce procent plătesc,declaratii_speciale,publicat,,nu,micro-impozitul-dividende-2026-procent,
GH-00280,Dividende la firmă micro: cum se impozitează în 2026,declaratii_speciale,candidat,,nu,,
GH-00281,Micro și microîntreprindere: care e diferența de regim,micro,publicat,,nu,micro-microintreprindere-diferenta-regim,
GH-00282,Cum ies din micro benevol: procedura la ANAF,micro,candidat,,nu,,
GH-00283,Pot renunța voluntar la impozitul micro și trece la profit,micro,candidat,,nu,,
GH-00284,Schimbarea regimului din micro în profit: cum se face în SPV,spv,asemanator,,nu,,schimbarea-regimului-micro-profit-comunica
GH-00285,Cum corectez o declarație de impozit micro depusă greșit,micro,asemanator,,nu,,corectez-declaratie-oss-depusa-gresit
GH-00286,Declarație 100 rectificativă pentru micro: cum se completează,micro,candidat,,nu,,
GH-00287,Am plătit prea mult impozit micro: cum recuperez,micro,candidat,,nu,,
GH-00288,Am plătit prea puțin impozit micro: ce fac,micro,publicat,,nu,platit-prea-putin-impozit-micro,
GH-00289,Compensarea impozitului micro plătit în plus,micro,candidat,,nu,,
GH-00290,Micro: ce fac dacă ANAF mi-a schimbat regimul din oficiu,micro,candidat,,nu,,
GH-00291,Notificare ANAF pentru ieșirea din micro: cum răspund,micro,candidat,,nu,,
GH-00292,Contestație la decizia ANAF de trecere la impozit pe profit,profit,publicat,,nu,contestatie-decizia-anaf-trecere-impozit,
GH-00293,Micro și controlul ANAF: ce verifică inspectorii,micro,asemanator,,nu,,controlul-micro-verifica-anaf
GH-00294,Puncte de vedere ANAF despre plafonul micro 2026,micro,publicat,,nu,puncte-vedere-anaf-plafonul-micro,
GH-00295,Micro 2026: noutăți legislative față de 2025,micro,publicat,,nu,micro-2026-noutati-legislative-2025,
GH-00296,Ce modificări aduce Codul fiscal la micro în 2026,micro,publicat,,nu,modificari-aduce-codul-fiscal-micro,
GH-00297,Impozit micro: prevederile valabile din 1 ianuarie 2026,micro,candidat,,nu,,
GH-00298,Micro după OUG din 2026: ce s-a schimbat,micro,publicat,,nu,micro-oug-2026-s-schimbat,
GH-00299,Plafonul micro în euro sau lei: ce e obligatoriu 2026,micro,candidat,,nu,,
GH-00300,Conversia plafonului 100.000 euro în lei la 31 decembrie,altele,candidat,,nu,,
GH-00301,Cum calculez veniturile micro la firmele cu activitate externă,micro,candidat,,nu,,
GH-00302,Venituri din export ca micro: intră în plafon,micro,candidat,,nu,,
GH-00303,Micro pentru firme cu venituri din subvenții 2026,micro,candidat,,nu,,
GH-00304,Micro și veniturile din dobânzi: cum se tratează,micro,publicat,,nu,micro-veniturile-dobanzi-trateaza,
GH-00305,Venituri din vânzarea mărfurilor vs servicii la micro,micro,candidat,,nu,,
GH-00306,Micro cu activitate de producție: se aplică 1%,micro,candidat,,nu,,
GH-00307,Cum îmi dau seama de la ce venituri ies din micro,micro,publicat,,nu,imi-dau-seama-venituri-ies,
GH-00308,Planificare fiscală micro spre final de an 2026,micro,candidat,,nu,,
GH-00309,Pot amâna facturi de client ca să rămân sub plafonul micro,micro,publicat,,nu,amana-facturi-client-raman-sub,
GH-00310,Eșalonarea încasărilor ca să nu depășesc plafonul micro,micro,publicat,,nu,esalonarea-incasarilor-depasesc-plafonul-micro,
GH-00311,Riscul reevaluării micro la controale de fond,micro,publicat,,nu,riscul-reevaluarii-micro-controale-fond,
GH-00312,ANA F aduce amenda dacă nu declar ieșirea din micro la timp,micro,candidat,,nu,,
GH-00313,Sancțiuni pentru depășirea plafonului micro nedeclarată,micro,publicat,,nu,sanctiuni-depasirea-plafonului-micro-nedeclarata,
GH-00314,Cum să evit pierderea regimului micro prin planificare,micro,candidat,,nu,,
GH-00315,Firmă cu doi asociați și regimul micro 2026,infiintare,asemanator,,nu,,firma-doi-asociati-regimul-micro
GH-00316,Micro pentru firmele cu mai multe puncte de lucru,micro,publicat,,nu,micro-firmele-multe-puncte-lucru,
GH-00317,Micro și activitatea prin sucursale în 2026,micro,candidat,,nu,,
GH-00318,SRL străin în România și impozitul micro,micro,candidat,,nu,,
GH-00319,Firmă nerezidentă cu sediu permanent: micro sau profit,micro,publicat,,nu,firma-nerezidenta-sediu-permanent-micro,
GH-00320,Micro pentru firmele start-up 2026,micro,candidat,,nu,,
GH-00321,Micro după prima notificare de la ONRC,infiintare,candidat,,nu,,
GH-00322,Impozit micro în primul an de activitate: reguli speciale,micro,candidat,,nu,,
GH-00323,Prima declarație de impozit micro: cum o fac din 2026,micro,candidat,,nu,,
GH-00324,Termenul de înregistrare ca plătitor de micro la înființare,infiintare,candidat,,nu,,
GH-00325,Cum completez D010 pentru opțiunea micro,micro,candidat,,nu,,
GH-00326,Opțiunea pentru micro la înregistrarea firmei,micro,publicat,,nu,optiunea-micro-inregistrarea-firmei,
GH-00327,Când trebuie depusă opțiunea pentru micro 2026,micro,publicat,,nu,depusa-optiunea-micro-2026,
GH-00328,Micro 2026: opțiunea se face anual sau o singură dată,micro,candidat,,nu,,
GH-00329,Fixarea regimului micro pentru anul 2026 la firme existente,micro,candidat,,nu,,
GH-00330,Pot alege micro în 2026 dacă anul trecut am fost pe profit,micro,publicat,,nu,alege-micro-2026-anul-trecut,
GH-00331,Revenirea la micro după ce am fost pe profit: condiții,micro,candidat,,nu,,
GH-00332,Micro pentru societățile care au fost în inactivitate,micro,candidat,,nu,,
GH-00333,Reactivarea firmei și regimul micro 2026,micro,candidat,,nu,,
GH-00334,Micro și plafonul la firmele care facturează într-un singur trimestru,micro,candidat,,nu,,
GH-00335,Plafonul micro la firmele cu venituri lunare fluctuante,micro,publicat,,nu,plafonul-micro-firmele-venituri-lunare,
GH-00336,Cum se calculează veniturile pentru micro la firmele cu avansuri,micro,publicat,,nu,calculeaza-veniturile-micro-firmele-avansuri,
GH-00337,Avansurile încasate intră în plafonul micro,micro,publicat,,nu,avansurile-incasate-intra-plafonul-micro,
GH-00338,"Micro cu facturi emise în decembrie, încasate în ianuarie",micro,publicat,,nu,micro-facturi-emise-decembrie-incasate,
GH-00339,Principiul încasării vs angajamentului la plafonul micro,micro,candidat,,nu,,
GH-00340,Cum influențează stornările calculul plafonului micro,micro,candidat,,nu,,
GH-00341,Facturile anulate ca micro: intră în plafon,micro,candidat,,nu,,
GH-00342,Micro pentru firmele cu contracte pe termen lung,micro,publicat,,nu,micro-firmele-contracte-termen-lung,
GH-00343,Venituri recunoscute pe etape la firmă micro,micro,candidat,,nu,,
GH-00344,Micro la firmele care lucrează cu client final persoană fizică,micro,candidat,,nu,,
GH-00345,Microul și bonurile fiscale: cum se cumulează veniturile,altele,candidat,,nu,,
GH-00346,Micro pentru baruri și restaurante: plafon și TVA,tva,publicat,,nu,micro-baruri-restaurante-plafon-tva,
GH-00347,Micro pentru firmă care plătește redevențe,micro,publicat,,nu,micro-firma-plateste-redevente,
GH-00348,Impozit micro la firmele cu patent fiscal,micro,candidat,,nu,,
GH-00349,Ce se întâmplă cu impozitul micro la cesiunea firmei,micro,publicat,,nu,intampla-impozitul-micro-cesiunea-firmei,
GH-00350,Micro la fuziunea a două SRL-uri în 2026,micro,publicat,,nu,micro-fuziunea-doua-srl-uri,
GH-00351,Divizarea firmei și păstrarea regimului micro,micro,publicat,,nu,divizarea-firmei-pastrarea-regimului-micro,
GH-00352,Micro după schimbarea asociaților în 2026,infiintare,publicat,,nu,micro-schimbarea-asociatilor-2026,
GH-00353,Transferul părților sociale și regimul micro,micro,candidat,,nu,,
GH-00354,Micro pentru SRL cu asociați nerezidenți,infiintare,asemanator,,nu,,micro-srl-asociati-nerezidenti-stiti
GH-00355,Condiția de independență la firmă micro 2026,micro,candidat,,nu,,
GH-00356,Micro la firmele legate între ele: limita plafonului,micro,candidat,,nu,,
GH-00357,Plafonul micro la grupele de firme afiliate,micro,candidat,,nu,,
GH-00358,Cum se calculează veniturile pentru micro la firmele din grup,micro,asemanator,,nu,,calculeaza-veniturile-micro-firmele-avansuri
GH-00359,Micro pentru firmele sub 25% deținute de stat,micro,candidat,,nu,,
GH-00360,Micro și firmele cu capital de risc,micro,publicat,,nu,micro-firmele-capital-risc,
GH-00361,Regimul micro pentru incubatoarele de afaceri,micro,publicat,,nu,regimul-micro-incubatoarele-afaceri,
GH-00362,Micro pentru ONG-uri și asociații: se poate,infiintare,publicat,,nu,micro-ong-uri-asociatii,
GH-00363,Fundație cu activitate economică și impozitul micro,micro,candidat,,nu,,
GH-00364,Micro pentru cooperativele meșteșugărești,micro,candidat,,nu,,
GH-00365,Micro la cabinetele medicale organizate ca SRL,micro,candidat,,nu,,
GH-00366,Micro pentru birourile notariale organizate ca societate,micro,candidat,,nu,,
GH-00367,Micro pentru firmele de avocatură organizate ca SRL,micro,candidat,,nu,,
GH-00368,Micro pentru contabili organizați ca firmă,micro,publicat,,nu,micro-contabili-organizati-firma,
GH-00369,Impozit micro la firmele care fac consultantă,micro,candidat,,da,,
GH-00370,Micro pentru firmele care prestează servicii de curățenie,micro,candidat,,nu,,
GH-00371,Micro pentru firmele cu activitate de transport,micro,publicat,,nu,micro-firmele-activitate-transport,
GH-00372,Micro la firmele de construcții cu lucrări în străinătate,industrii,publicat,,nu,micro-firmele-constructii-lucrari-strainatate,
GH-00373,Micro pentru agențiile de turism 2026,micro,publicat,,nu,micro-agentiile-turism-2026,
GH-00374,Micro pentru firmele de e-commerce,micro,candidat,,nu,,
GH-00375,Micro pentru firmele care vând pe platforme online,micro,publicat,,nu,micro-firmele-vand-platforme-online,
GH-00376,Micro la firmele cu venituri din publicitate online,micro,candidat,,nu,,
GH-00377,Micro pentru firmele care închiriază echipamente,micro,publicat,,nu,micro-firmele-inchiriaza-echipamente,
GH-00378,Micro pentru societățile de închirieri imobiliare,micro,publicat,,nu,micro-societatile-inchirieri-imobiliare,
GH-00379,Plafonul micro la firmele cu venituri exclusiv din chirii,micro,candidat,,nu,,
GH-00380,Micro pentru firmele de factoring,micro,candidat,,nu,,
GH-00381,Micro pentru IFN și regimul de impozitare,micro,candidat,,nu,,
GH-00382,Micro la firmele cu activitate de leasing,micro,publicat,,nu,micro-firmele-activitate-leasing,
GH-00383,Micro pentru firmele care obțin venituri din jocuri de noroc,micro,candidat,,nu,,
GH-00384,Micro la firmele cu activitate agricolă 2026,micro,asemanator,,nu,,micro-firmele-activitate-leasing
GH-00385,Micro pentru exploatațiile agricole organizate ca SRL,micro,candidat,,nu,,
GH-00386,Micro la firmele cu venituri din silvicultură,micro,candidat,,nu,,
GH-00387,Cum se calculează micro la firmele cu venituri mixte,micro,candidat,,nu,,
GH-00388,Micro pentru firmele care primesc subvenții APIA,micro,candidat,,nu,,
GH-00389,Venituri PNRR la firmă micro: tratament fiscal,micro,publicat,,nu,venituri-pnrr-firma-micro-tratament,
GH-00390,Micro la firmele care aplică scutirea pe cercetare,micro,publicat,,nu,micro-firmele-aplica-scutirea-cercetare,
GH-00391,Micro și brevetul de invenție: ce se aplică,micro,candidat,,nu,,
GH-00392,Scutiri și facilități pentru micro în 2026,micro,publicat,,nu,scutiri-facilitati-micro-2026,
GH-00393,Micro pentru firmele care investesc în utilaje: se aplică 1%,micro,publicat,,nu,micro-firmele-investesc-utilaje-aplica,
GH-00394,Impozit micro și amortizarea: se deduce,mijloace_fixe,candidat,,nu,,
GH-00395,Cheltuielile nedeductibile la firmă micro,micro,candidat,,nu,,
GH-00396,Cum se ține contabilitatea pentru o firmă micro,micro,publicat,,nu,contabilitatea-firma-micro,
GH-00397,Balanta și impozitul micro: cum îl calculez,micro,publicat,,da,balanta-impozitul-micro-calculez,
GH-00398,Cum închid anul fiscal o firmă micro,micro,asemanator,,nu,,inchid-anul-fiscal-firma-micro
GH-00399,Chitanța de plată a impozitului micro: cum arată,micro,publicat,,nu,chitanta-plata-impozitului-micro-arata,
GH-00400,Ordinul de plată pentru impozitul micro: cum îl fac,micro,candidat,,nu,,
GH-00401,Plata impozitului micro prin trezorerie în 2026,micro,publicat,,nu,plata-impozitului-micro-trezorerie-2026,
GH-00402,Codul bugetar pentru impozitul micro: cum îl caut,micro,candidat,,nu,,
GH-00403,Cum recunosc în contabilitate impozitul micro trimestrial,micro,publicat,,nu,cum-recunosc-in-contabilitate-impozitul-micro-trimestrial,
GH-00404,Înregistrarea contabilă a impozitului micro: monografia,micro,candidat,,nu,,
GH-00405,Diferente de curs în calculul plafonului micro,micro,publicat,,da,diferente-curs-calculul-plafonului-micro,
GH-00406,Cum verific dacă am depășit plafonul micro în timp real,micro,candidat,,nu,,
GH-00407,Alertă de plafon micro: cum îl monitorizez,micro,candidat,,nu,,
GH-00408,Raport de plafon micro: cum îl fac lunar,micro,asemanator,,nu,,raport-plafon-micro-lunar
GH-00409,Cum să nu ratez ieșirea din micro la depășirea plafonului,micro,publicat,,nu,ratez-iesirea-micro-depasirea-plafonului,
GH-00410,Eroare frecventă: plafonul micro calculat pe venituri contabile,micro,publicat,,nu,eroare-frecventa-plafonul-micro-calculat,
GH-00411,Confuzie frecventă între plafonul micro și plafonul de TVA,tva,candidat,,nu,,
GH-00412,Micro și impozitul minim pe cifra de afaceri: se confundă,micro,publicat,,nu,micro-impozitul-minim-cifra-afaceri,
GH-00413,Micro vs impozit forfetar: care se aplică în 2026,micro,publicat,,nu,micro-vs-impozit-forfetar-aplica,
GH-00414,Nu confunda impozitul micro cu impozitul de 3% pe venituri,micro,publicat,,nu,confunda-impozitul-micro-impozitul-3,
GH-00415,Cine plătește 3% pe venituri în 2026 vs micro 1%,micro,publicat,,nu,plateste-3-venituri-2026-vs,
GH-00416,Impozit micro pentru organizarea de evenimente,micro,publicat,,nu,impozit-micro-organizarea-evenimente,
GH-00417,Micro la firmele care fac sponsorizare de imagine,profit,publicat,,nu,micro-firmele-sponsorizare-imagine,
GH-00418,Cum se tratează discounturile comerciale la plafonul micro,micro,publicat,,nu,trateaza-discounturile-comerciale-plafonul-micro,
GH-00419,Micro la firmele cu vânzări prin consignație,micro,asemanator,,nu,,impozit-profit-firmele-vanzari-consignatie
GH-00420,Venituri din comision ca micro: cum se calculează,micro,publicat,,nu,venituri-comision-micro-calculeaza,
GH-00421,Micro pentru agenții de publicitate 2026,micro,publicat,,nu,micro-agentii-publicitate-2026,
GH-00422,Cum raportez ieșirea din micro la finalul anului,micro,publicat,,nu,raportez-iesirea-micro-finalul-anului,
GH-00423,Ce documente pregătesc pentru ieșirea din regimul micro,micro,candidat,,nu,,
GH-00424,Notă de fundamentare pentru trecerea de la micro la profit,micro,publicat,,nu,nota-fundamentare-trecerea-micro-profit,
GH-00425,Consultare cu contabilul: micro sau profit în 2026,micro,publicat,,nu,consultare-contabilul-micro-profit-2026,
GH-00426,Cea mai bună metodă de a ieși din micro la timp,micro,candidat,,nu,,
GH-00427,Cum anunț clienții de schimbarea regimului fiscal,altele,candidat,,nu,,
GH-00428,Implicații bancare la ieșirea din micro,micro,candidat,,nu,,
GH-00429,Micro și scorul de credit al firmei: se schimbă ceva,micro,publicat,,nu,micro-scorul-credit-firmei-schimba,
GH-00430,Ieșirea din micro afectează accesul la finanțare,micro,candidat,,nu,,
GH-00431,Micro pentru firmele care cotizează la fondul de șomaj,micro,candidat,,nu,,
GH-00432,Micro și CAS-ul administratorului: obligații 2026,infiintare,publicat,,nu,micro-cas-ul-administratorului-obligatii,
GH-00433,Micro cu salariați part-time: condiția de salariat,salarizare,publicat,,nu,micro-salariati-part-time-conditia,
GH-00434,Cum număr contractele de muncă pentru micro în 2026,micro,publicat,,nu,numar-contractele-munca-micro-2026,
GH-00435,Micro la firmele cu salariați în șomaj tehnic,salarizare,publicat,,nu,micro-firmele-salariati-somaj-tehnic,
GH-00436,Cum afectează concediul medical condiția micro,salarizare,candidat,,nu,,
GH-00437,Micro cu un salariat cu normă întreagă: de ajuns,salarizare,publicat,,nu,micro-salariat-norma-intreaga-ajuns,
GH-00438,Standard de salariu minim pentru micro în 2026,salarizare,candidat,,nu,,
GH-00439,Micro și plafonul de venituri la firmele nou angajate,micro,candidat,,nu,,
GH-00440,Cum se tratează luna de concediu în condiția de salariat micro,salarizare,publicat,,nu,trateaza-luna-concediu-conditia-salariat,
GH-00441,Micro la firmele care externalizează salarizarea,salarizare,publicat,,nu,micro-firmele-externalizeaza-salarizarea,
GH-00442,Cum verific în SPV că ANAF mă consideră micro,spv,publicat,,nu,verific-spv-anaf-ma-considera,
GH-00443,Vizualizarea situației micro în SPV 2026,spv,candidat,,nu,,
GH-00444,Interogare ANAF: apar ca plătitor de micro,micro,publicat,,nu,interogare-anaf-apar-platitor-micro,
GH-00445,Registrul plătitorilor micro: verificare 2026,micro,candidat,,nu,,
GH-00446,Cum contest o încadrare greșită ca neplătitor de micro,micro,publicat,,nu,contest-incadrare-gresita-neplatitor-micro,
GH-00447,Divergență între evidența mea și ANAF la micro,micro,candidat,,nu,,
GH-00448,Cum obțin confirmarea regimului micro de la ANAF,micro,candidat,,nu,,
GH-00449,Impozit pe profit 16% în 2026: cine îl datorează obligatoriu,profit,candidat,,nu,,
GH-00450,Cum trec de la impozit micro la impozit pe profit în 2026,profit,publicat,,nu,trec-impozit-micro-impozit-profit,
GH-00451,Din ce moment devin plătitor de impozit pe profit după ieșirea din micro,profit,asemanator,,nu,,trimestru-devin-platitor-impozit-profit
GH-00452,SRL pe profit 2026: cum calculez impozitul de 16%,altele,publicat,,da,srl-profit-2026-calculez-impozitul,
GH-00453,Baza de impozitare a impozitului pe profit: profit contabil sau fiscal,profit,candidat,,nu,,
GH-00454,Cum se determină rezultatul fiscal la sfârșit de an 2026,altele,asemanator,,nu,,calculeaza-rezultatul-fiscal-final-an
GH-00455,D101 pe profit 2026: termenul de depunere și de plată,profit,candidat,,nu,,
GH-00456,Cum completez declarația 101 pentru impozitul pe profit,profit,publicat,,nu,completez-declaratia-101-impozitul-profit,
GH-00457,D101 rectificativă: cum corectez impozitul pe profit declarat greșit,profit,candidat,,nu,,
GH-00458,Termenul de plată a impozitului pe profit în 2026,profit,candidat,,da,,
GH-00459,Impozit pe profit neplătit la termen: dobânzi și penalități 2026,profit,candidat,,nu,,
GH-00460,Plata impozitului pe profit în rate: e posibil la ANAF,profit,publicat,,nu,plata-impozitului-profit-rate-posibil,
GH-00461,Cum se face plata impozitului pe profit la bugetul de stat,profit,publicat,,nu,cum-se-face-plata-impozitului-pe-profit-la-bugetul-de-stat,
GH-00462,Codul bugetar pentru impozitul pe profit: cum îl găsesc,profit,publicat,,nu,codul-bugetar-impozitul-profit-gasesc,
GH-00463,Sistemul de declarare trimestrială a impozitului pe profit: condiții 2026,profit,candidat,,nu,,
GH-00464,Declarația 100 pentru impozitul pe profit trimestrial: cum se depune,profit,candidat,,da,,
GH-00465,Cum se face regularizarea impozitului pe profit la finalul anului,profit,candidat,,nu,,
GH-00466,Impozit pe profit anticipat: cum se calculează plățile anticipate,profit,publicat,,nu,platile-anticipate-impozit-pe-profit,
GH-00467,Cum optez pentru impozit pe profit anual vs trimestrial,profit,candidat,,nu,,
GH-00468,Revenirea la plățile anticipate trimestriale de impozit pe profit,profit,publicat,,nu,revenirea-platile-anticipate-trimestriale-impozit,
GH-00469,Cheltuieli deductibile 2026: lista completă pentru firme pe profit,altele,publicat,,nu,cheltuieli-deductibile-2026-lista-completa,
GH-00470,Cheltuieli nedeductibile 2026: ce nu se scade din impozitul pe profit,profit,publicat,,nu,cheltuieli-nedeductibile-2026-scade-impozitul,
GH-00471,Cheltuieli cu deductibilitate limitată: plafoane 2026,altele,candidat,,nu,,
GH-00472,Cheltuieli cu protocol: cât e deductibil la impozitul pe profit 2026,profit,candidat,,nu,,
GH-00473,Cheltuieli cu sponsorizarea: cum se deduce din impozitul pe profit,profit,publicat,,nu,cheltuieli-sponsorizarea-deduce-impozitul-profit,
GH-00474,Cum se calculează plafonul de sponsorizare 2026 pentru profit,profit,publicat,,nu,calculeaza-plafonul-sponsorizare-2026-profit,
GH-00475,Cheltuieli cu autoturismele: deductibilitate limitată 2026,altele,candidat,,nu,,
GH-00476,Amortizarea autoturismului: cum se deduce la impozitul pe profit,profit,candidat,,nu,,
GH-00477,Cheltuieli cu combustibilul pentru mașină de firmă: deductibile sau nu,altele,candidat,,nu,,
GH-00478,Cheltuieli cu diurna: cât e deductibilă în 2026,salarizare,candidat,,nu,,
GH-00479,Cheltuieli cu chiria plătită unei persoane fizice: obligații fiscale,altele,publicat,,nu,cheltuieli-chiria-platita-persoane-fizice,
GH-00480,Impozitul pe venitul din chirii plătit de firmă: cum se reține,altele,candidat,,nu,,
GH-00481,Cheltuieli cu mărfuri lipsă la inventar: deductibile sau nu,altele,candidat,,nu,,
GH-00482,Cum tratez cheltuielile cu amenzile la impozitul pe profit,profit,asemanator,,nu,,tratez-impozitul-profit-cheltuielile-tva
GH-00483,Cheltuieli cu penalitățile de întârziere: nedeductibile la profit,altele,candidat,,nu,,
GH-00484,Dobânzile la credite: deductibile la impozitul pe profit,profit,candidat,,nu,,
GH-00485,Limitarea deductibilității dobânzilor: reguli 2026,altele,publicat,,nu,limitarea-deductibilitatii-dobanzilor-reguli-2026,
GH-00486,Diferențe de curs valutar: tratament fiscal la impozitul pe profit,profit,asemanator,,nu,,diferente-curs-valutar-impozit-profit
GH-00487,Cheltuieli cu provizioanele: deductibile în 2026,altele,candidat,,nu,,
GH-00488,Ajustări pentru depreciere: regim fiscal la firmă pe profit,altele,candidat,,nu,,
GH-00489,Cheltuieli cu activele în construcție: deducerea la impozit,industrii,publicat,,nu,cheltuieli-activele-constructie-deducerea-impozit,
GH-00490,Cheltuieli cu reparațiile capitale vs întreținere: tratament fiscal,altele,candidat,,nu,,
GH-00491,Cum tratez cheltuielile cu TVA nedeductibil,tva,candidat,,nu,,
GH-00492,Cheltuieli cu cadourile de protocol ca client: deductibilitate 2026,profit,candidat,,nu,,
GH-00493,Cheltuieli cu formarea profesională a angajaților: deductibile,altele,candidat,,nu,,
GH-00494,Cheltuieli cu salariile și contribuțiile: deductibilitate integrală,salarizare,candidat,,nu,,
GH-00495,Cum se deduc tichetele de masă la impozitul pe profit,profit,publicat,,nu,cum-se-deduc-tichetele-de-masa-la-impozitul-pe-profit,
GH-00496,Cheltuieli cu abonamentele sportive: deductibilitate 2026,altele,candidat,,nu,,
GH-00497,Cheltuieli cu asigurările de sănătate private: deductibile,altele,publicat,,nu,cheltuieli-asigurarile-sanatate-private-deductibile,
GH-00498,Amortizare 2026: ce este amortizarea fiscală a mijloacelor fixe,mijloace_fixe,candidat,,nu,,
GH-00499,"Cum se calculează amortizarea fiscală liniară, degresivă și accelerată",mijloace_fixe,publicat,,nu,calculeaza-amortizarea-fiscala-liniara-degresiva,
GH-00500,Catalogul mijloacelor fixe: durate normale de amortizare 2026,mijloace_fixe,candidat,,nu,,
GH-00501,Amortizarea clădirilor: regim fiscal și durată,mijloace_fixe,candidat,,da,,
GH-00502,Amortizarea echipamentelor de calcul: durată și deducere,mijloace_fixe,candidat,,nu,,
GH-00503,Amortizarea mașinilor și utilajelor: cum o deduc la profit,mijloace_fixe,candidat,,nu,,
GH-00504,Amortizarea contabilă vs fiscală: diferențe și impozit amânat,mijloace_fixe,candidat,,nu,,
GH-00505,Amortizarea unei construcții pe teren: cum tratez terenul,mijloace_fixe,candidat,,nu,,
GH-00506,Când începe amortizarea: la punerea în funcțiune sau la achiziție,mijloace_fixe,candidat,,nu,,
GH-00507,Amortizarea activelor cumpărate în leasing: cum se face,mijloace_fixe,publicat,,nu,amortizarea-activelor-cumparate-leasing,
GH-00508,Amortizarea imobilizărilor achiziționate prin leasing financiar,mijloace_fixe,publicat,,nu,amortizarea-imobilizarilor-achizitionate-leasing-financiar,
GH-00509,Metoda de amortizare în leasing operațional: impozitul pe profit,profit,publicat,,nu,metoda-amortizare-leasing-operational-impozitul,
GH-00510,Cum deduc cheltuiala cu amortizarea la firma pe profit,mijloace_fixe,candidat,,nu,,
GH-00511,Amortizarea accelerată: condiții și deducere fiscală,mijloace_fixe,publicat,,nu,amortizare-accelerata-conditii-deducere-fiscala,
GH-00512,Amortizarea imobilizărilor corporale în regim de cofinanțare,mijloace_fixe,candidat,,nu,,
GH-00513,Tratamentul fiscal al reparațiilor la mijloacele fixe amortizabile,mijloace_fixe,asemanator,,nu,,tratamentul-fiscal-reparatiilor-mijloacele-fixe
GH-00514,Modernizarea mijloacelor fixe: când se capitalizează,altele,candidat,,nu,,
GH-00515,Activele de mică valoare: deducere 100% sau amortizare,mijloace_fixe,publicat,,nu,activele-mica-valoare-deducere-100,
GH-00516,Amortizarea activelor de mică valoare și valoare mică: plafon,mijloace_fixe,publicat,,nu,amortizarea-activelor-mica-valoare-valoare,
GH-00517,Cum se scot din evidență bunurile amortizate complet,mijloace_fixe,publicat,,nu,scot-evidenta-bunurile-amortizate-complet,
GH-00518,Amortizarea bunurilor achiziționate din fonduri nerambursabile,mijloace_fixe,publicat,,nu,amortizarea-bunurilor-achizitionate-fonduri-nerambursabile,
GH-00519,Regimul fiscal al investițiilor în active noi vs second-hand,altele,publicat,,nu,regimul-fiscal-investitiilor-active-noi,
GH-00520,Simulare impozit micro vs impozit pe profit pentru 2026,profit,publicat,,nu,simulare-impozit-micro-vs-impozit,
GH-00521,Cum calculez dacă merită să trec de la micro la profit,micro,candidat,,nu,,
GH-00522,Impozit pe profit la firmele care ies din micro în cursul anului,profit,publicat,,nu,impozit-profit-firmele-ies-micro,
GH-00523,Cum se calculează impozitul pe profit pentru semestrul de micro,profit,publicat,,nu,calculeaza-impozitul-profit-semestrul-micro,
GH-00524,Regularizarea D101 după ieșirea din micro în același an,profit,publicat,,nu,regularizarea-d101-iesirea-micro-acelasi,
GH-00525,Impozit pe profit pentru firma nou înființată 2026,profit,publicat,,nu,impozit-profit-firma-nou-infiintata,
GH-00526,SRL nou înființat: cum declar impozitul pe profit din primul an,profit,candidat,,nu,,
GH-00527,Prima declaratie 101 depusă pentru firma nouă: cum procedez,altele,publicat,,da,prima-declaratie-101-depusa-firma,
GH-00528,Impozit pe profit anual pentru firmele mici 2026,profit,publicat,,nu,impozit-profit-anual-firmele-mici,
GH-00529,Firmele care pot ține contabilitatea simplificată și impozitul pe profit,profit,candidat,,nu,,
GH-00530,Impozit pe profit la PFA organizat ca activitate independentă,pfa,publicat,,nu,impozit-profit-pfa-organizat-activitate,
GH-00531,Cum se impozitează veniturile PFA față de SRL pe profit,pfa,candidat,,nu,,
GH-00532,Întreprindere individuală vs SRL din perspectiva impozitului,pfa,candidat,,nu,,
GH-00533,SA și impozitul pe profit: particularități de declarare,profit,publicat,,nu,impozitul-profit-particularitati-declarare,
GH-00534,Impozit pe profit la cooperativa agricolă 2026,profit,candidat,,nu,,
GH-00535,Regimul impozitului pe profit pentru ONG-uri cu activitate economică,profit,publicat,,nu,regimul-impozitului-profit-ong-uri,
GH-00536,Impozit pe profit la firmele cu activitate sezonieră,profit,publicat,,nu,impozit-profit-firmele-activitate-sezoniera,
GH-00537,Cum se calculează impozitul pe profit la firmele cu pierdere,profit,publicat,,nu,calculeaza-impozitul-profit-firmele-pierdere,
GH-00538,Reportarea pierderii fiscale: reguli de deducere 2026,profit,candidat,,nu,,
GH-00539,Limita de recuperare a pierderii fiscale din anii precedenți,profit,publicat,,nu,limita-recuperare-pierderii-fiscale-anii,
GH-00540,Cum se compensează pierderile din fuziune cu profiturile,altele,publicat,,nu,compenseaza-pierderile-fuziune-profiturile,
GH-00541,Profitul din vânzarea de active: cum se impozitează,altele,publicat,,nu,profitul-vanzarea-active-impoziteaza,
GH-00542,Impozitul pe profit din câștigurile de capital: cum se calculează,profit,publicat,,nu,impozitul-pe-profit-din-castigurile-de-capital,
GH-00543,Veniturile din dividende primesc de la altă firmă română: deductibile,declaratii_speciale,asemanator,,nu,,veniturile-dividende-primite-alta-firma
GH-00544,Tratamentul fiscal al dividendelor intra-grup la impozitul pe profit,declaratii_speciale,publicat,,nu,tratamentul-fiscal-dividendelor-intra-grup,
GH-00545,Cum se impozitează încasările din chirii la o firmă pe profit,altele,asemanator,,nu,,veniturile-chirii-firma-profit-impoziteaza-2
GH-00546,Venituri din subvenții la firma pe profit: impozabile sau nu,altele,asemanator,,nu,,venituri-subventii-impozitul-profit-impozabile
GH-00547,Venituri din despăgubiri de asigurare: tratament fiscal profit,altele,asemanator,,nu,,venituri-despagubiri-asigurare-tratament-fiscal
GH-00548,Impozitul pe profit la firmele care primesc fonduri europene,profit,asemanator,,nu,,impozitul-profit-firmele-primesc-aporturi
GH-00549,Venituri din provizioane reluate: se impozitează,altele,candidat,,nu,,
GH-00550,Cum afectează cursul valutar rezultatul fiscal la impozitul pe profit,profit,publicat,,nu,afecteaza-cursul-valutar-rezultatul-fiscal,
GH-00551,Diferențe temporare și impozitul amânat: cum înregistrez,greseli,candidat,,nu,,
GH-00552,Tratamentul fiscal al tranzacțiilor cu părți afiliate,altele,candidat,,nu,,
GH-00553,Prețurile de transfer și impozitul pe profit: obligații 2026,profit,candidat,,nu,,
GH-00554,Dosarul prețurilor de transfer: cine este obligat să îl pregătească,altele,candidat,,nu,,
GH-00555,Cum se ajustează profitul în tranzacțiile cu nerezidenți,altele,candidat,,nu,,
GH-00556,Impozitul pe profit la firmele care fac export: se aplică,profit,publicat,,nu,impozitul-profit-firmele-export-aplica,
GH-00557,Regimul impozitului pe profit pentru veniturile din prestări externe,profit,candidat,,nu,,
GH-00558,Scutirea pentru profitul reinvestit în 2026: cum se aplică,altele,candidat,,nu,,
GH-00559,Bonificația pentru ea profit reinvestit: condiții de aplicare,profit,candidat,,da,,
GH-00560,Facilitatea fiscală pentru investiții: cum se calculează,altele,asemanator,,nu,,calculeaza-bonificatia-investitii
GH-00561,Impozit pe profit redus pentru start-up: se aplică în 2026,profit,publicat,,nu,impozit-profit-redus-start-up,
GH-00562,Micro vs profit după atingerea condiției de salariat,salarizare,publicat,,nu,micro-vs-profit-atingerea-conditiei,
GH-00563,Ieșirea din profit la revenirea micro: condiții,micro,candidat,,nu,,
GH-00564,Cum monitorizez profitul impozabil lunar 2026,altele,candidat,,nu,,
GH-00565,Balanta de verificare și impozitul pe profit: cum îl pregătesc,profit,publicat,,nu,balanta-verificare-impozitul-profit-pregatesc,
GH-00566,Cum determin impozitul pe profit din registrul de evidență fiscală,profit,asemanator,,nu,,construiesc-registrul-evidenta-fiscala-impozitul
GH-00567,Înregistrarea contabilă a impozitului pe profit: monografia,profit,candidat,,nu,,
GH-00568,Contul 691 și impozitul pe profit: cum funcționează,profit,publicat,,nu,contul-691-impozitul-profit-functioneaza,
GH-00569,Închiderea anului fiscal la firma pe profit: pași 2026,altele,candidat,,nu,,
GH-00570,Inventarierea și impactul asupra impozitului pe profit,profit,candidat,,nu,,
GH-00571,Cum pregătesc balanța pentru D101,profit,publicat,,nu,pregatesc-balanta-d101,
GH-00572,Diferențe între rezultatul contabil și cel fiscal: cum le reconciliez,greseli,publicat,,nu,diferente-rezultatul-contabil-fiscal-reconciliez,
GH-00573,Raportul dintre D101 și balanța de verificare,profit,publicat,,nu,raportul-dintre-d101-balanta-verificare,
GH-00574,D101 precompletată: cum o verific 2026,profit,publicat,,nu,d101-precompletata-verific-2026,
GH-00575,Cum verific corectitudinea impozitului pe profit declarat,profit,candidat,,nu,,
GH-00576,Corectarea erorilor la impozitul pe profit din anii anteriori,profit,publicat,,nu,corectarea-erorilor-impozitul-profit-anii,
GH-00577,Prescripția impozitului pe profit: cât timp mă poate verifica ANAF,profit,publicat,,nu,prescriptia-impozitului-profit-timp-ma,
GH-00578,Impozitul pe profit și controlul fiscal: ce urmărește inspectorul,profit,publicat,,nu,impozitul-profit-controlul-fiscal-urmareste,
GH-00579,Puncte de vedere ANAF despre cheltuielile nedeductibile 2026,altele,asemanator,,nu,,puncte-vedere-anaf-salarizare-2026
GH-00580,Notificare ANAF pentru diferențe la impozitul pe profit: cum răspund,profit,candidat,,nu,,
GH-00581,Contestație împotriva deciziei de impunere pentru impozitul pe profit,profit,candidat,,nu,,
GH-00582,Am platit impozit pe profit în plus: cum îl recuperez,profit,publicat,,da,platit-impozit-profit-plus-recuperez (+1 dubluri),
GH-00583,Compensarea impozitului pe profit cu TVA de recuperat,profit,candidat,,nu,,
GH-00584,Cum obțin restituirea impozitului pe profit plătit în plus,profit,candidat,,nu,,
GH-00585,Decontul de TVA și impozitul pe profit: ce legătură e,profit,candidat,,nu,,
GH-00586,Firmă pe profit cu TVA la încasare: cum declar,tva,publicat,,nu,firma-profit-tva-incasare-declar,
GH-00587,TVA trimestrial și impozit pe profit: obligații în 2026,profit,publicat,,nu,tva-trimestrial-impozit-profit-obligatii,
GH-00588,Firmă pe profit scutită de TVA: cum declar impozitul,tva,publicat,,nu,firma-profit-scutita-tva-declar,
GH-00589,Depășirea plafonului de TVA la firma pe profit: ce se schimbă,tva,candidat,,nu,,
GH-00590,Impozit pe profit la firmele care aplică TVA normal,profit,publicat,,nu,impozit-profit-firmele-aplica-tva,
GH-00591,Micro la profit: cum îmi schimb vectorul fiscal în SPV,spv,asemanator,,nu,,micro-profit-iti-schimbi-vectorul
GH-00592,Cum declar schimbarea regimului de impozitare în D010,altele,candidat,,nu,,
GH-00593,Impozitul pe profit în declarația unică pentru PFA,pfa,publicat,,nu,impozitul-profit-declaratia-unica-pfa,
GH-00594,Diferențe de impozitare la PFA față de impozitul pe profit SRL,pfa,candidat,,nu,,
GH-00595,II la normă de venit vs SRL pe profit: cum aleg,pfa,publicat,,nu,norma-venit-vs-srl,
GH-00596,Impozitul pe profit și contribuția de asigurări sociale a administratorului,profit,candidat,,nu,,
GH-00597,Cum afectează salariile rezultatul impozabil,salarizare,candidat,,nu,,
GH-00598,Impozitul pe profit la firmele care nu au angajați 2026,profit,publicat,,nu,impozitul-profit-firmele-angajati-2026,
GH-00599,Deducerea cheltuielilor de întreținere a sediului,altele,candidat,,nu,,
GH-00600,Cheltuieli cu sediul principal vs punct de lucru: tratament fiscal,altele,candidat,,nu,,
GH-00601,Deducerea chiriei pentru punct de lucru în altă localitate,altele,candidat,,nu,,
GH-00602,Cheltuieli cu utilitățile: deductibilitate integrală,altele,candidat,,nu,,
GH-00603,Cheltuieli cu publicitatea online: deductibile la impozitul pe profit,profit,asemanator,,nu,,cheltuielile-publicitatea-online-deductibile-impozitul
GH-00604,Cum deduc cheltuielile cu reducerile comerciale acordate,altele,publicat,,nu,deduc-cheltuielile-reducerile-comerciale-acordate,
GH-00605,Înregistrarea și deducerea discounturilor la impozitul pe profit,profit,asemanator,,nu,,amortizarea-deducerea-impozitul-profit-legatura
GH-00606,Tratamentul fiscal al creanțelor neîncasate și rău-platnicilor,altele,publicat,,nu,tratamentul-fiscal-creantelor-neincasate-rau,
GH-00607,Ajustările de depreciere a creanțelor: regim fiscal,altele,candidat,,nu,,
GH-00608,Cum tratez cheltuielile cu debitorii insolvabili,altele,candidat,,nu,,
GH-00609,Deducerea cheltuielilor cu procedura de insolvență,altele,candidat,,nu,,
GH-00610,Tratamentul fiscal al lichidării firmei: impozit pe profit final,profit,publicat,,nu,tratamentul-fiscal-lichidarii-firmei-impozit,
GH-00611,Impozitul pe profit la dizolvare și închidere,profit,publicat,,nu,impozitul-profit-dizolvare-inchidere,
GH-00612,Cum se calculează impozitul pe profit în ultimul an de activitate,profit,publicat,,nu,calculeaza-impozitul-profit-ultimul-an,
GH-00613,Impozitul pe profit la fuziune: cum se declară,profit,asemanator,,nu,,cum-se-declara-impozitul-pe-profit-in-d100
GH-00614,Regimul fiscal al divizării firmei la impozitul pe profit,profit,publicat,,nu,regimul-fiscal-divizarii-firmei-impozitul,
GH-00615,Reorganizarea firmei și păstrarea regimului de impozitare,altele,candidat,,nu,,
GH-00616,Impozitul pe profit la firmele care cesionează active,profit,asemanator,,nu,,impozitul-profit-firmele-aplica-ifrs
GH-00617,Vânzarea de acțiuni la firmă pe profit: cum se impozitează,altele,publicat,,nu,vanzarea-actiuni-firma-profit-impoziteaza,
GH-00618,Câștiguri din vânzarea de părți sociale: impozitare,altele,candidat,,nu,,
GH-00619,Impozitul pe profit și reevaluarea imobilizărilor,profit,publicat,,nu,impozitul-profit-reevaluarea-imobilizarilor,
GH-00620,Cum se impozitează diferențele din reevaluare,greseli,publicat,,nu,impoziteaza-diferentele-reevaluare,
GH-00621,Tratamentul fiscal al aportului în natură la capitalul social,infiintare,candidat,,nu,,
GH-00622,Impozitul pe profit la firmele care primesc aporturi,profit,publicat,,nu,impozitul-profit-firmele-primesc-aporturi,
GH-00623,Regimul fiscal al bunurilor aduse ca aport în natură,altele,candidat,,nu,,
GH-00624,Cum aplic scutirile pentru cercetare-dezvoltare la impozitul pe profit,profit,candidat,,nu,,
GH-00625,Deducerea suplimentară pentru cheltuielile de C&D 2026,altele,candidat,,nu,,
GH-00626,Impozitul pe profit și software-ul amortizabil: cum tratez,profit,publicat,,nu,impozitul-profit-software-ul-amortizabil,
GH-00627,Tratamentul fiscal al licențelor și programelor informatice,altele,candidat,,nu,,
GH-00628,Cum deduc cheltuielile cu brevetele și mărcile,altele,candidat,,nu,,
GH-00629,Impozitul pe profit la firmele din IT cu facilități 2026,profit,publicat,,nu,impozitul-profit-firmele-it-facilitati,
GH-00630,Scutirea de impozit pentru programatorii din IT: mai există în 2026,altele,candidat,,nu,,
GH-00631,Impozit pe profit pentru firmele HoReCa: facilități specifice,profit,candidat,,nu,,
GH-00632,Cheltuieli specifice pentru HoReCa: deductibilitate,industrii,publicat,,da,cheltuieli-specifice-horeca-deductibilitate,
GH-00633,Impozitul pe profit la firmele din construcții 2026,profit,publicat,,nu,impozitul-profit-firmele-constructii-2026,
GH-00634,Regimul fiscal al firmelor din transport: impozit pe profit,profit,publicat,,nu,regimul-fiscal-firmelor-transport-impozit,
GH-00635,Deducerea cheltuielilor cu transportul internațional,altele,publicat,,nu,deducerea-cheltuielilor-transportul-international,
GH-00636,Impozitul pe profit la firmele agricole: cum se calculează,profit,publicat,,nu,impozitul-profit-firmele-agricole-calculeaza,
GH-00637,Subvențiile agricole și impozitul pe profit,profit,publicat,,nu,subventiile-agricole-impozitul-profit,
GH-00638,Regimul fiscal al veniturilor din silvicultură la impozitul pe profit,profit,asemanator,,nu,,regimul-fiscal-veniturilor-comision-impozitul
GH-00639,Impozit pe profit pentru firmele cu activitate de jocuri de noroc,profit,publicat,,nu,impozit-profit-firmele-activitate-jocuri,
GH-00640,Tratamentul fiscal al veniturilor din publicitate la firmă pe profit,altele,candidat,,nu,,
GH-00641,Cum se calculează impozitul pe profit la firmele de leasing,profit,asemanator,,nu,,impozitul-profit-firmele-agricole-calculeaza
GH-00642,Impozitul pe profit la IFN: particularități 2026,profit,candidat,,nu,,
GH-00643,Regimul fiscal al firmelor de factoring la impozitul pe profit,profit,candidat,,nu,,
GH-00644,Impozit pe profit pentru firmele din domeniul imobiliar,profit,publicat,,nu,impozit-profit-firmele-domeniul-imobiliar,
GH-00645,Deducerea dobânzilor și a comisioanelor bancare la impozitul pe profit,profit,publicat,,nu,deducerea-dobanzilor-comisioanelor-bancare-impozitul,
GH-00646,Impozit pe profit la firmele cu credite în valută,profit,candidat,,nu,,
GH-00647,Cum tratez pierderile din diferențe de curs la impozitul pe profit,profit,publicat,,nu,tratez-pierderile-diferente-curs-impozitul,
GH-00648,Impozitul pe profit și garanțiile financiare: tratament fiscal,profit,publicat,,nu,impozitul-profit-garantiile-financiare-tratament,
GH-00649,Cheltuieli cu garanțiile de bună execuție: deductibile,altele,publicat,,nu,cheltuieli-garantiile-buna-executie-deductibile,
GH-00650,Impozitul pe profit la firmele care lucrează cu avansuri,profit,publicat,,nu,impozitul-profit-firmele-lucreaza-avansuri,
GH-00651,Tratamentul fiscal al avansurilor de la clienți,altele,candidat,,nu,,
GH-00652,Cum se raportează cheltuielile cu stornările la impozitul pe profit,profit,publicat,,nu,cum-se-raporteaza-cheltuielile-cu-stornarile-la-impozitul-pe-profit,
GH-00653,Impozit pe profit la firmele cu vânzări prin consignație,profit,publicat,,nu,impozit-profit-firmele-vanzari-consignatie,
GH-00654,Regimul fiscal al veniturilor din comision la impozitul pe profit,profit,publicat,,nu,regimul-fiscal-veniturilor-comision-impozitul,
GH-00655,Cum se calculează rezultatul fiscal la firmele cu venituri amânate,altele,candidat,,nu,,
GH-00656,Impozitul pe profit și contractele pe termen lung: metoda procentajului,profit,candidat,,nu,,
GH-00657,Recunoașterea veniturilor din contracte de construcții în impozitul pe profit,profit,candidat,,nu,,
GH-00658,Tratamentul fiscal al veniturilor recunoscute pe etape,altele,candidat,,nu,,
GH-00659,Impozit pe profit la firmele care aplică IFRS: diferențe 2026,profit,publicat,,nu,impozit-profit-firmele-aplica-ifrs,
GH-00660,Cum reconciliez IFRS cu baza fiscală la impozitul pe profit,profit,candidat,,nu,,
GH-00661,Impozitul pe profit pentru persoanele juridice străine în România,profit,candidat,,nu,,
GH-00662,Sediul permanent și impozitul pe profit: obligații 2026,profit,candidat,,nu,,
GH-00663,Impozitul pe profit la nerezidenți: rețineri la sursă,profit,publicat,,nu,impozitul-profit-nerezidenti-retineri-sursa,
GH-00664,Cum se aplică convențiile de evitare a dublei impuneri la profit,altele,asemanator,,nu,,aplica-conventiile-evitare-dublei-impuneri
GH-00665,Impozitul pe profit la firmele din sectoare reglementate,profit,asemanator,,nu,,impozitul-profit-firmele-constructii-2026
GH-00666,Regimul fiscal al firmelor din energie la impozitul pe profit,profit,asemanator,,nu,,regimul-fiscal-veniturilor-comision-impozitul
GH-00667,Taxa pe veniturile suplimentare din energie și impozitul pe profit,profit,publicat,,nu,taxa-veniturile-suplimentare-energie-impozitul,
GH-00668,Impozit pe profit la bănci: reglementări specifice 2026,profit,publicat,,nu,impozit-profit-banci-reglementari-specifice,
GH-00669,Regimul special de impozitare pentru cooperative,altele,publicat,,nu,regimul-special-impozitare-cooperative,
GH-00670,Impozitul pe profit pentru firmele de asigurări: particularități,profit,asemanator,,nu,,impozitul-profit-societatile-asigurare-particularitati
GH-00671,Cum se calculează impozitul pe profit la firmele cu activitate mixtă,profit,publicat,,nu,calculeaza-impozitul-profit-firmele-activitate,
GH-00672,Diferențe între impozitul pe profit și alte impozite pe venit,profit,candidat,,nu,,
GH-00673,Impozit pe profit vs impozit forfetar: ce se aplică în 2026,profit,publicat,,nu,impozit-profit-vs-impozit-forfetar,
GH-00674,Nu confunda impozitul pe profit cu impozitul pe dividende,declaratii_speciale,publicat,,nu,confunda-impozitul-profit-impozitul-dividende,
GH-00675,Cum se calculează impozitul pe dividende după impozitul pe profit,declaratii_speciale,publicat,,nu,calculeaza-impozitul-dividende-impozitul-profit,
GH-00676,Impozitul pe profit și contribuția la fondul de garantare,profit,candidat,,nu,,
GH-00677,Cum influențează amenzile nedeductibile rezultatul fiscal,altele,candidat,,nu,,
GH-00678,Înregistrarea diferențelor de curs la cheltuieli nedeductibile,greseli,candidat,,nu,,
GH-00679,Decontarea TVA și impactul asupra impozitului pe profit,profit,candidat,,nu,,
GH-00680,Cum diagnostichez o balanță care dă impozit pe profit greșit,profit,publicat,,nu,diagnostichez-balanta-da-impozit-profit,
GH-00681,Checklist pentru închiderea anului fiscal la firma pe profit,altele,asemanator,,nu,,checklist-inchiderea-anului-firma-profit
GH-00682,Calendar fiscal 2026: termenele pentru impozitul pe profit,profit,publicat,,nu,calendar-fiscal-2026-termenele-impozitul (+1 dubluri),
GH-00683,Modificări legislative 2026 la impozitul pe profit: noutăți,profit,asemanator,,nu,,modificari-legislative-2026-impozitul-profit
GH-00684,Ce s-a schimbat în Codul fiscal la impozitul pe profit în 2026,profit,publicat,,nu,s-schimbat-codul-fiscal-impozitul,
GH-00685,Ghid practic: cum aplic impozitul pe profit la firmele mici,profit,publicat,,nu,ghid-practic-aplic-impozitul-profit,
GH-00686,Cum pregătesc documentația pentru controlul de fond pe impozitul pe profit,profit,candidat,,nu,,
GH-00687,Erori frecvente la calculul impozitului pe profit și cum le evit,profit,candidat,,nu,,
GH-00688,Cât este impozitul pe profit în 2026?,profit,candidat,,nu,,
GH-00689,Cum se calculează impozitul pe profit de 16% în 2026?,profit,publicat,,nu,calculeaza-impozitul-profit-16-2026,
GH-00690,Care este formula de calcul pentru impozitul pe profit?,profit,publicat,,nu,formula-calcul-impozitul-profit,
GH-00691,Cum se calculează rezultatul fiscal al unui SRL în 2026?,altele,candidat,,nu,,
GH-00692,Care este diferența dintre profitul contabil și profitul impozabil?,profit,candidat,,nu,,
GH-00693,Cum se trece de la profitul contabil la rezultatul fiscal?,profit,candidat,,nu,,
GH-00694,Ce venituri intră în calculul impozitului pe profit?,profit,candidat,,nu,,
GH-00695,Ce venituri sunt neimpozabile la calculul impozitului pe profit?,profit,publicat,,nu,venituri-neimpozabile-calculul-impozitului-profit,
GH-00696,Ce cheltuieli sunt deductibile la impozitul pe profit în 2026?,profit,asemanator,,nu,,provizioanele-sunt-deductibile-la-impozitul-pe-profit
GH-00697,Ce cheltuieli sunt nedeductibile la impozitul pe profit în 2026?,profit,candidat,,nu,,
GH-00698,Ce cheltuieli au deductibilitate limitată la impozitul pe profit?,profit,candidat,,nu,,
GH-00699,Cum verifici calculul impozitului pe profit din balanță?,profit,publicat,,nu,verifici-calculul-impozitului-profit-balanta,
GH-00700,Ce conturi trebuie verificate înainte de calculul impozitului pe profit?,profit,publicat,,nu,conturi-verificate-inainte-calculul-impozitului,
GH-00701,Cum se înregistrează impozitul pe profit în contabilitate?,profit,publicat,,nu,inregistreaza-impozitul-profit-contabilitate,
GH-00702,Care este monografia contabilă pentru impozitul pe profit?,profit,publicat,,nu,monografia-contabila-impozitul-profit,
GH-00703,În ce cont se înregistrează impozitul pe profit?,profit,publicat,,nu,cont-inregistreaza-impozitul-profit,
GH-00704,Cum se înregistrează impozitul pe profit trimestrial?,profit,publicat,,nu,inregistreaza-impozitul-profit-trimestrial,
GH-00705,Cum se înregistrează regularizarea anuală a impozitului pe profit?,profit,publicat,,nu,inregistreaza-regularizarea-anuala-impozitului-profit,
GH-00706,Cum se calculează impozitul pe profit trimestrial în 2026?,profit,publicat,,nu,impozitul-pe-profit-trimestrial-2026,
GH-00707,Care sunt termenele de plată pentru impozitul pe profit în 2026?,profit,candidat,,nu,,
GH-00708,Ce declarație se depune trimestrial pentru impozitul pe profit?,profit,publicat,,nu,declaratie-depune-trimestrial-impozitul-profit,
GH-00709,Cum se declară impozitul pe profit în D100?,profit,publicat,,nu,cum-se-declara-impozitul-pe-profit-in-d100,
GH-00710,Când se depune D101 pentru anul 2026?,profit,publicat,,nu,depune-d101-anul-2026,
GH-00711,Cine trebuie să depună declarația D101?,profit,publicat,,nu,depuna-declaratia-d101,
GH-00712,Cum se completează D101 în 2026?,profit,publicat,,nu,completarea-d101-in-2026,
GH-00713,Cum se completează D101 dacă firma are pierdere fiscală?,profit,publicat,,nu,completeaza-d101-firma-pierdere-fiscala,
GH-00714,Cum se completează D101 dacă firma a trecut de la micro la profit?,profit,publicat,,nu,completeaza-d101-firma-trecut-micro,
GH-00715,Cum se completează D101 pentru o firmă înființată în cursul anului?,profit,publicat,,nu,completeaza-d101-firma-infiintata-cursul,
GH-00716,Cum se completează D101 dacă firma nu a avut activitate?,profit,publicat,,nu,completeaza-d101-firma-avut-activitate,
GH-00717,Se depune D101 dacă firma nu are impozit pe profit de plată?,profit,publicat,,nu,depune-d101-firma-impozit-profit,
GH-00718,Se depune D101 pentru o firmă cu pierdere?,profit,publicat,,nu,depune-d101-firma-pierdere,
GH-00719,Se depune D101 dacă societatea a fost micro o parte din an?,profit,publicat,,nu,depune-d101-societatea-fost-micro,
GH-00720,Cum se corectează o declarație D101 depusă greșit?,profit,publicat,,nu,corecteaza-declaratie-d101-depusa-gresit,
GH-00721,Cum se depune D101 rectificativă?,profit,publicat,,nu,depune-d101-rectificativa-2 (+1 dubluri),
GH-00722,Ce faci dacă ai omis o cheltuială deductibilă din D101?,profit,publicat,,nu,omis-cheltuiala-deductibila-d101,
GH-00723,Ce faci dacă ai declarat o cheltuială nedeductibilă ca deductibilă în D101?,profit,publicat,,nu,declarat-cheltuiala-nedeductibila-deductibila-d101,
GH-00724,Cum corectezi impozitul pe profit după depunerea D101?,profit,publicat,,nu,corectezi-impozitul-profit-depunerea-d101,
GH-00725,Ce se întâmplă dacă depui D101 după termen?,profit,publicat,,nu,intampla-depui-d101-termen,
GH-00726,Ce amendă se aplică pentru nedepunerea D101 la termen?,profit,candidat,,nu,,
GH-00727,Se plătesc dobânzi și penalități pentru impozitul pe profit declarat cu întârziere?,profit,publicat,,nu,platesc-dobanzi-penalitati-impozitul-profit,
GH-00728,Cum verifici D101 cu balanța contabilă?,profit,publicat,,nu,verifici-d101-balanta-contabila,
GH-00729,De ce nu corespunde impozitul pe profit din D101 cu contul 4411?,profit,publicat,,nu,corespunde-impozitul-profit-d101-contul,
GH-00730,Cum reconciliezi D101 cu declarațiile D100 depuse în cursul anului?,profit,publicat,,nu,reconciliezi-d101-declaratiile-d100-depuse,
GH-00731,Ce faci dacă D101 nu corespunde cu D100?,profit,publicat,,nu,d101-corespunde-d100,
GH-00732,Cum se regularizează impozitul pe profit plătit trimestrial?,profit,publicat,,nu,regularizeaza-impozitul-profit-platit-trimestrial,
GH-00733,Ce faci dacă ai plătit prea mult impozit pe profit în cursul anului?,profit,publicat,,nu,platit-prea-mult-impozit-profit,
GH-00734,Cum recuperezi impozitul pe profit plătit în plus?,profit,candidat,,nu,,
GH-00735,Cum compensezi impozitul pe profit plătit în plus cu alte obligații fiscale?,profit,asemanator,,nu,,compensez-impozitul-profit-platit-plus
GH-00736,Cum verifici impozitul pe profit în fișa pe plătitor ANAF?,profit,asemanator,,nu,,verifici-fisa-platitor-impozitul-micro
GH-00737,Cum verifici în SPV dacă D101 a fost procesată corect?,profit,candidat,,nu,,
GH-00738,Cum calculezi impozitul pe profit când firma trece de la micro la profit în 2026?,profit,publicat,,nu,calculezi-impozitul-profit-firma-trece,
GH-00739,Din ce moment începe calculul impozitului pe profit după ieșirea din regimul micro?,profit,candidat,,nu,,
GH-00740,Se recalculează impozitul pe profit de la începutul anului după ieșirea din regimul micro?,profit,publicat,,nu,recalculeaza-impozitul-profit-inceputul-anului,
GH-00741,Ce cheltuieli se iau în calcul după trecerea de la micro la profit?,micro,publicat,,nu,cheltuieli-iau-calcul-trecerea-micro,
GH-00742,Ce venituri se iau în calcul după trecerea de la micro la profit?,micro,asemanator,,nu,,cheltuieli-iau-calcul-trecerea-micro
GH-00743,Cum se determină rezultatul fiscal în anul trecerii de la micro la profit?,micro,publicat,,nu,determina-rezultatul-fiscal-anul-trecerii,
GH-00744,Cum se declară trecerea de la micro la impozit pe profit?,profit,publicat,,nu,declara-trecerea-micro-impozit-profit,
GH-00745,Trebuie depusă D700 la trecerea de la micro la profit?,micro,candidat,,nu,,
GH-00746,Cum verifici dacă firma figurează la ANAF ca plătitoare de impozit pe profit?,profit,publicat,,nu,verifici-firma-figureaza-anaf-platitoare,
GH-00747,Poate un SRL să treacă voluntar de la micro la impozit pe profit în 2026?,profit,candidat,,nu,,
GH-00748,Poate o firmă plătitoare de impozit pe profit să revină la micro în 2026?,profit,publicat,,nu,firma-platitoare-impozit-profit-revina,
GH-00749,Cum se calculează impozitul pe profit pentru primul trimestru după ieșirea din regimul micro?,profit,publicat,,nu,calculeaza-impozitul-profit-primul-trimestru,
GH-00750,Ce se întâmplă cu pierderea contabilă din perioada în care firma era micro?,micro,candidat,,nu,,
GH-00751,Poate fi recuperată fiscal pierderea înregistrată cât timp firma era micro?,micro,candidat,,nu,,
GH-00752,Cum se calculează pierderea fiscală a unui SRL?,profit,publicat,,nu,calculeaza-pierderea-fiscala-srl,
GH-00753,Cum se recuperează pierderea fiscală în 2026?,profit,publicat,,nu,recupereaza-pierderea-fiscala-2026,
GH-00754,Câți ani se poate reporta pierderea fiscală?,profit,publicat,,nu,cati-ani-reporta-pierderea-fiscala,
GH-00755,Ce procent din profit poate fi acoperit cu pierderea fiscală reportată?,profit,publicat,,nu,procent-profit-acoperit-pierderea-fiscala,
GH-00756,Cum se evidențiază pierderea fiscală în D101?,profit,publicat,,nu,evidentiaza-pierderea-fiscala-d101,
GH-00757,Cum verifici pierderea fiscală reportată din anii anteriori?,profit,publicat,,nu,verifici-pierderea-fiscala-reportata-anii,
GH-00758,Ce faci dacă pierderea fiscală din D101 a fost declarată greșit?,profit,publicat,,nu,pierderea-fiscala-d101-fost-declarata,
GH-00759,Se poate corecta pierderea fiscală din anii anteriori?,profit,publicat,,nu,corecta-pierderea-fiscala-anii-anteriori,
GH-00760,Ce se întâmplă cu pierderea fiscală la fuziunea unei societăți?,profit,asemanator,,nu,,intampla-pierderea-fiscala-fuziunea-societatilor
GH-00761,Ce se întâmplă cu pierderea fiscală la divizarea unei societăți?,profit,asemanator,,nu,,intampla-pierderea-fiscala-divizarea-firme
GH-00762,Ce se întâmplă cu pierderea fiscală la lichidarea firmei?,profit,asemanator,,nu,,intampla-pierderea-fiscala-fuziunea-societatilor
GH-00763,Cheltuielile cu salariile sunt deductibile la impozitul pe profit?,salarizare,publicat,,nu,cheltuielile-salariile-deductibile-impozitul-profit,
GH-00764,Bonusurile acordate salariaților sunt deductibile fiscal?,salarizare,asemanator,,nu,,cadourile-acordate-salariatilor-deductibile-fiscal
GH-00765,Primele acordate angajaților sunt deductibile la impozitul pe profit?,profit,asemanator,,nu,,provizioanele-sunt-deductibile-la-impozitul-pe-profit
GH-00766,Tichetele de masă sunt deductibile la calculul impozitului pe profit?,profit,candidat,,nu,,
GH-00767,Cadourile acordate salariaților sunt deductibile fiscal?,salarizare,publicat,,nu,cadourile-acordate-salariatilor-deductibile-fiscal,
GH-00768,Asigurarea medicală privată pentru angajați este deductibilă?,altele,candidat,,nu,,
GH-00769,Abonamentul medical plătit de firmă este deductibil la impozitul pe profit?,profit,candidat,,nu,,
GH-00770,Contribuțiile la pensii facultative sunt deductibile pentru firmă?,altele,publicat,,nu,contributiile-pensii-facultative-deductibile-firma,
GH-00771,Cheltuielile cu team building-ul sunt deductibile fiscal?,altele,candidat,,nu,,
GH-00772,Cheltuielile cu petrecerea de Crăciun pentru angajați sunt deductibile?,altele,publicat,,nu,cheltuielile-petrecerea-craciun-angajati-deductibile,
GH-00773,Cheltuielile sociale sunt deductibile la impozitul pe profit?,profit,asemanator,,nu,,cheltuielile-salariile-deductibile-impozitul-profit
GH-00774,Care este limita de deductibilitate pentru cheltuielile sociale?,altele,publicat,,nu,limita-deductibilitate-cheltuielile-sociale,
GH-00775,Ajutoarele acordate salariaților sunt deductibile fiscal?,salarizare,asemanator,,nu,,cadourile-acordate-salariatilor-deductibile-fiscal
GH-00776,Cheltuielile cu formarea profesională sunt deductibile la impozitul pe profit?,profit,asemanator,,nu,,cheltuielile-salariile-deductibile-impozitul-profit
GH-00777,Cursurile plătite pentru angajați sunt deductibile fiscal?,altele,publicat,,nu,cursurile-platite-angajati-deductibile-fiscal,
GH-00778,Cheltuielile cu recrutarea sunt deductibile la impozitul pe profit?,profit,asemanator,,nu,,cheltuielile-salariile-deductibile-impozitul-profit
GH-00779,Cheltuielile cu medicina muncii sunt deductibile fiscal?,altele,publicat,,nu,cheltuielile-medicina-muncii-deductibile-fiscal,
GH-00780,Cheltuielile cu echipamentul de lucru sunt deductibile?,altele,publicat,,nu,cheltuielile-echipamentul-lucru-deductibile,
GH-00781,Cheltuielile cu telemunca sunt deductibile la impozitul pe profit?,profit,asemanator,,nu,,cheltuielile-salariile-deductibile-impozitul-profit
GH-00782,Chiria plătită pentru locuința unui angajat este deductibilă?,altele,publicat,,nu,chiria-platita-locuinta-angajat-deductibila,
GH-00783,Diurna este deductibilă la impozitul pe profit în 2026?,salarizare,asemanator,,nu,,parcarea-deductibila-impozitul-profit
GH-00784,Ce parte din diurnă este deductibilă fiscal?,salarizare,publicat,,nu,parte-diurna-deductibila-fiscal,
GH-00785,Cheltuielile de deplasare sunt deductibile la impozitul pe profit?,profit,publicat,,nu,cheltuielile-deplasare-deductibile-impozitul-profit,
GH-00786,Cazarea angajaților în delegație este deductibilă fiscal?,altele,candidat,,nu,,
GH-00787,Biletele de avion pentru deplasări de serviciu sunt deductibile?,altele,candidat,,nu,,
GH-00788,Cheltuielile cu taxiul și transportul în delegație sunt deductibile?,altele,publicat,,nu,cheltuielile-taxiul-transportul-delegatie-deductibile,
GH-00789,Cheltuielile cu protocolul sunt deductibile în 2026?,profit,candidat,,nu,,
GH-00790,Cum se calculează limita cheltuielilor de protocol?,profit,candidat,,nu,,
GH-00791,TVA aferentă protocolului este deductibilă?,profit,candidat,,nu,,
GH-00792,Cadourile pentru clienți sunt cheltuieli deductibile?,altele,publicat,,nu,cadourile-clienti-cheltuieli-deductibile,
GH-00793,Mesele cu clienții sunt deductibile la impozitul pe profit?,profit,asemanator,,nu,,cheltuielile-salariile-deductibile-impozitul-profit
GH-00794,Cafeaua și apa pentru clienți sunt deductibile fiscal?,altele,candidat,,nu,,
GH-00795,Cheltuielile cu evenimentele pentru clienți sunt deductibile?,altele,publicat,,nu,cheltuielile-evenimentele-clienti-deductibile,
GH-00796,Cheltuielile de reclamă sunt deductibile integral?,altele,publicat,,nu,cheltuielile-reclama-deductibile-integral,
GH-00797,Cheltuielile de publicitate pe Google sunt deductibile fiscal?,altele,candidat,,nu,,
GH-00798,Cheltuielile cu Facebook Ads sunt deductibile la impozitul pe profit?,profit,asemanator,,nu,,cheltuielile-salariile-deductibile-impozitul-profit
GH-00799,Serviciile de marketing sunt deductibile fiscal?,altele,candidat,,nu,,
GH-00800,Cum justifici deductibilitatea serviciilor de consultanță?,altele,publicat,,nu,justifici-deductibilitatea-serviciilor-consultanta,
GH-00801,Cheltuielile cu consultanța sunt deductibile la impozitul pe profit?,profit,asemanator,,nu,,cheltuielile-salariile-deductibile-impozitul-profit
GH-00802,Cheltuielile cu managementul sunt deductibile fiscal?,altele,asemanator,,nu,,cheltuielile-medicina-muncii-deductibile-fiscal
GH-00803,Ce documente trebuie să ai pentru deductibilitatea serviciilor?,altele,publicat,,nu,documente-deductibilitatea-serviciilor,
GH-00804,Este suficientă factura pentru deductibilitatea unei cheltuieli?,altele,asemanator,,nu,,factura-suficienta-deductibilitatea-cheltuieli-control
GH-00805,Poate ANAF să considere nedeductibilă o cheltuială dacă există factură?,altele,candidat,,nu,,
GH-00806,Cum demonstrezi că o cheltuială este făcută în scopul activității economice?,altele,publicat,,nu,demonstrezi-cheltuiala-facuta-scopul-activitatii,
GH-00807,Cheltuielile fără documente justificative sunt deductibile?,altele,candidat,,nu,,
GH-00808,O factură primită târziu mai poate fi dedusă la impozitul pe profit?,profit,publicat,,nu,factura-primita-tarziu-dedusa-impozitul,
GH-00809,O factură din anul anterior poate fi înregistrată ca deductibilă în anul curent?,altele,publicat,,nu,factura-anul-anterior-inregistrata-deductibila,
GH-00810,Cum corectezi o cheltuială omisă din anul precedent?,greseli,candidat,,nu,,
GH-00811,Cheltuielile înregistrate în contul 1174 sunt deductibile fiscal?,altele,candidat,,nu,,
GH-00812,Cum tratezi fiscal corectarea erorilor contabile din anii precedenți?,greseli,publicat,,nu,tratezi-fiscal-corectarea-erorilor-contabile,
GH-00813,Cheltuielile cu chiria sunt deductibile la impozitul pe profit?,profit,publicat,,nu,cheltuielile-chiria-deductibile-impozitul-profit,
GH-00814,Chiria sediului social este deductibilă integral?,altele,candidat,,nu,,
GH-00815,Cheltuielile cu sediul social aflat în locuința asociatului sunt deductibile?,infiintare,candidat,,nu,,
GH-00816,Utilitățile sediului social sunt deductibile fiscal?,altele,candidat,,nu,,
GH-00817,Cheltuielile cu energia electrică sunt deductibile?,altele,publicat,,nu,cheltuielile-energia-electrica-deductibile,
GH-00818,Cheltuielile cu telefonul sunt deductibile la impozitul pe profit?,profit,publicat,,nu,cheltuielile-telefonul-deductibile-impozitul-profit,
GH-00819,Abonamentul de internet este deductibil fiscal?,altele,candidat,,nu,,
GH-00820,Telefonul mobil cumpărat pe firmă este deductibil?,altele,publicat,,nu,telefonul-mobil-cumparat-firma-deductibil,
GH-00821,Laptopul cumpărat pe firmă este cheltuială sau mijloc fix?,mijloace_fixe,asemanator,,nu,,laptopul-cumparat-firma-cheltuiala-mijloc
GH-00822,Mobilierul de birou este cheltuială deductibilă sau se amortizează?,profit,publicat,,nu,mobilierul-birou-cheltuiala-deductibila-amortizeaza,
GH-00823,Aerul condiționat cumpărat pentru sediu se amortizează?,mijloace_fixe,publicat,,nu,aerul-conditionat-cumparat-sediu-amortizeaza,
GH-00824,Renovarea sediului este cheltuială sau investiție?,altele,candidat,,nu,,
GH-00825,Cum se amortizează investițiile făcute într-un spațiu închiriat?,mijloace_fixe,publicat,,nu,amortizeaza-investitiile-facute-spatiu-inchiriat,
GH-00826,Ce se întâmplă cu investiția într-un spațiu închiriat când încetează contractul?,altele,candidat,,nu,,
GH-00827,Cheltuielile cu reparațiile sunt deductibile integral?,altele,publicat,,nu,cheltuielile-reparatiile-deductibile-integral,
GH-00828,Care este diferența fiscală dintre reparație și modernizare?,greseli,asemanator,,nu,,diferenta-fiscala-dintre-sponsorizare-donatie
GH-00829,Când o cheltuială trebuie capitalizată în loc să fie dedusă imediat?,altele,publicat,,nu,cheltuiala-capitalizata-loc-dedusa-imediat,
GH-00830,Care este valoarea minimă pentru un mijloc fix în 2026?,mijloace_fixe,publicat,,nu,valoarea-minima-mijloc-fix-2026,
GH-00831,Un bun sub limita pentru mijloace fixe poate fi amortizat?,mijloace_fixe,candidat,,nu,,
GH-00832,De la ce valoare se amortizează un bun în 2026?,mijloace_fixe,publicat,,nu,valoare-amortizeaza-bun-2026,
GH-00833,Ce modificări sunt la amortizarea fiscală în 2026?,mijloace_fixe,publicat,,nu,modificari-amortizarea-fiscala-2026,
GH-00834,De când se aplică noua valoare fiscală pentru mijloace fixe în 2026?,mijloace_fixe,candidat,,nu,,
GH-00835,Ce faci cu mijloacele fixe cumpărate înainte de modificarea pragului din 2026?,altele,candidat,,nu,,
GH-00836,Cum se calculează amortizarea fiscală în 2026?,mijloace_fixe,publicat,,nu,calculeaza-amortizarea-fiscala-2026,
GH-00837,Care este diferența dintre amortizarea contabilă și amortizarea fiscală?,mijloace_fixe,publicat,,nu,diferenta-dintre-amortizarea-contabila-amortizarea,
GH-00838,De când începe amortizarea unui mijloc fix?,mijloace_fixe,publicat,,da,incepe-amortizarea-mijloc-fix,
GH-00839,Se calculează amortizare în luna în care mijlocul fix este pus în funcțiune?,mijloace_fixe,publicat,,nu,calculeaza-amortizare-luna-mijlocul-fix,
GH-00840,Cum stabilești durata de amortizare a unui mijloc fix?,mijloace_fixe,publicat,,nu,stabilesti-durata-amortizare-mijloc-fix,
GH-00841,Unde găsești durata normală de funcționare pentru un mijloc fix?,mijloace_fixe,publicat,,nu,gasesti-durata-normala-functionare-mijloc,
GH-00842,Cum alegi codul de clasificare pentru un mijloc fix?,mijloace_fixe,publicat,,nu,alegi-codul-clasificare-mijloc-fix,
GH-00843,Ce faci dacă ai ales greșit durata de amortizare?,mijloace_fixe,publicat,,nu,ales-gresit-durata-amortizare,
GH-00844,Se poate modifica durata de amortizare după punerea în funcțiune?,mijloace_fixe,publicat,,nu,modifica-durata-amortizare-punerea-functiune,
GH-00845,Cum se calculează amortizarea liniară?,mijloace_fixe,publicat,,nu,calculeaza-amortizarea-liniara,
GH-00846,Cum se calculează amortizarea degresivă?,mijloace_fixe,publicat,,nu,calculeaza-amortizarea-degresiva,
GH-00847,Cum se calculează amortizarea accelerată?,mijloace_fixe,publicat,,nu,calculeaza-amortizarea-accelerata,
GH-00848,Când poate fi folosită amortizarea accelerată în 2026?,mijloace_fixe,publicat,,nu,folosita-amortizarea-accelerata-2026,
GH-00849,Ce active pot beneficia de amortizare accelerată în 2026?,mijloace_fixe,publicat,,nu,active-beneficia-amortizare-accelerata-2026,
GH-00850,Poți aplica amortizare accelerată pentru calculatoare în 2026?,mijloace_fixe,publicat,,nu,amortizare-accelerata-calculatoare-2026,
GH-00851,Poți aplica amortizare accelerată pentru echipamente tehnologice în 2026?,mijloace_fixe,publicat,,nu,aplica-amortizare-accelerata-echipamente-tehnologice,
GH-00852,Care este diferența dintre amortizarea accelerată și scutirea pentru profitul reinvestit?,mijloace_fixe,candidat,,nu,,
GH-00853,Se poate aplica amortizarea accelerată pentru un activ pentru care s-a folosit profitul reinvestit?,mijloace_fixe,publicat,,nu,aplica-amortizarea-accelerata-activ-s,
GH-00854,Cum se aplică profitul reinvestit în 2026?,altele,asemanator,,nu,,declara-profitul-reinvestit-d101
GH-00855,Ce active beneficiază de scutirea pentru profitul reinvestit?,altele,candidat,,nu,,
GH-00856,Cum se calculează scutirea de impozit pentru profitul reinvestit?,altele,publicat,,nu,calculeaza-scutirea-impozit-profitul-reinvestit,
GH-00857,Cum se declară profitul reinvestit în D101?,profit,publicat,,nu,declara-profitul-reinvestit-d101,
GH-00858,Ce se întâmplă dacă vinzi un activ pentru care ai aplicat scutirea de profit reinvestit?,altele,candidat,,nu,,
GH-00859,Cât timp trebuie păstrat un activ pentru care s-a aplicat profitul reinvestit?,altele,candidat,,nu,,
GH-00860,Ce se întâmplă dacă scoți din gestiune un activ cu profit reinvestit înainte de termen?,stocuri,candidat,,nu,,
GH-00861,Cum se amortizează un autoturism cumpărat de firmă?,mijloace_fixe,publicat,,nu,amortizeaza-autoturism-cumparat-firma,
GH-00862,Care este limita fiscală de amortizare pentru autoturisme?,mijloace_fixe,publicat,,da,limita-fiscala-amortizare-autoturisme,
GH-00863,Amortizarea autoturismului este deductibilă integral?,mijloace_fixe,publicat,,nu,amortizare-autoturism-deductibila-integral,
GH-00864,Când se aplică limita de 1.500 lei pe lună la amortizarea autoturismului?,mijloace_fixe,publicat,,nu,aplica-limita-1500-lei-luna,
GH-00865,Ce autoturisme sunt exceptate de la limita de amortizare?,mijloace_fixe,publicat,,nu,autoturisme-exceptate-limita-amortizare,
GH-00866,Cum se calculează amortizarea fiscală pentru un autoturism scump?,mijloace_fixe,publicat,,nu,calculeaza-amortizarea-fiscala-autoturism-scump,
GH-00867,Diferența de amortizare peste limita fiscală este nedeductibilă definitiv?,mijloace_fixe,publicat,,nu,diferenta-amortizare-limita-fiscala-nedeductibila,
GH-00868,Ce se întâmplă cu amortizarea nedeductibilă la vânzarea autoturismului?,mijloace_fixe,publicat,,nu,intampla-amortizarea-nedeductibila-vanzarea-autoturismului,
GH-00869,Leasingul financiar se amortizează fiscal?,mijloace_fixe,publicat,,nu,leasingul-financiar-amortizeaza-fiscal,
GH-00870,Cine amortizează bunul în leasing financiar?,mijloace_fixe,publicat,,nu,amortizeaza-bunul-leasing-financiar,
GH-00871,Ratele de leasing operațional sunt deductibile fiscal?,altele,publicat,,nu,ratele-leasing-operational-deductibile-fiscal,
GH-00872,Cum se tratează fiscal avansul la leasing?,altele,candidat,,nu,,
GH-00873,Dobânda din leasing este deductibilă la impozitul pe profit?,profit,publicat,,nu,dobanda-leasing-deductibila-impozitul-profit,
GH-00874,Cheltuielile cu combustibilul sunt deductibile integral?,altele,publicat,,nu,cheltuielile-combustibilul-deductibile-integral,
GH-00875,Când sunt deductibile 50% cheltuielile cu autoturismul?,altele,candidat,,nu,,
GH-00876,Când sunt deductibile 100% cheltuielile cu autoturismul?,altele,candidat,,nu,,
GH-00877,Ce documente sunt necesare pentru deducerea integrală a cheltuielilor auto?,altele,candidat,,nu,,
GH-00878,Este obligatorie foaia de parcurs pentru deductibilitate 100%?,altele,asemanator,,nu,,obligatorie-foaia-parcurs-deductibilitatea-100
GH-00879,Reparațiile autoturismului sunt deductibile integral sau 50%?,altele,candidat,,nu,,
GH-00880,RCA-ul este deductibil integral la impozitul pe profit?,profit,publicat,,nu,rca-ul-deductibil-integral-impozitul,
GH-00881,CASCO este deductibil fiscal?,altele,publicat,,nu,casco-deductibil-fiscal,
GH-00882,Rovinieta este deductibilă integral?,altele,candidat,,nu,,
GH-00883,Parcarea este deductibilă la impozitul pe profit?,profit,publicat,,nu,parcarea-deductibila-impozitul-profit,
GH-00884,Amenzile rutiere sunt deductibile fiscal?,altele,publicat,,nu,amenzile-rutiere-deductibile-fiscal,
GH-00885,Amenzile ANAF sunt deductibile la impozitul pe profit?,profit,asemanator,,nu,,provizioanele-sunt-deductibile-la-impozitul-pe-profit
GH-00886,Dobânzile și penalitățile către ANAF sunt deductibile fiscal?,altele,asemanator,,nu,,deductibile-dobanzile-penalitatile-datorate-anaf
GH-00887,Penalitățile contractuale către furnizori sunt deductibile?,altele,candidat,,nu,,
GH-00888,Despăgubirile plătite clienților sunt deductibile fiscal?,altele,publicat,,nu,despagubirile-platite-clientilor-deductibile-fiscal,
GH-00889,Cheltuielile de judecată sunt deductibile la impozitul pe profit?,profit,publicat,,nu,cheltuielile-judecata-deductibile-impozitul-profit,
GH-00890,Onorariile avocatului sunt deductibile fiscal?,altele,candidat,,nu,,
GH-00891,Provizioanele sunt deductibile la impozitul pe profit?,profit,publicat,,nu,provizioanele-sunt-deductibile-la-impozitul-pe-profit,
GH-00892,Ce provizioane sunt deductibile fiscal în 2026?,altele,candidat,,nu,,
GH-00893,Provizionul pentru litigii este deductibil?,altele,candidat,,nu,,
GH-00894,Provizionul pentru garanții acordate clienților este deductibil?,altele,candidat,,nu,,
GH-00895,Ajustările pentru creanțe neîncasate sunt deductibile?,altele,publicat,,nu,ajustarile-creante-neincasate-deductibile,
GH-00896,Ce procent din ajustarea pentru creanțe este deductibil fiscal?,altele,publicat,,nu,procent-ajustarea-creante-deductibil-fiscal,
GH-00897,Când poți deduce fiscal o creanță neîncasată?,altele,publicat,,nu,deduce-fiscal-creanta-neincasata,
GH-00898,O creanță prescrisă este deductibilă fiscal?,altele,publicat,,nu,creanta-prescrisa-deductibila-fiscal,
GH-00899,O creanță față de un client în insolvență este deductibilă?,altele,candidat,,nu,,
GH-00900,Pierderea dintr-un client intrat în faliment este deductibilă fiscal?,altele,publicat,,nu,pierderea-dintr-client-intrat-faliment,
GH-00901,Cum se tratează fiscal scoaterea din evidență a unui client neîncasat?,altele,candidat,,nu,,
GH-00902,Cheltuielile cu stocurile degradate sunt deductibile?,stocuri,candidat,,nu,,
GH-00903,Marfa expirată este cheltuială deductibilă?,profit,publicat,,nu,marfa-expirata-cheltuiala-deductibila,
GH-00904,Marfa distrusă este deductibilă fiscal?,altele,candidat,,nu,,
GH-00905,Lipsurile din gestiune sunt deductibile la impozitul pe profit?,profit,asemanator,,nu,,provizioanele-sunt-deductibile-la-impozitul-pe-profit
GH-00906,Perisabilitățile sunt deductibile fiscal?,altele,candidat,,nu,,
GH-00907,Bunurile furate sunt cheltuieli deductibile?,altele,publicat,,nu,bunurile-furate-cheltuieli-deductibile,
GH-00908,Casarea mijloacelor fixe este deductibilă fiscal?,altele,publicat,,nu,casarea-mijloacelor-fixe-deductibila-fiscal,
GH-00909,Valoarea neamortizată a unui mijloc fix casat este deductibilă?,mijloace_fixe,publicat,,nu,valoarea-neamortizata-mijloc-fix-casat,
GH-00910,Cum se tratează fiscal vânzarea unui mijloc fix neamortizat complet?,mijloace_fixe,publicat,,nu,trateaza-fiscal-vanzarea-mijloc-fix,
GH-00911,Valoarea rămasă neamortizată este deductibilă la vânzarea activului?,mijloace_fixe,publicat,,nu,valoare-ramasa-neamortizata-deductibila-vanzare,
GH-00912,Cum se calculează rezultatul fiscal la vânzarea unui autoturism?,altele,asemanator,,nu,,calculeaza-rezultatul-vanzarea-mijloc-fix
GH-00913,Cum se tratează fiscal un mijloc fix distrus?,mijloace_fixe,publicat,,nu,trateaza-fiscal-mijloc-fix-distrus,
GH-00914,Cum se tratează amortizarea unui mijloc fix trecut în conservare?,mijloace_fixe,candidat,,nu,,
GH-00915,Se mai calculează amortizare pentru un mijloc fix neutilizat?,mijloace_fixe,candidat,,nu,,
GH-00916,Cum se reia amortizarea după ieșirea din conservare?,mijloace_fixe,candidat,,nu,,
GH-00917,Terenurile se amortizează fiscal?,mijloace_fixe,publicat,,nu,terenurile-amortizeaza-fiscal,
GH-00918,Clădirile se amortizează fiscal?,mijloace_fixe,publicat,,nu,cladirile-amortizeaza-fiscal,
GH-00919,Cum se amortizează o clădire cumpărată de firmă?,mijloace_fixe,publicat,,nu,amortizeaza-cladire-cumparata-firma-2 (+1 dubluri),
GH-00920,Cum se amortizează sediul social aflat într-un apartament?,mijloace_fixe,publicat,,nu,amortizeaza-sediul-social-aflat-apartament,
GH-00921,Cât din amortizarea sediului social este deductibilă dacă apartamentul este folosit și personal?,mijloace_fixe,candidat,,nu,,
GH-00922,Amortizarea sediului social folosit personal de asociat este deductibilă?,mijloace_fixe,candidat,,nu,,
GH-00923,Cum se amortizează software-ul cumpărat de firmă?,mijloace_fixe,publicat,,nu,amortizeaza-software-ul-cumparat-firma,
GH-00924,Licențele software se amortizează fiscal?,mijloace_fixe,publicat,,nu,licentele-software-amortizeaza-fiscal,
GH-00925,Un abonament software,altele,publicat,,nu,abonament-software,
GH-00926,TVA 2026: cine este obligat să se înregistreze în scopuri de TVA,tva,publicat,,nu,tva-2026-obligat-inregistreze-scopuri,
GH-00927,Plafonul de TVA de 395.000 lei în 2026: cum se calculează,tva,publicat,,nu,plafonul-tva-395000-lei-2026,
GH-00928,Am depășit plafonul de TVA: din ce dată devin plătitor,tva,candidat,,nu,,
GH-00929,Cum se calculează plafonul de scutire de TVA pentru o firmă nouă,tva,publicat,,nu,calculeaza-plafonul-scutire-tva-firma,
GH-00930,Plafonul de TVA se verifică la 31 decembrie sau în cursul anului,tva,candidat,,nu,,
GH-00931,Cursul de schimb pentru calculul plafonului de TVA 2026,tva,asemanator,,nu,,cursul-schimb-calculul-plafonului-tva
GH-00932,Veniturile care intră în plafonul de scutire de TVA,tva,publicat,,nu,veniturile-intra-plafonul-scutire-tva,
GH-00933,Ce nu se ia în calcul la plafonul de 395.000 lei,altele,publicat,,nu,ia-calcul-plafonul-395000-lei,
GH-00934,Depășirea plafonului de TVA la jumătatea lunii: când mă înregistrez,tva,candidat,,nu,,
GH-00935,Înregistrarea în scopuri de TVA: termen de 10 zile de la depășire,tva,candidat,,nu,,
GH-00936,Cum depun declarația 010 pentru înregistrare în scopuri de TVA,tva,candidat,,nu,,
GH-00937,Codul de TVA provizoriu: când îl primesc și cât e valabil,tva,candidat,,nu,,
GH-00938,Cum îmi schimb vectorul fiscal din neplătitor în plătitor de TVA,tva,candidat,,nu,,
GH-00939,SRL nou înființat: cum declar TVA din prima zi,tva,candidat,,nu,,
GH-00940,PFA și TVA: plafonul de scutire în 2026,pfa,candidat,,nu,,
GH-00941,Întreprindere individuală plătitoare de TVA: obligații,pfa,asemanator,,nu,,intreprindere-individuala-platitoare-tva-obligatii
GH-00942,Poate un PFA să rămână neplătitor de TVA cu activitate mică,pfa,candidat,,nu,,
GH-00943,SA plătitoare de TVA: particularități de declarare 2026,tva,candidat,,nu,,
GH-00944,Micro plătitor de TVA: cum se completează decontul,tva,publicat,,nu,micro-platitor-tva-completeaza-decontul,
GH-00945,Firmă micro cu TVA la încasare: cum funcționează,tva,candidat,,nu,,
GH-00946,Firmă micro scutită de TVA: se poate în 2026,tva,publicat,,da,firma-micro-scutita-tva-2026,
GH-00947,TVA normal vs TVA trimestrial: condiții de eligibilitate 2026,tva,candidat,,nu,,
GH-00948,Cine poate depune decontul de TVA trimestrial,tva,publicat,,nu,depune-decontul-tva-trimestrial,
GH-00949,Am depășit condițiile pentru TVA trimestrial: cum revin la lunar,tva,candidat,,nu,,
GH-00950,Cum trec de la decont trimestrial la lunar în SPV,spv,publicat,,nu,trec-decont-trimestrial-lunar-spv,
GH-00951,TVA la încasare 2026: cine poate aplica sistemul,tva,candidat,,da,,
GH-00952,Condițiile pentru TVA la încasare: plafon și eligibilitate,tva,publicat,,nu,conditii-tva-la-incasare-plafon-eligibilitate,
GH-00953,Cum mă înscriu pentru TVA la încasare la ANAF,tva,candidat,,nu,,
GH-00954,Renunțarea la TVA la încasare: procedura și termenul,tva,publicat,,nu,renuntarea-tva-incasare-procedura-termenul (+1 dubluri),
GH-00955,TVA la încasare și facturile neonorate la final de trimestru,tva,candidat,,nu,,
GH-00956,Cum se ajustează TVA la încasare la încasări parțiale,tva,publicat,,nu,ajustare-tva-la-incasare-incasari-partiale,
GH-00957,TVA la încasare pentru firmele care lucrează cu statul,tva,publicat,,nu,tva-la-incasare-firme-contracte-stat,
GH-00958,TVA la încasare și decontul D300: cum îl completez,tva,candidat,,nu,,
GH-00959,Exigibilitatea TVA la încasare: la facturare sau la plată,tva,candidat,,nu,,
GH-00960,Cum tratez avansurile în sistemul TVA la încasare,tva,asemanator,,nu,,intru-sistemul-tva-incasare-2026
GH-00961,TVA la încasare și facturile emise și neonorate peste un an,tva,asemanator,,nu,,tva-incasare-facturile-emise-neincasate
GH-00962,Sistemul TVA la încasare la livrările de bunuri cu plata în rate,tva,publicat,,nu,sistemul-tva-incasare-livrarile-bunuri,
GH-00963,TVA la încasare: ce se întâmplă la insolvența clientului,tva,publicat,,nu,tva-incasare-intampla-insolventa-clientului,
GH-00964,Cum ies din TVA la încasare dacă depășesc plafonul,tva,publicat,,nu,ies-tva-incasare-depasesc-plafonul,
GH-00965,D300 în 2026: termenul de depunere a decontului de TVA,tva,candidat,,nu,,
GH-00966,Decontul de TVA lunar: până la ce dată îl depun,tva,publicat,,nu,decontul-tva-lunar-pana-data,
GH-00967,Decontul de TVA trimestrial: termene 2026,tva,candidat,,nu,,
GH-00968,D300 precompletat: cum îl verific înainte de depunere,tva,publicat,,nu,d300-precompletat-cum-il-verific-inainte-de-depunere,
GH-00969,Cum completez D300 pentru livrări intracomunitare,ic_ue,candidat,,nu,,
GH-00970,D300 cu TVA deductibilă mai mare decât cea colectată: ce fac,tva,candidat,,nu,,
GH-00971,D300 cu sumă negativă de TVA: recuperare sau reportare,tva,candidat,,nu,,
GH-00972,D300 rectificativă: cum corectez un decont depus greșit,tva,publicat,,nu,d300-rectificativa-cum-corectez-un-decont-depus-gresit,
GH-00973,Am depus D300 greșit: cât timp pot face rectificativă,tva,asemanator,,nu,,depus-d390-gresit-timp-rectificativa
GH-00974,TVA de recuperat: cerere de rambursare în 2026,tva,publicat,,nu,tva-recuperat-cerere-rambursare-2026,
GH-00975,Rambursarea TVA: termenele și condițiile de soluționare,tva,publicat,,nu,rambursarea-tva-termenele-conditiile-solutionare,
GH-00976,Rambursarea TVA cu inspecție fiscală anticipată: când se aplică,tva,candidat,,nu,,
GH-00977,Cum obțin restituirea TVA cu decont cu sumă negativă,tva,candidat,,nu,,
GH-00978,Compensarea TVA de recuperat cu alte obligații bugetare,tva,candidat,,nu,,
GH-00979,Garanții pentru rambursarea TVA 2026: cum funcționează,tva,publicat,,nu,garantii-rambursarea-tva-2026-functioneaza,
GH-00980,TVA neplătit la termen: penalități și dobânzi 2026,tva,candidat,,nu,,
GH-00981,Cum se calculează dobânda pentru TVA restant,tva,publicat,,nu,calculeaza-dobanda-tva-restant,
GH-00982,D394 în 2026: cine este obligat să depună declarația,tva,publicat,,nu,d394-2026-obligat-depuna-declaratia,
GH-00983,Termenul de depunere a D394: lunar sau trimestrial,tva,candidat,,nu,,
GH-00984,D394 pentru achiziții intracomunitare: cum se completează,ic_ue,candidat,,nu,,
GH-00985,D394 și facturile de la persoane fizice: se declară,tva,publicat,,nu,d394-facturile-persoane-fizice-declara,
GH-00986,D394 pentru operațiuni cu nerezidenți: cum procedez,tva,publicat,,nu,d394-operatiuni-nerezidenti-procedez,
GH-00987,D394 rectificativă: cum corectez informațiile greșite,tva,candidat,,nu,,
GH-00988,Amenda pentru nedepunerea D394: cât este 2026,tva,candidat,,nu,,
GH-00989,Cum raportez în D394 operațiunile din sistemul TVA la încasare,tva,publicat,,nu,raportez-d394-operatiunile-sistemul-tva,
GH-00990,D394 și decontul D300: cum se corelează,tva,publicat,,nu,d394-decontul-d300-coreleaza,
GH-00991,D394 pentru livrări scutite: se declară,tva,candidat,,nu,,
GH-00992,TVA intracomunitar: cum declar achizițiile de servicii,ic_ue,publicat,,nu,tva-intracomunitar-declar-achizitiile-servicii,
GH-00993,Taxare inversă 2026: când se aplică și cum se declară,ic_ue,candidat,,nu,,
GH-00994,Taxare inversă la achiziții intracomunitare: obligații,ic_ue,publicat,,nu,taxare-inversa-la-achizitii-intracomunitare-obligatii,
GH-00995,Taxare inversă pentru livrări de bunuri în regim de triunghiular,ic_ue,candidat,,nu,,
GH-00996,Operațiunea triunghiulară: cum se declară în 2026,altele,candidat,,nu,,
GH-00997,Taxare inversă în construcții: condiții și declarare,ic_ue,publicat,,da,taxare-inversa-in-constructii-conditii-si-declarare-2026,
GH-00998,Cum aplic TVA la încasare împreună cu taxarea inversă,tva,publicat,,nu,aplic-tva-incasare-impreuna-taxarea,
GH-00999,Regimul special de TVA pentru agențiile de turism,tva,publicat,,nu,regimul-special-tva-agentiile-turism,
GH-01000,TVA pentru marja de profit la bunurile second-hand,tva,publicat,,nu,tva-marja-profit-bunurile-second,
GH-01001,Regimul special al bunurilor de ocazie: cum se declară,altele,candidat,,nu,,
GH-01002,TVA pentru aur și metale prețioase: regim special,tva,publicat,,nu,tva-aur-metale-pretioase-regim,
GH-01003,Regimul special pentru servicii electronice (OSS) în 2026,altele,candidat,,nu,,
GH-01004,Înregistrarea în OSS și declararea TVA pentru vânzări online,tva,candidat,,nu,,
GH-01005,Ghișeul unic OSS: cum raportez vânzările intra-UE,altele,publicat,,da,ghiseul-unic-oss-raportez-vanzarile,
GH-01006,Vânzările pe platforme online și TVA 2026,tva,candidat,,nu,,
GH-01007,TVA pentru comerțul electronic către consumatori UE,tva,candidat,,nu,,
GH-01008,Regimul de TVA pentru produsele digitale,tva,publicat,,nu,regimul-tva-produsele-digitale,
GH-01009,Importul de servicii: cum aplic TVA prin taxare inversă,ic_ue,candidat,,nu,,
GH-01010,Declararea TVA la importul de bunuri: cum procedez,tva,publicat,,nu,declararea-tva-importul-bunuri-procedez,
GH-01011,TVA la import: când devine exigibilă,tva,publicat,,nu,tva-import-devine-exigibila,
GH-01012,Importatorul de înregistrare și TVA: obligații 2026,tva,publicat,,nu,importatorul-inregistrare-tva-obligatii-2026,
GH-01013,Exportul de bunuri: scutire cu drept de deducere,altele,publicat,,nu,exportul-bunuri-scutire-drept-deducere,
GH-01014,Cum declar exporturile în D300 și D394,tva,candidat,,nu,,
GH-01015,Livrările intracomunitare scutite: condiții de aplicare,ic_ue,publicat,,nu,livrarile-intracomunitare-scutite-conditii-aplicare,
GH-01016,Verificarea codului de TVA al clientului UE: cum procedez,tva,candidat,,nu,,
GH-01017,Validarea VIES pentru partenerii intracomunitari,ic_ue,publicat,,nu,validarea-vies-partenerii-intracomunitari,
GH-01018,Cum tratez o livrare intracomunitară fără cod TVA valid,ic_ue,publicat,,nu,tratez-livrare-intracomunitara-cod-tva,
GH-01019,Scutiri de TVA fără drept de deducere: cazuri 2026,tva,candidat,,nu,,
GH-01020,Operațiuni scutite cu drept de deducere: cum se declară,altele,candidat,,nu,,
GH-01021,Operațiuni scutite fără drept de deducere: exemplu,altele,candidat,,nu,,
GH-01022,Pro-rata TVA 2026: cine este obligat să o calculeze,tva,publicat,,nu,pro-rata-tva-2026-obligat,
GH-01023,Cum se calculează pro-rata de TVA: formula corectă,tva,candidat,,nu,,
GH-01024,Pro-rata definitivă vs pro-rata provizorie: diferențe,tva,publicat,,nu,pro-rata-definitiva-vs-pro,
GH-01025,Regularizarea pro-ratei la finalul anului fiscal,altele,candidat,,nu,,
GH-01026,Pro-rata pentru activități mixte (cu și fără drept de deducere),tva,candidat,,nu,,
GH-01027,Cum aplic pro-rata la achizițiile comune,tva,candidat,,nu,,
GH-01028,Pro-rata rotunjită: reguli de calcul 2026,tva,candidat,,nu,,
GH-01029,Ajustarea TVA pentru bunuri de capital: regim de 5 ani,tva,candidat,,nu,,
GH-01030,Ajustarea TVA la bunurile de capital imobile: 20 de ani,tva,candidat,,nu,,
GH-01031,Cum se calculează ajustarea TVA pentru activele vândute,tva,candidat,,nu,,
GH-01032,Pro-rata la firmele cu activitate parțial scutită,tva,candidat,,nu,,
GH-01033,Pro-rata pentru ONG-uri cu activitate economică,tva,publicat,,nu,pro-rata-ong-uri-activitate,
GH-01034,Pro-rata în construcții: cum se aplică,tva,candidat,,nu,,
GH-01035,Cum afectează pro-rata dreptul de deducere a TVA,tva,candidat,,nu,,
GH-01036,Excluderea unor venituri din calculul pro-ratei,altele,candidat,,nu,,
GH-01037,Pro-rata și operațiunile financiare: ce se include,tva,candidat,,nu,,
GH-01038,Baza de deducere a TVA: condiții de exercitare,tva,candidat,,nu,,
GH-01039,Cum deduc TVA pentru o factură emisă greșit,tva,candidat,,nu,,
GH-01040,Factura fără codul de TVA al beneficiarului: deductibilă,tva,publicat,,nu,factura-codul-tva-beneficiarului-deductibila,
GH-01041,Factura fără mențiunile obligatorii: TVA deductibilă,tva,publicat,,nu,factura-mentiunile-obligatorii-tva-deductibila,
GH-01042,Am primit o factură cu TVA greșit: cum o corectez,tva,publicat,,nu,primit-factura-tva-gresit-corectez,
GH-01043,Corectarea facturilor emise cu TVA eronat 2026,tva,publicat,,nu,corectarea-facturilor-emise-tva-eronat,
GH-01044,Stornarea facturilor și TVA: cum înregistrez,tva,publicat,,nu,stornarea-facturilor-si-tva-cum-inregistrez,
GH-01045,Autofactura pentru TVA: când este obligatorie,tva,candidat,,nu,,
GH-01046,Cum emiti autofactura în 2026,altele,publicat,,nu,emiti-autofactura-2026,
GH-01047,TVA deductibil la achizițiile de la neplătitori,tva,candidat,,nu,,
GH-01048,Factura de la un PFA neplătitor de TVA: cum o înregistrez,pfa,asemanator,,nu,,tratez-factura-facebook-pfa-neplatitor
GH-01049,TVA pentru achiziții de la persoane fizice: tratament,tva,publicat,,nu,tva-achizitii-persoane-fizice-tratament,
GH-01050,Cum tratez TVA la bunurile de inventar lipsă,tva,publicat,,nu,tratez-tva-bunurile-inventar-lipsa,
GH-01051,TVA aferentă pierderilor tehnologice: deductibilă,tva,candidat,,nu,,
GH-01052,TVA la mărfurile distruse sau degradate,tva,publicat,,nu,tva-marfurile-distruse-degradate,
GH-01053,TVA pentru bunurile acordate gratuit: ajustare,tva,publicat,,nu,tva-bunurile-acordate-gratuit-ajustare,
GH-01054,Autoconsumul și TVA: cum se declară,tva,publicat,,nu,autoconsumul-tva-declara,
GH-01055,TVA la ajustarea pentru bunurile furate,tva,candidat,,nu,,
GH-01056,Ajustarea TVA pentru creanțe neîncasate de peste 270 de zile,tva,candidat,,nu,,
GH-01057,Ajustarea TVA la facturile emise și neonorate: procedura 2026,tva,candidat,,nu,,
GH-01058,Recuperarea TVA ajustate după încasarea creanței,tva,candidat,,nu,,
GH-01059,Ajustarea TVA pentru clientul insolvabil,tva,candidat,,nu,,
GH-01060,TVA la reducerile comerciale acordate ulterior facturării,tva,publicat,,nu,tva-reducerile-comerciale-acordate-ulterior,
GH-01061,TVA pentru discounturile de volum: tratament,tva,candidat,,nu,,
GH-01062,Corectarea bazei de impozitare TVA: când se face,tva,publicat,,nu,corectarea-bazei-impozitare-tva,
GH-01063,TVA la operațiunile cu prețuri sub valoarea de piață,tva,publicat,,nu,tva-operatiunile-preturi-sub-valoarea,
GH-01064,Controalele ANAF pe TVA: ce verifică inspectorii în 2026,tva,publicat,,nu,controalele-anaf-tva-verifica-inspectorii,
GH-01065,Notificări ANAF despre decontul de TVA: cum răspund,tva,publicat,,nu,notificari-anaf-decontul-tva-raspund,
GH-01066,Contestația la decizia de impunere pe TVA: procedura,tva,asemanator,,nu,,contestatia-decizia-impunere-amortizare
GH-01067,Cum evit diferențele de TVA la controlul fiscal,tva,candidat,,nu,,
GH-01068,Puncte de vedere ANAF despre pro-rata TVA 2026,tva,candidat,,nu,,
GH-01069,Pregătirea documentației pentru rambursarea TVA,tva,candidat,,nu,,
GH-01070,Checklist pentru decontul de TVA lunar 2026,tva,candidat,,nu,,
GH-01071,Calendar fiscal 2026: termenele TVA,tva,candidat,,nu,,
GH-01072,Modificări legislative 2026 la TVA: noutăți,tva,publicat,,nu,modificari-legislative-2026-tva-noutati,
GH-01073,Ce s-a schimbat în Codul fiscal la TVA în 2026,tva,publicat,,nu,s-schimbat-codul-fiscal-tva,
GH-01074,Cum verific corectitudinea D300 folosind balanța,tva,publicat,,nu,cum-verific-corectitudinea-d300-folosind-balanta,
GH-01075,Erori frecvente la decontul de TVA și cum le evit,tva,asemanator,,nu,,erori-frecvente-statul-plata-evit
GH-01076,Confuzii frecvente între TVA colectată și exigibilitate,tva,candidat,,nu,,
GH-01077,Care este plafonul de TVA în 2026?,tva,publicat,,nu,plafonul-tva-2026,
GH-01078,Când devine un SRL plătitor de TVA în 2026?,tva,asemanator,,nu,,devine-magazin-online-platitor-tva
GH-01079,Cum se calculează plafonul pentru înregistrarea în scopuri de TVA?,tva,candidat,,nu,,
GH-01080,Ce venituri intră în plafonul de TVA în 2026?,tva,publicat,,da,venituri-intra-plafonul-tva-2026,
GH-01081,Ce venituri nu intră în plafonul de TVA?,tva,asemanator,,da,,venituri-intra-plafonul-tva-2026
GH-01082,TVA-ul facturat intră în calculul plafonului de TVA?,tva,candidat,,nu,,
GH-01083,Veniturile din export intră în plafonul de TVA?,tva,publicat,,nu,veniturile-export-intra-plafonul-tva,
GH-01084,Livrările intracomunitare intră în plafonul de TVA?,ic_ue,publicat,,nu,livrarile-intracomunitare-intra-plafonul-tva,
GH-01085,Vânzarea unui mijloc fix intră în plafonul de TVA?,tva,candidat,,nu,,
GH-01086,Vânzarea unui autoturism intră în plafonul pentru înregistrarea în scopuri de TVA?,tva,candidat,,nu,,
GH-01087,Veniturile din chirii intră în plafonul de TVA?,tva,asemanator,,nu,,veniturile-export-intra-plafonul-tva
GH-01088,Avansurile încasate intră în plafonul de TVA?,tva,publicat,,nu,avansurile-incasate-intra-plafonul-tva,
GH-01089,La ce dată devine firma plătitoare de TVA după depășirea plafonului?,tva,candidat,,nu,,
GH-01090,Ce trebuie să fac imediat după ce depășesc plafonul de TVA?,tva,candidat,,nu,,
GH-01091,În cât timp trebuie declarată depășirea plafonului de TVA?,tva,candidat,,nu,,
GH-01092,Ce declarație se depune pentru înregistrarea în scopuri de TVA în 2026?,tva,publicat,,nu,declaratie-depune-inregistrarea-scopuri-tva,
GH-01093,Cum completez D700 pentru înregistrarea în scopuri de TVA?,tva,candidat,,nu,,
GH-01094,Ce se întâmplă dacă depășesc plafonul de TVA și nu mă înregistrez la timp?,tva,candidat,,nu,,
GH-01095,Cum se calculează TVA retroactiv dacă firma trebuia să fie plătitoare de TVA?,tva,publicat,,nu,calculeaza-tva-retroactiv-firma-trebuia,
GH-01096,Ce penalități apar dacă nu m-am înregistrat la timp în scopuri de TVA?,tva,candidat,,nu,,
GH-01097,Poate ANAF să înregistreze din oficiu o firmă în scopuri de TVA?,tva,candidat,,nu,,
GH-01098,Cum verific dacă un SRL este înregistrat în scopuri de TVA?,tva,publicat,,nu,verific-srl-inregistrat-scopuri-tva,
GH-01099,Cum verific codul de TVA al unei firme?,tva,publicat,,nu,verific-codul-tva-firme,
GH-01100,De la ce dată pot emite facturi cu TVA după înregistrare?,tva,candidat,,nu,,
GH-01101,Ce fac cu facturile emise între depășirea plafonului și înregistrarea în scopuri de TVA?,tva,candidat,,nu,,
GH-01102,Trebuie refăcute facturile emise fără TVA după depășirea plafonului?,tva,candidat,,nu,,
GH-01103,Cum corectez o factură emisă fără TVA când trebuia să colectez TVA?,tva,candidat,,nu,,
GH-01104,Cine suportă TVA dacă am facturat fără TVA din greșeală?,tva,publicat,,nu,suporta-tva-facturat-tva-greseala,
GH-01105,Poate un SRL să se înregistreze voluntar în scopuri de TVA înainte de plafon?,tva,candidat,,nu,,
GH-01106,Merită să mă înregistrez voluntar în scopuri de TVA?,tva,candidat,,nu,,
GH-01107,Cum se face înregistrarea voluntară în scopuri de TVA în 2026?,tva,publicat,,nu,inregistrarea-voluntara-scopuri-tva-2026,
GH-01108,Poate un SRL nou înființat să fie plătitor de TVA de la început?,tva,publicat,,nu,srl-nou-infiintat-platitor-tva,
GH-01109,Poate un PFA să devină plătitor de TVA?,pfa,publicat,,nu,pfa-devina-platitor-tva,
GH-01110,Care este plafonul de TVA pentru PFA în 2026?,pfa,publicat,,nu,plafonul-tva-pfa-2026,
GH-01111,Cum calculează un PFA plafonul de TVA?,pfa,candidat,,da,,
GH-01112,Ce se întâmplă dacă un PFA depășește plafonul de TVA?,pfa,asemanator,,da,,intampla-pfa-ul-depaseste-plafonul
GH-01113,Poate o întreprindere individuală să fie plătitoare de TVA?,pfa,candidat,,nu,,
GH-01114,Cum se aplică plafonul TVA pentru o întreprindere individuală?,pfa,publicat,,nu,aplica-plafonul-tva-intreprindere-individuala,
GH-01115,Trecerea la TVA schimbă regimul de impozitare micro?,tva,candidat,,nu,,
GH-01116,Care este diferența dintre plafonul micro și plafonul TVA în 2026?,tva,publicat,,da,diferenta-dintre-plafonul-micro-plafonul,
GH-01117,Poate o firmă plătitoare de impozit pe profit să fie neplătitoare de TVA?,profit,asemanator,,nu,,firma-platitoare-impozit-profit-aplice
GH-01118,Cum renunț la codul de TVA dacă cifra de afaceri scade sub plafon?,tva,publicat,,nu,renunt-codul-tva-cifra-afaceri,
GH-01119,În ce condiții pot reveni de la plătitor la neplătitor de TVA?,tva,publicat,,nu,conditii-reveni-platitor-neplatitor-tva,
GH-01120,Cum se face scoaterea din evidența persoanelor înregistrate în scopuri de TVA?,tva,candidat,,nu,,
GH-01121,Ce se întâmplă cu TVA dedusă când firma renunță la codul de TVA?,tva,asemanator,,nu,,intampla-facturile-neincasate-firma-renunta
GH-01122,Trebuie ajustată TVA la stocuri când firma devine neplătitoare?,tva,asemanator,,nu,,ajustarea-tva-stocuri-firma-devine
GH-01123,Cum se ajustează TVA pentru mijloace fixe la anularea codului de TVA?,tva,candidat,,nu,,
GH-01124,Cum se ajustează TVA pentru bunurile de capital la ieșirea din regimul TVA?,tva,candidat,,nu,,
GH-01125,Ce se întâmplă cu facturile neîncasate când firma renunță la TVA?,tva,publicat,,nu,intampla-facturile-neincasate-firma-renunta,
GH-01126,Ce cotă de TVA se aplică în 2026?,tva,publicat,,nu,cota-tva-aplica-2026,
GH-01127,Cum aleg cota corectă de TVA pentru o factură?,tva,publicat,,nu,aleg-cota-corecta-tva-factura,
GH-01128,Când se aplică cota standard de TVA?,tva,publicat,,nu,aplica-cota-standard-tva,
GH-01129,Ce produse beneficiază de cotă redusă de TVA în 2026?,tva,publicat,,nu,produse-beneficiaza-cota-redusa-tva,
GH-01130,Ce servicii beneficiază de cotă redusă de TVA în 2026?,tva,publicat,,nu,servicii-beneficiaza-cota-redusa-tva,
GH-01131,Cum corectez o factură emisă cu o cotă de TVA greșită?,tva,publicat,,nu,corectez-factura-emisa-cota-tva,
GH-01132,Ce fac dacă am aplicat o cotă de TVA mai mică decât cea legală?,tva,publicat,,nu,aplicat-cota-tva-mica-legala,
GH-01133,Ce fac dacă am facturat TVA mai mare decât trebuia?,tva,publicat,,nu,facturat-tva-mare-trebuia,
GH-01134,Cum declar diferența de TVA după corectarea cotei?,tva,publicat,,nu,declar-diferenta-tva-corectarea-cotei,
GH-01135,Ce cotă TVA aplic la avans dacă livrarea are loc după schimbarea cotei?,tva,candidat,,nu,,
GH-01136,Cum regularizez TVA la avans când se schimbă cota de TVA?,tva,publicat,,nu,regularizez-tva-avans-schimba-cota,
GH-01137,Ce cotă de TVA se aplică la storno?,tva,asemanator,,nu,,cota-tva-aplica-2026
GH-01138,Ce cotă TVA folosesc pentru o factură de corecție dintr-o perioadă anterioară?,tva,publicat,,nu,cota-tva-folosesc-factura-corectie,
GH-01139,Când devine TVA exigibilă?,tva,asemanator,,nu,,tva-import-devine-exigibila
GH-01140,Care este diferența dintre faptul generator și exigibilitatea TVA?,tva,publicat,,nu,diferenta-dintre-faptul-generator-exigibilitatea,
GH-01141,Când colectez TVA pentru o factură emisă înainte de livrare?,tva,candidat,,nu,,
GH-01142,Când colectez TVA pentru un avans?,tva,candidat,,nu,,
GH-01143,Cum se tratează TVA la avansurile parțiale?,tva,candidat,,nu,,
GH-01144,Când colectez TVA dacă factura este emisă după livrare?,tva,publicat,,nu,colectez-tva-factura-emisa-livrare,
GH-01145,Ce se întâmplă cu TVA dacă clientul nu plătește factura?,tva,candidat,,nu,,
GH-01146,Pot amâna plata TVA până când încasez factura?,tva,publicat,,nu,amana-plata-tva-pana-incasez,
GH-01147,Când pot deduce TVA de pe o factură de achiziție?,tva,publicat,,nu,deduce-tva-factura-achizitie,
GH-01148,Pot deduce TVA dacă factura nu este încă plătită?,tva,publicat,,nu,deduce-tva-factura-inca-platita,
GH-01149,Pot deduce TVA de pe o factură primită cu întârziere?,tva,publicat,,nu,deduce-tva-factura-primita-intarziere,
GH-01150,În ce decont deduc o factură din luna precedentă?,altele,candidat,,nu,,
GH-01151,Pot deduce TVA într-o perioadă ulterioară?,tva,publicat,,nu,deduce-tva-perioada-ulterioara,
GH-01152,Cum înregistrez TVA deductibilă omisă într-un decont anterior?,tva,candidat,,nu,,
GH-01153,Ce fac dacă am dedus TVA de două ori din aceeași factură?,tva,asemanator,,nu,,inregistrat-aceeasi-factura-doua-ori
GH-01154,Cum corectez TVA dedusă greșit?,tva,candidat,,nu,,
GH-01155,Pot deduce TVA fără factură?,tva,candidat,,nu,,
GH-01156,Pot deduce TVA de pe bon fiscal?,tva,publicat,,nu,deduce-tva-bon-fiscal,
GH-01157,În ce condiții pot deduce TVA de pe bonul fiscal?,tva,publicat,,nu,conditii-deduce-tva-bonul-fiscal,
GH-01158,Pot deduce TVA de pe o factură emisă pe numele administratorului?,tva,publicat,,nu,deduce-tva-factura-emisa-numele,
GH-01159,Pot deduce TVA dacă factura are adresa greșită?,tva,candidat,,nu,,
GH-01160,Pot deduce TVA dacă factura are denumirea firmei greșită?,tva,candidat,,nu,,
GH-01161,Pot deduce TVA dacă furnizorul are codul de TVA anulat?,tva,publicat,,nu,deduce-tva-furnizorul-codul-tva,
GH-01162,Pot deduce TVA de la un furnizor inactiv fiscal?,tva,candidat,,nu,,
GH-01163,Cum verific dacă furnizorul avea cod valid de TVA la data facturii?,tva,publicat,,nu,verific-furnizorul-cod-valid-tva,
GH-01164,Ce se întâmplă cu TVA dedusă dacă furnizorului i se anulează ulterior codul de TVA?,tva,candidat,,nu,,
GH-01165,Este deductibilă TVA la combustibil?,tva,asemanator,,nu,,deductibila-tva-cazare
GH-01166,Cât TVA pot deduce pentru autoturismele folosite mixt?,tva,publicat,,nu,tva-deduce-autoturismele-folosite-mixt,
GH-01167,Când pot deduce 100% TVA pentru autoturism?,tva,candidat,,nu,,
GH-01168,Cum justific utilizarea exclusiv economică a unui autoturism pentru deducerea TVA?,tva,candidat,,nu,,
GH-01169,Este deductibilă TVA la reparațiile autoturismului?,tva,candidat,,nu,,
GH-01170,Este deductibilă TVA la leasing auto?,tva,candidat,,nu,,
GH-01171,Este deductibilă TVA la avansul pentru leasing?,tva,candidat,,nu,,
GH-01172,Este deductibilă TVA la cheltuielile de protocol?,profit,publicat,,nu,deductibila-tva-cheltuielile-protocol,
GH-01173,Este deductibilă TVA pentru cadouri oferite clienților?,tva,candidat,,nu,,
GH-01174,Este deductibilă TVA la cazare?,tva,publicat,,nu,deductibila-tva-cazare,
GH-01175,Este deductibilă TVA la restaurant?,tva,asemanator,,nu,,deductibila-tva-cazare
GH-01176,Este deductibilă TVA la telefon și internet?,tva,publicat,,nu,deductibila-tva-telefon-internet,
GH-01177,Este deductibilă TVA la achiziția unui laptop?,tva,publicat,,nu,deductibila-tva-achizitia-laptop,
GH-01178,Este deductibilă TVA la achiziția unui imobil?,tva,asemanator,,nu,,deductibila-tva-achizitia-laptop
GH-01179,Cum se deduce TVA la construcția unui imobil?,tva,publicat,,nu,deduce-tva-constructia-imobil,
GH-01180,Cum se ajustează TVA dedusă pentru un imobil?,tva,publicat,,nu,ajusteaza-tva-dedusa-imobil,
GH-01181,Care este perioada de ajustare TVA pentru bunurile de capital?,tva,publicat,,nu,perioada-ajustare-tva-bunurile-capital,
GH-01182,Cum se ajustează TVA dacă un mijloc fix își schimbă destinația?,tva,publicat,,nu,ajusteaza-tva-mijloc-fix-schimba,
GH-01183,Cum se ajustează TVA când un bun este casat?,tva,candidat,,nu,,
GH-01184,Trebuie ajustată TVA la bunurile distruse?,tva,candidat,,nu,,
GH-01185,Trebuie ajustată TVA la bunurile furate?,tva,candidat,,nu,,
GH-01186,Se ajustează TVA la stocurile degradate?,tva,candidat,,nu,,
GH-01187,Se ajustează TVA la marfa expirată?,tva,candidat,,nu,,
GH-01188,Cum se tratează TVA la lipsurile de inventar?,tva,asemanator,,nu,,trateaza-diferentele-inventar-restaurant
GH-01189,Cum se tratează TVA la bunurile acordate gratuit?,tva,publicat,,nu,trateaza-tva-bunurile-acordate-gratuit,
GH-01190,Cum se tratează TVA la sponsorizări în bunuri?,tva,publicat,,nu,cum-se-trateaza-tva-la-sponsorizari-in-bunuri,
GH-01191,Cum se tratează TVA la mostre și produse promoționale?,tva,candidat,,nu,,
GH-01192,Cum se tratează TVA la protocol?,profit,asemanator,,nu,,cum-se-trateaza-tva-la-subcontractarea-lucrarilor
GH-01193,Când se depune D300 în 2026?,tva,publicat,,nu,depune-d300-2026,
GH-01194,Cine trebuie să depună decontul de TVA D300?,tva,publicat,,nu,cine-trebuie-sa-depuna-decontul-de-tva-d300,
GH-01195,Cum se completează D300 pentru prima dată?,tva,candidat,,nu,,
GH-01196,Cum se calculează TVA de plată în D300?,tva,publicat,,nu,cum-se-calculeaza-tva-de-plata-in-d300,
GH-01197,Cum se calculează TVA de recuperat în D300?,tva,publicat,,nu,cum-se-calculeaza-tva-de-recuperat-in-d300,
GH-01198,Cum verific dacă D300 este corect înainte de depunere?,tva,publicat,,nu,cum-verific-daca-d300-este-corect-inainte-de-depunere,
GH-01199,Cum reconciliez D300 cu balanța contabilă?,tva,candidat,,nu,,
GH-01200,De ce nu corespunde soldul contului 4423 cu D300?,tva,asemanator,,nu,,de-ce-nu-corespunde-soldul-contului-5121-cu-soldul-bancii
GH-01201,De ce nu corespunde contul 4424 cu suma de recuperat din D300?,tva,publicat,,nu,corespunde-contul-4424-suma-recuperat,
GH-01202,Cum verific contul 4426 cu D300?,tva,candidat,,nu,,
GH-01203,Cum verific contul 4427 cu D300?,tva,candidat,,nu,,
GH-01204,Ce conturi trebuie verificate înainte de depunerea D300?,tva,candidat,,nu,,
GH-01205,Cum se închide TVA la sfârșitul perioadei fiscale?,tva,publicat,,nu,inchide-tva-sfarsitul-perioadei-fiscale,
GH-01206,Care este monografia contabilă pentru TVA de plată?,tva,publicat,,nu,monografia-contabila-tva-plata,
GH-01207,Care este monografia contabilă pentru TVA de recuperat?,tva,publicat,,nu,monografia-contabila-tva-recuperat-2 (+1 dubluri),
GH-01208,Cum se înregistrează regularizarea TVA?,tva,candidat,,nu,,
GH-01209,Unde se declară regularizările în D300?,tva,publicat,,nu,declara-regularizarile-d300,
GH-01210,Cum declar o factură omisă din D300?,tva,publicat,,nu,declar-factura-omisa-d300,
GH-01211,Ce fac dacă am depus D300 cu o factură lipsă?,tva,publicat,,nu,depus-d300-factura-lipsa,
GH-01212,Se poate depune D300 rectificativ?,tva,candidat,,nu,,
GH-01213,Cum corectez o eroare într-un D300 deja depus?,tva,publicat,,nu,corectez-eroare-d300-deja-depus,
GH-01214,Cum corectez TVA colectată declarată greșit în D300?,tva,publicat,,nu,corectez-tva-colectata-declarata-gresit,
GH-01215,Cum corectez TVA deductibilă declarată greșit în D300?,tva,asemanator,,nu,,corectez-tva-colectata-declarata-gresit
GH-01216,Cum corectez în D300 o factură dintr-o perioadă anterioară?,tva,asemanator,,nu,,corectez-factura-dintr-luna-anterioara
GH-01217,Unde declar în D300 o factură storno?,tva,candidat,,nu,,
GH-01218,Cum declar un avans în D300?,tva,publicat,,nu,declar-avans-d300,
GH-01219,Cum declar regularizarea unui avans în D300?,tva,publicat,,nu,declar-regularizarea-avans-d300,
GH-01220,Cum declar achizițiile intracomunitare în D300?,ic_ue,publicat,,nu,declar-achizitiile-intracomunitare-d300,
GH-01221,Cum declar livrările intracomunitare în D300?,ic_ue,publicat,,nu,declar-livrarile-intracomunitare-d300,
GH-01222,Cum declar serviciile intracomunitare în D300?,ic_ue,asemanator,,nu,,declar-livrarile-intracomunitare-d300
GH-01223,Cum declar importurile în D300?,tva,publicat,,nu,declar-importurile-d300,
GH-01224,Cum declar taxarea inversă în D300?,tva,asemanator,,nu,,declara-taxarea-inversa-d300
GH-01225,Cum declar achiziția unui imobil cu taxare inversă în D300?,ic_ue,candidat,,nu,,
GH-01226,Cum declar TVA la încasare în D300?,tva,publicat,,nu,declar-tva-incasare-d300,
GH-01227,Cum declar ajustările de TVA în D300?,tva,publicat,,nu,declar-ajustarile-tva-d300,
GH-01228,Cum declar pro-rata TVA în D300?,tva,candidat,,nu,,
GH-01229,Cum declar TVA neexigibilă în D300?,tva,asemanator,,nu,,declar-tva-incasare-d300
GH-01230,Ce fac dacă D300 are erori la validare?,tva,candidat,,nu,,
GH-01231,De ce nu se validează formularul D300?,tva,publicat,,nu,valideaza-formularul-d300,
GH-01232,Ce fac dacă D300 a fost respins de ANAF?,tva,candidat,,nu,,
GH-01233,Cum verific recipisa pentru D300?,tva,publicat,,nu,verific-recipisa-d300,
GH-01234,Ce se întâmplă dacă depun D300 după termen?,tva,asemanator,,nu,,intampla-depui-d101-termen
GH-01235,Care sunt amenzile pentru nedepunerea D300?,tva,publicat,,nu,amenzile-nedepunerea-d300,
GH-01236,Se calculează dobânzi dacă TVA este plătită după termen?,tva,candidat,,nu,,
GH-01237,Cum corectez D300 după un control ANAF?,tva,publicat,,nu,corectez-d300-control-anaf,
GH-01238,Când este perioada fiscală TVA luna calendaristică?,tva,publicat,,nu,perioada-fiscala-tva-luna-calendaristica,
GH-01239,Când poate un SRL avea TVA trimestrial?,tva,asemanator,,nu,,srl-nou-tva-trimestrial
GH-01240,Care sunt condițiile pentru TVA trimestrial în 2026?,tva,candidat,,nu,,
GH-01241,Care este plafonul pentru menținerea perioadei fiscale trimestriale?,altele,candidat,,nu,,
GH-01242,Când trec de la TVA trimestrial la TVA lunar?,tva,publicat,,nu,trec-tva-trimestrial-tva-lunar,
GH-01243,Ce se întâmplă cu perioada fiscală dacă fac o achiziție intracomunitară?,ic_ue,publicat,,nu,intampla-perioada-fiscala-achizitie-intracomunitara,
GH-01244,O singură achiziție intracomunitară mă obligă să trec la TVA lunar?,ic_ue,publicat,,nu,singura-achizitie-intracomunitara-ma-obliga,
GH-01245,De la ce dată trec la TVA lunar după o achiziție intracomunitară?,ic_ue,publicat,,nu,data-trec-tva-lunar-achizitie,
GH-01246,Ce declarație depun pentru schimbarea perioadei fiscale TVA?,tva,candidat,,nu,,
GH-01247,Cum completez D700 pentru trecerea de la TVA trimestrial la lunar?,tva,publicat,,nu,completez-d700-trecerea-tva-trimestrial,
GH-01248,Pot reveni de la TVA lunar la TVA trimestrial?,tva,candidat,,nu,,
GH-01249,Când pot reveni la perioada fiscală trimestrială?,altele,publicat,,nu,reveni-perioada-fiscala-trimestriala,
GH-01250,Cum verific perioada fiscală TVA a firmei?,tva,candidat,,nu,,
GH-01251,Ce se întâmplă dacă am depus D300 trimestrial deși trebuia lunar?,tva,publicat,,nu,intampla-depus-d300-trimestrial-desi,
GH-01252,Cum corectez deconturile TVA depuse pe perioadă fiscală greșită?,tva,candidat,,nu,,
GH-01253,Când se depune D394 în 2026?,tva,asemanator,,nu,,depune-d300-2026
GH-01254,Cine are obligația depunerii D394?,tva,publicat,,nu,obligatia-depunerii-d394,
GH-01255,Ce operațiuni se declară în D394?,tva,publicat,,nu,operatiuni-declara-d394,
GH-01256,Ce facturi nu se declară în D394?,tva,publicat,,nu,facturi-declara-d394,
GH-01257,Se declară facturile către persoane fizice în D394?,tva,publicat,,nu,declara-facturile-persoane-fizice-d394,
GH-01258,Se declară bonurile fiscale în D394?,tva,publicat,,nu,declara-bonurile-fiscale-d394,
GH-01259,Se declară facturile simplificate în D394?,tva,publicat,,nu,declara-facturile-simplificate-d394,
GH-01260,Se declară facturile anulate în D394?,tva,publicat,,nu,declara-facturile-anulate-d394,
GH-01261,Se declară facturile storno în D394?,tva,asemanator,,nu,,declara-facturile-anulate-d394
GH-01262,Se declară avansurile în D394?,tva,publicat,,nu,declara-avansurile-d394,
GH-01263,Se declară achizițiile intracomunitare în D394?,ic_ue,candidat,,nu,,
GH-01264,Se declară importurile în D394?,tva,publicat,,nu,declara-importurile-d394,
GH-01265,Se declară exporturile în D394?,tva,publicat,,nu,declara-exporturile-d394,
GH-01266,Se declară operațiunile cu taxare inversă în D394?,ic_ue,candidat,,nu,,
GH-01267,Se declară facturile de la furnizori neplătitori de TVA în D394?,tva,publicat,,nu,declara-facturile-furnizori-neplatitori-tva,
GH-01268,Se declară achizițiile de la persoane fizice în D394?,tva,publicat,,nu,declara-achizitiile-persoane-fizice-d394,
GH-01269,Cum se declară bonurile de combustibil în D394?,tva,publicat,,nu,declara-bonurile-combustibil-d394,
GH-01270,Cum se declară facturile cu TVA la încasare în D394?,tva,publicat,,nu,declara-facturile-tva-incasare-d394,
GH-01271,Cum se declară facturile cu mai multe cote de TVA în D394?,tva,publicat,,nu,declara-facturile-multe-cote-tva,
GH-01272,Cum se declară o factură storno dintr-o lună anterioară în D394?,tva,publicat,,nu,declara-factura-storno-dintr-luna,
GH-01273,Cum verific D394 înainte de depunere?,tva,asemanator,,nu,,verific-d300-inainte-depunere
GH-01274,Cum reconciliez D394 cu D300?,tva,publicat,,nu,reconciliez-d394-d300,
GH-01275,De ce diferă baza impozabilă din D394 față de D300?,tva,publicat,,nu,difera-baza-impozabila-d394-d300,
GH-01276,De ce diferă TVA din D394 față de TVA din D300?,tva,publicat,,nu,difera-tva-d394-tva-d300,
GH-01277,Cum verific D394 cu jurnalele de TVA?,tva,publicat,,nu,verific-d394-jurnalele-tva,
GH-01278,Cum verific D394 cu balanța contabilă?,tva,publicat,,nu,verific-d394-balanta-contabila,
GH-01279,Ce fac dacă am omis o factură din D394?,tva,publicat,,nu,omis-factura-d394,
GH-01280,Cum corectez D394 după depunere?,tva,publicat,,nu,corectez-d394-depunere,
GH-01281,Se poate depune D394 rectificativă?,tva,publicat,,nu,depune-d394-rectificativa,
GH-01282,Cum declar o factură primită după depunerea D394?,tva,publicat,,nu,declar-factura-primita-depunerea-d394,
GH-01283,Ce fac dacă am declarat aceeași factură de două ori în D394?,tva,publicat,,nu,declarat-aceeasi-factura-doua-ori,
GH-01284,Ce fac dacă am declarat CUI-ul greșit în D394?,tva,publicat,,nu,declarat-cui-ul-gresit-d394,
GH-01285,Ce fac dacă D394 a fost respinsă?,tva,publicat,,nu,d394-fost-respinsa,
GH-01286,Care sunt amenzile pentru nedepunerea D394?,tva,publicat,,nu,amenzile-nedepunerea-d394,
GH-01287,Ce se întâmplă dacă depun D394 cu întârziere?,tva,publicat,,nu,intampla-depun-d394-intarziere,
GH-01288,Cum verific recipisa D394?,tva,publicat,,nu,verific-recipisa-d394,
GH-01289,Ce este pro-rata TVA și când se aplică?,tva,candidat,,nu,,
GH-01290,Cine trebuie să calculeze pro-rata TVA?,tva,publicat,,nu,calculeze-pro-rata-tva,
GH-01291,Cum se calculează pro-rata TVA în 2026?,tva,asemanator,,nu,,raporteaza-pro-rata-tva-d406
GH-01292,Ce operațiuni intră la numitorul pro-ratei TVA?,tva,publicat,,nu,operatiuni-intra-numitorul-pro-ratei,
GH-01293,Ce operațiuni intră la numărătorul pro-ratei TVA?,tva,asemanator,,nu,,operatiuni-intra-numitorul-pro-ratei
GH-01294,Ce venituri se exclud din calculul pro-ratei?,altele,candidat,,nu,,
GH-01295,Cum se rotunjește pro-rata TVA?,tva,candidat,,nu,,
GH-01296,Ce este pro-rata provizorie?,tva,publicat,,nu,pro-rata-provizorie,
GH-01297,Cum se stabilește pro-rata provizorie la începutul anului?,tva,publicat,,nu,stabileste-pro-rata-provizorie-inceputul,
GH-01298,Ce pro-rata folosește o firmă nou înființată?,tva,candidat,,nu,,
GH-01299,Cum se calculează pro-rata definitivă la sfârșitul anului?,tva,publicat,,nu,calculeaza-pro-rata-definitiva-sfarsitul,
GH-01300,Cum se regularizează TVA după calculul pro-ratei definitive?,tva,candidat,,nu,,
GH-01301,Unde se declară regularizarea pro-ratei în D300?,tva,candidat,,nu,,
GH-01302,Cum înregistrez contabil diferența din pro-rata definitivă?,tva,publicat,,nu,inregistrez-contabil-diferenta-pro-rata,
GH-01303,Cum aplic pro-rata la o factură de achiziție?,tva,candidat,,nu,,
GH-01304,Pro-rata se aplică la toate achizițiile firmei?,tva,publicat,,nu,pro-rata-aplica-achizitiile-firmei,
GH-01305,Cum tratez achizițiile folosite exclusiv pentru operațiuni taxabile?,altele,candidat,,nu,,
GH-01306,Cum tratez achizițiile folosite exclusiv pentru operațiuni scutite fără drept de deducere?,altele,candidat,,nu,,
GH-01307,Cum tratez cheltuielile comune pentru activități taxabile și scutite?,altele,candidat,,nu,,
GH-01308,Se aplică pro-rata TVA la mijloace fixe?,tva,candidat,,nu,,
GH-01309,Cum se ajustează TVA la bunurile de capital când se modifică pro-rata?,tva,publicat,,nu,ajusteaza-tva-bunurile-capital-modifica,
GH-01310,Veniturile din dividende intră în calculul pro-ratei TVA?,declaratii_speciale,publicat,,nu,veniturile-dividende-intra-calculul-pro,
GH-01311,Veniturile din dobânzi intră în calculul pro-ratei TVA?,tva,asemanator,,nu,,veniturile-dividende-intra-calculul-pro
GH-01312,Vânzarea unui mijloc fix influențează pro-rata TVA?,tva,publicat,,nu,vanzarea-mijloc-fix-influenteaza-pro,
GH-01313,Subvențiile intră în calculul pro-ratei TVA?,tva,asemanator,,nu,,veniturile-dividende-intra-calculul-pro
GH-01314,Operațiunile financiare ocazionale influențează pro-rata?,tva,candidat,,nu,,
GH-01315,Cum verific calculul pro-ratei TVA la control?,tva,publicat,,nu,verific-calculul-pro-ratei-tva,
GH-01316,Ce documente justifică pro-rata TVA?,tva,candidat,,nu,,
GH-01317,Ce se întâmplă dacă am calculat greșit pro-rata?,tva,candidat,,nu,,
GH-01318,Cum corectez pro-rata TVA din anii anteriori?,tva,candidat,,nu,,
GH-01319,Ce este TVA la încasare și cum funcționează în 2026?,tva,publicat,,nu,ce-este-tva-la-incasare-2026,
GH-01320,Care este plafonul pentru TVA la încasare în 2026?,tva,publicat,,nu,plafonul-tva-incasare-2026,
GH-01321,Cine poate aplica sistemul TVA la încasare?,tva,publicat,,da,aplica-sistemul-tva-incasare,
GH-01322,Cum intru în sistemul TVA la încasare în 2026?,tva,publicat,,da,intru-sistemul-tva-incasare-2026,
GH-01323,Este obligatoriu sistemul TVA la încasare?,tva,publicat,,nu,tva-incasare-obligatoriu-sau-optional,
GH-01324,Pot opta voluntar pentru TVA la încasare?,tva,publicat,,nu,opta-voluntar-tva-incasare (+1 dubluri),
GH-01325,De la ce dată se aplică TVA la încasare după opțiune?,tva,publicat,,nu,data-aplica-tva-incasare-optiune,
GH-01326,Cum verific dacă o firmă aplică TVA la încasare?,tva,publicat,,nu,verific-firma-aplica-tva-incasare-2 (+1 dubluri),
GH-01327,Cum verific un furnizor în Registrul TVA la încasare?,tva,publicat,,nu,verific-furnizor-registrul-tva-incasare,
GH-01328,Când devine exigibilă TVA pentru o firmă care aplică TVA la încasare?,tva,publicat,,nu,devine-exigibila-tva-firma-aplica,
GH-01329,Cum se tratează o încasare parțială în sistemul TVA la încasare?,tva,publicat,,nu,incasare-partiala-tva-la-incasare,
GH-01330,Cum calculez TVA exigibilă la o încasare parțială?,tva,publicat,,nu,calculez-tva-exigibila-incasare-partiala,
GH-01331,Cum se tratează compensarea în sistemul TVA la încasare?,tva,publicat,,nu,trateaza-compensarea-sistemul-tva-incasare-2 (+1 dubluri),
GH-01332,Cum se tratează plata prin bancă în TVA la încasare?,tva,publicat,,nu,trateaza-plata-banca-tva-incasare,
GH-01333,Cum se tratează plata în numerar în TVA la încasare?,tva,publicat,,nu,trateaza-plata-numerar-tva-incasare,
GH-01334,Cum se tratează plata cu cardul în sistemul TVA la încasare?,tva,publicat,,nu,trateaza-plata-cardul-sistemul-tva,
GH-01335,Cum se tratează cesiunea de creanță în sistemul TVA la încasare?,tva,publicat,,nu,trateaza-cesiunea-creanta-sistemul-tva,
GH-01336,Cum se tratează un avans în sistemul,altele,candidat,,nu,,
GH-01337,D112 în 2026: termenul de depunere lunară și trimestrială,salarizare,candidat,,nu,,
GH-01338,Cine depune D112 lunar și cine trimestrial în 2026,salarizare,publicat,,nu,depune-d112-lunar-trimestrial-2026,
GH-01339,D112 pentru firmele cu un singur salariat: cum se depune,salarizare,publicat,,nu,d112-firmele-singur-salariat-depune,
GH-01340,Am depus D112 greșit: cum fac declarația rectificativă,salarizare,publicat,,nu,depus-d112-gresit-declaratia-rectificativa,
GH-01341,D112 rectificativă pentru salarii: procedura corectă,salarizare,candidat,,nu,,
GH-01342,Corectarea D112 după depunere: cât timp am la dispoziție,salarizare,candidat,,nu,,
GH-01343,Amenda pentru nedepunerea D112 la termen: cât este 2026,salarizare,asemanator,,nu,,amenda-nedepunerea-d390-termen-2026
GH-01344,D112 neplătit la timp: penalități și dobânzi,salarizare,candidat,,nu,,
GH-01345,Cum completez D112 pentru un salariat nou angajat,salarizare,publicat,,nu,completez-d112-salariat-nou-angajat,
GH-01346,D112 pentru angajări și plecări în cursul lunii,salarizare,publicat,,nu,d112-angajari-plecari-cursul-lunii,
GH-01347,Declararea salariaților cu normă întreagă vs part-time în D112,salarizare,publicat,,nu,declararea-salariatilor-norma-intreaga-vs,
GH-01348,Cum raportez în D112 salariatul cu concediu fără plată,salarizare,publicat,,nu,raportez-d112-salariatul-concediu-plata,
GH-01349,D112 pentru salariatul detașat în străinătate 2026,salarizare,candidat,,nu,,
GH-01350,D112 și salariații cu contract suspendat: cum procedez,salarizare,publicat,,nu,d112-salariatii-contract-suspendat-procedez,
GH-01351,Cum raportez în D112 corectarea salariului după o eroare,salarizare,publicat,,nu,raportez-d112-corectarea-salariului-eroare,
GH-01352,Salariul minim 2026: cât este și cum se aplică,salarizare,candidat,,nu,,
GH-01353,Salariul minim pe economie se aplică la firmele din construcții 2026,salarizare,candidat,,nu,,
GH-01354,Salariul minim pentru sectorul HoReCa: ce valoare are,salarizare,candidat,,nu,,
GH-01355,Salariul minim brut vs net în 2026: cum îl calculez,salarizare,asemanator,,nu,,salariul-minim-brut-vs-net
GH-01356,Angajarea cu salariul minim: ce contribuții plătesc,salarizare,candidat,,nu,,
GH-01357,Salariul minim pentru un angajat cu studii superioare: obligatoriu,salarizare,candidat,,nu,,
GH-01358,Pot plăti sub salariul minim pentru normă parțială,salarizare,candidat,,nu,,
GH-01359,Cum se calculează salariul pentru 4 ore pe zi în 2026,salarizare,publicat,,nu,cum-se-calculeaza-salariul-pentru-4-ore-pe-zi-in-2026,
GH-01360,Salariul minim la PFA care se angajează: se aplică,pfa,candidat,,nu,,
GH-01361,"Contribuții salariale 2026: CAS, CASS și impozit pe venit",salarizare,publicat,,nu,contributii-salariale-2026-cas-cass,
GH-01362,Cotele de contribuții pentru salariați în 2026: cine plătește ce,salarizare,publicat,,nu,cotele-contributii-salariati-2026-plateste,
GH-01363,CAS 25% și CASS 10% în 2026: cum se rețin,altele,publicat,,nu,cas-25-cass-10-2026,
GH-01364,Impozitul pe venit din salarii 10% în 2026: cum se calculează,salarizare,publicat,,nu,impozitul-venit-salarii-10-2026,
GH-01365,Cum se calculează salariul net din brut în 2026,salarizare,publicat,,da,cum-se-calculeaza-salariul-net-din-brut-in-2026,
GH-01366,Calculator salariu net 2026: cum verific reținerile,salarizare,publicat,,nu,calculator-salariu-net-2026-verific,
GH-01367,Contribuția de asigurări sociale datorată de angajator 2026,altele,candidat,,nu,,
GH-01368,Contribuția asiguratorie de muncă 2026: cota și baza,altele,publicat,,nu,contributia-asiguratorie-munca-2026-cota,
GH-01369,Cum se calculează CAM-ul pentru un salariat,salarizare,publicat,,nu,calculeaza-cam-ul-salariat,
GH-01370,Baza de calcul a contribuțiilor salariale: ce se include,salarizare,asemanator,,nu,,baza-calcul-contributiilor-salariale-include
GH-01371,Deducerea personală 2026: cine beneficiază și cum se calculează,altele,candidat,,nu,,
GH-01372,Cum se aplică deducerea personală pentru salariații cu copii,salarizare,candidat,,nu,,
GH-01373,Deducerea personală pentru tineri sub 26 de ani 2026,altele,candidat,,nu,,
GH-01374,Cum se acordă deducerea personală pentru persoanele cu handicap,altele,candidat,,nu,,
GH-01375,Salariul brut vs net pentru un salariat cu deducere personală,salarizare,publicat,,nu,salariul-brut-vs-net-pentru-un-salariat-cu-deducere-personala,
GH-01376,Cum se calculează contribuțiile pentru salariatul cu contract part-time,salarizare,candidat,,nu,,
GH-01377,Plafonul contribuțiilor salariale: există în 2026,salarizare,candidat,,nu,,
GH-01378,Cum se aplică plafonul de 12 salarii minime la contribuții,salarizare,publicat,,nu,cum-se-aplica-plafonul-de-12-salarii-minime-la-contributii,
GH-01379,Concediul de odihnă 2026: cum se calculează indemnizația,salarizare,publicat,,nu,concediul-odihna-2026-calculeaza-indemnizatia,
GH-01380,Cum se acordă concediul de odihnă la angajare în cursul anului,salarizare,candidat,,nu,,
GH-01381,Numărul minim de zile de concediu de odihnă pe an,salarizare,publicat,,nu,numarul-minim-zile-concediu-odihna,
GH-01382,Indemnizația de concediu: contribuții și impozit 2026,salarizare,publicat,,nu,indemnizatia-concediu-contributii-impozit-2026,
GH-01383,Cum se plătește concediul de odihnă neefectuat la plecare,salarizare,publicat,,nu,plateste-concediul-odihna-neefectuat-plecare,
GH-01384,Concediul medical 2026: cum se calculează indemnizația,salarizare,publicat,,nu,concediul-medical-2026-calculeaza-indemnizatia,
GH-01385,Concediul medical pentru primele zile: cine plătește,salarizare,publicat,,nu,concediul-medical-pentru-primele-zile-cine-plateste,
GH-01386,Indemnizația de boală: cum se calculează baza de calcul,salarizare,publicat,,nu,indemnizatia-de-boala-cum-se-calculeaza-baza-de-calcul (+1 dubluri),
GH-01387,Concediul medical și D112: cum se raportează,salarizare,publicat,,nu,concediul-medical-d112-raporteaza,
GH-01388,Contribuții pentru perioada de concediu medical: se datorează,salarizare,publicat,,nu,contributii-perioada-concediu-medical-datoreaza,
GH-01389,Concediul de maternitate 2026: cum se calculează indemnizația,salarizare,publicat,,nu,concediul-maternitate-2026-calculeaza-indemnizatia,
GH-01390,Indemnizația de maternitate: cine o plătește și cum se declară,salarizare,publicat,,nu,indemnizatia-maternitate-plateste-declara,
GH-01391,Concediul pentru creșterea copilului: obligații pentru angajator,salarizare,publicat,,nu,concediul-cresterea-copilului-obligatii-angajator,
GH-01392,Cum se calculează concediul de creștere copil 2026,salarizare,candidat,,nu,,
GH-01393,Indemnizația pentru creșterea copilului: plafon și contribuții,salarizare,candidat,,nu,,
GH-01394,Concediul paternal 2026: câte zile și cum se plătește,salarizare,publicat,,nu,concediul-paternal-2026-cate-zile,
GH-01395,Concediul paternal și D112: cum se declară,salarizare,publicat,,da,concediul-paternal-d112-declara,
GH-01396,Concediul pentru îngrijirea copilului bolnav: cum se acordă,salarizare,asemanator,,nu,,calculeaza-concediul-ingrijirea-copilului-bolnav
GH-01397,Zilele libere pentru evenimente familiale: cum se plătesc,altele,asemanator,,nu,,zilele-libere-evenimente-familiale-deosebite
GH-01398,Concediul de studii 2026: indemnizație și obligații,salarizare,publicat,,nu,concediul-studii-2026-indemnizatie-obligatii,
GH-01399,Cum se tratează absențele nemotivate în salarizare,salarizare,publicat,,nu,trateaza-absentele-nemotivate-salarizare,
GH-01400,Reținerile din salariu pentru absențe: cum se calculează,salarizare,publicat,,nu,retinerile-salariu-absente-calculeaza,
GH-01401,Concediul fără plată 2026: efecte asupra stagiului de cotizare,salarizare,candidat,,nu,,
GH-01402,Continuarea contractului în timpul concediului fără plată,salarizare,asemanator,,nu,,continuarea-contractului-munca-timpul-concediului
GH-01403,Salariatul în șomaj tehnic 2026: cum se calculează indemnizația,salarizare,publicat,,nu,salariatul-somaj-tehnic-2026-calculeaza,
GH-01404,Șomajul tehnic: cine suportă indemnizația și contribuțiile,salarizare,candidat,,nu,,
GH-01405,Curtea de muncă și salarizarea: erori frecvente ale angajatorului,salarizare,candidat,,nu,,
GH-01406,Munca suplimentară 2026: cum se plătește și cum se impozitează,altele,publicat,,nu,munca-suplimentara-2026-plateste-impoziteaza,
GH-01407,Orele suplimentare: spor de 75% sau 100% în 2026,altele,candidat,,nu,,
GH-01408,Cum se acordă orele libere în locul orelor suplimentare,altele,candidat,,nu,,
GH-01409,Munca în zilele de repaus săptămânal: sporul aplicabil,altele,candidat,,nu,,
GH-01410,Munca în sărbători legale 2026: cum se plătește,altele,publicat,,nu,munca-sarbatori-legale-2026-plateste,
GH-01411,Sporul de noapte 2026: când se acordă și cât este,altele,candidat,,nu,,
GH-01412,Sporul pentru condiții grele de muncă: cum se calculează,altele,publicat,,nu,sporul-conditii-grele-munca-calculeaza,
GH-01413,Sporul de vechime 2026: mai există obligatoriu,altele,candidat,,nu,,
GH-01414,Cum se calculează sporul pentru muncă în ture,altele,publicat,,nu,calculeaza-sporul-munca-ture,
GH-01415,Primele și bonusurile salariale: cum se impozitează 2026,salarizare,publicat,,nu,primele-bonusurile-salariale-impoziteaza-2026,
GH-01416,Primele de performanță: contribuții și impozit,altele,publicat,,nu,primele-performanta-contributii-impozit,
GH-01417,Bonusul de sărbători acordat salariaților: tratament fiscal,salarizare,candidat,,nu,,
GH-01418,Primele de vacanță 2026: cum se impozitează,altele,candidat,,nu,,
GH-01419,Tichetele de masă 2026: valoare maximă și impozitare,altele,candidat,,nu,,
GH-01420,Cum se acordă tichetele de masă și ce contribuții au,altele,publicat,,nu,cum-se-acorda-tichetele-de-masa-si-ce-contributii-au,
GH-01421,Tichetele de vacanță 2026: condiții și impozitare,altele,publicat,,nu,tichetele-de-vacanta-2026-conditii-si-impozitare,
GH-01422,Tichetele cadou pentru salariați: plafon fiscal 2026,salarizare,candidat,,nu,,
GH-01423,Tichetele culturale 2026: tratament fiscal pentru angajator,altele,publicat,,nu,tichetele-culturale-2026-tratament-fiscal,
GH-01424,Cum se acordă voucherele de creșă și tratamentul lor fiscal,altele,candidat,,nu,,
GH-01425,Diurna pentru deplasări interne 2026: plafoane și impozitare,salarizare,publicat,,nu,diurna-deplasari-interne-2026-plafoane,
GH-01426,Diurna externă 2026: suma neimpozabilă,salarizare,candidat,,nu,,
GH-01427,Cum se acordă diurna și cum se declară în D112,salarizare,publicat,,nu,acorda-diurna-declara-d112,
GH-01428,Decontarea deplasărilor și salarizarea: procedura corectă,salarizare,candidat,,nu,,
GH-01429,Avansurile salariale: cum se înregistrează și se rețin,salarizare,publicat,,nu,avansurile-salariale-inregistreaza-retin,
GH-01430,Reținerile din salariu pentru credite bancare: limite 2026,salarizare,candidat,,nu,,
GH-01431,Poprirea pe salariu: cum se aplică și ce sume se rețin,salarizare,publicat,,nu,poprirea-salariu-aplica-sume-retin,
GH-01432,Cum se face reținerea pentru pensia facultativă a salariatului,salarizare,candidat,,nu,,
GH-01433,Ajutorul de înmormântare acordat angajatorului: impozitare,altele,candidat,,nu,,
GH-01434,Ajutorul pentru boli grave acordat salariatului: tratament fiscal,salarizare,publicat,,nu,ajutorul-boli-grave-acordat-salariatului,
GH-01435,Cadourile acordate salariaților de sărbători: plafon și impozit,salarizare,candidat,,nu,,
GH-01436,Ajutoarele sociale ale angajatorului: deductibile sau nu,altele,publicat,,nu,ajutoarele-sociale-angajatorului-deductibile,
GH-01437,Cum se tratează fiscal împrumuturile acordate salariaților,salarizare,publicat,,nu,trateaza-fiscal-imprumuturile-acordate-salariatilor,
GH-01438,Impozitarea avantajelor în natură pentru salariați 2026,salarizare,candidat,,nu,,
GH-01439,Autoturismul de serviciu folosit în scop personal: avantaj impozabil,altele,candidat,,nu,,
GH-01440,Telefonul și laptopul de serviciu: avantaj impozabil pentru salariat,salarizare,asemanator,,nu,,telefonul-laptopul-serviciu-avantaj-impozabil
GH-01441,Cum se impozitează locuința de serviciu acordată salariatului,salarizare,publicat,,nu,impoziteaza-locuinta-serviciu-acordata-salariatului,
GH-01442,Regimul fiscal al salariaților care lucrează de acasă 2026,salarizare,candidat,,nu,,
GH-01443,Telemunca și decontarea cheltuielilor: tratament salarial,salarizare,candidat,,nu,,
GH-01444,Cum se acordă indemnizația de telemuncă salariatului,salarizare,candidat,,nu,,
GH-01445,Salariul pentru mobilitate și munca în străinătate,salarizare,publicat,,nu,salariul-mobilitate-munca-strainatate,
GH-01446,Detașarea transnațională și D112: obligații 2026,salarizare,asemanator,,nu,,detasarea-transnationala-d112-obligatii-2026
GH-01447,Cum se declară salariații detașați în D112 2026,salarizare,asemanator,,nu,,declara-bonusurile-d112
GH-01448,Salariații cu domiciliul în alt stat: contribuții și impozit,salarizare,publicat,,nu,salariatii-domiciliul-alt-stat-contributii,
GH-01449,Regimul fiscal al salariatului nerezident în România,salarizare,candidat,,nu,,
GH-01450,Convenția de evitare a dublei impuneri și salariile,salarizare,publicat,,nu,conventia-evitare-dublei-impuneri-salariile,
GH-01451,Cum se aplică acordul-cadru pentru salariații mobili,salarizare,asemanator,,nu,,acordul-cadru-salariatii-mobili
GH-01452,Angajarea cetățenilor străini: contribuții și D112 2026,salarizare,publicat,,nu,angajarea-cetatenilor-straini-contributii-d112,
GH-01453,Peștele și contribuțiile pentru personalul străin,altele,publicat,,nu,pestele-contributiile-personalul-strain,
GH-01454,Cum se angajează sezonierii în agricultură 2026,altele,candidat,,nu,,
GH-01455,Regimul fiscal al zilierilor: contribuții și declarare,altele,candidat,,nu,,
GH-01456,Cum se declară veniturile zilnicilor în 2026,altele,asemanator,,nu,,declara-veniturile-asimilate-dividendelor-2026
GH-01457,Contractul de mandat: contribuții și impozit 2026,altele,asemanator,,nu,,contract-mandat-administrator
GH-01458,Administratorul cu contract de mandat: cum se salarizează,salarizare,candidat,,nu,,
GH-01459,Cum se calculează contribuțiile pentru contractul de administrare,altele,candidat,,nu,,
GH-01460,Diferența dintre contract de muncă și contract de mandat fiscal,greseli,candidat,,nu,,
GH-01461,Contractul de colaborare cu PFA: obligații de declarare,pfa,publicat,,nu,contractul-colaborare-pfa-obligatii-declarare,
GH-01462,Cum se reține impozitul pentru colaboratorii PFA în 2026,pfa,publicat,,nu,retine-impozitul-colaboratorii-pfa-2026,
GH-01463,Veniturile din convenții civile: contribuții și impozit,altele,publicat,,nu,veniturile-conventii-civile-contributii-impozit,
GH-01464,Cum se declară în D112 salariul administratorului,salarizare,asemanator,,nu,,declara-bonusurile-d112
GH-01465,Microîntreprinderea și salarizarea: obligații 2026,salarizare,candidat,,nu,,
GH-01466,Firma micro cu un singur salariat: condiții și D112,salarizare,candidat,,nu,,
GH-01467,Cum se calculează salarizarea pentru firma nou înființată,salarizare,asemanator,,nu,,calculeaza-plafonul-micro-firma-nou
GH-01468,Prima declarație D112 a unei firme noi: cum o depun,salarizare,publicat,,nu,prima-declaratie-d112-firme-noi,
GH-01469,Angajarea primului salariat: pași și obligații 2026,salarizare,publicat,,nu,angajarea-primului-salariat-pasi-obligatii,
GH-01470,Înregistrarea contractului individual de muncă în REVISAL,altele,publicat,,nu,inregistrarea-contractului-individual-munca-revisal,
GH-01471,Registrul general de evidență a salariaților 2026: obligații,salarizare,publicat,,nu,registrul-general-evidenta-salariatilor-2026,
GH-01472,Cum se transmite contractul de muncă în REVISAL,altele,publicat,,nu,transmite-contractul-munca-revisal,
GH-01473,Modificarea contractului de muncă în REVISAL: termene 2026,control_fiscal,publicat,,nu,modificarea-contractului-munca-revisal-termene,
GH-01474,Cum se raportează încetarea contractului în REVISAL,altele,publicat,,nu,raporteaza-incetarea-contractului-revisal,
GH-01475,Registrul de pontaj 2026: cum se ține corect,salarizare,publicat,,nu,registrul-pontaj-2026-corect,
GH-01476,Cum se calculează salariul pentru prima lună de angajare,salarizare,candidat,,nu,,
GH-01477,Salarizarea la angajare la jumătatea lunii: cum calculez,salarizare,publicat,,nu,salarizarea-angajare-jumatatea-lunii-calculez,
GH-01478,Ajustarea salariului după majorarea salariului minim,salarizare,candidat,,nu,,
GH-01479,Majorarea salariului minim 2026: ce contracte trebuie modificate,salarizare,candidat,,nu,,
GH-01480,Cum se actualizează contractele de muncă la noul salariu minim,salarizare,publicat,,nu,actualizeaza-contractele-munca-noul-salariu,
GH-01481,Concedierea și salarizarea finală: ce trebuie plătit,salarizare,candidat,,nu,,
GH-01482,Plata orelor lucrate până la data concedierii,altele,candidat,,nu,,
GH-01483,Compensația pentru preaviz: cum se calculează 2026,altele,publicat,,nu,compensatia-preaviz-calculeaza-2026,
GH-01484,Salariul compensatoriu la concediere: impozitare,salarizare,candidat,,nu,,
GH-01485,Indemnizația de concediere: contribuții și impozit,salarizare,publicat,,nu,indemnizatia-concediere-contributii-impozit,
GH-01486,D112 pentru salariații concediați în cursul lunii,salarizare,candidat,,nu,,
GH-01487,Cum se tratează salariul pentru perioada de preaviz,salarizare,candidat,,nu,,
GH-01488,Lichidarea salarială la plecarea voluntară a salariatului,salarizare,candidat,,nu,,
GH-01489,Impozitarea salariilor restante plătite ulterior,salarizare,publicat,,nu,impozitarea-salariilor-restante-platite-ulterior,
GH-01490,Cum se plătesc salariile restante și cum se declară,salarizare,publicat,,nu,platesc-salariile-restante-declara,
GH-01491,Contribuții pentru salariile din anii anteriori în 2026,salarizare,candidat,,nu,,
GH-01492,Salarizarea și controlul ANAF: ce verifică inspectorii,salarizare,candidat,,nu,,
GH-01493,Pregătirea documentației pentru controlul pe salarizare,salarizare,publicat,,nu,pregatirea-documentatiei-controlul-salarizare,
GH-01494,Notificare ANAF despre D112: cum răspund,salarizare,asemanator,,nu,,notificare-anaf-d390-raspund
GH-01495,Cum evit diferențele la controlul contribuțiilor salariale,salarizare,candidat,,nu,,
GH-01496,Contestația împotriva deciziei de impunere pe salarii,salarizare,candidat,,nu,,
GH-01497,Puncte de vedere ANAF despre salarizare 2026,salarizare,publicat,,nu,puncte-vedere-anaf-salarizare-2026,
GH-01498,Checklist pentru închiderea lunii de salarizare 2026,salarizare,publicat,,nu,checklist-inchiderea-lunii-salarizare-2026,
GH-01499,Calendar salarizare 2026: termenele lunare,salarizare,candidat,,nu,,
GH-01500,Modificări legislative 2026 în salarizare: noutăți,salarizare,publicat,,nu,modificari-legislative-2026-salarizare-noutati,
GH-01501,Ce s-a schimbat în Codul muncii la salarizare în 2026,salarizare,publicat,,nu,s-schimbat-codul-muncii-salarizare,
GH-01502,Cum verific corectitudinea D112 folosind statele de plată,salarizare,publicat,,nu,verific-corectitudinea-d112-folosind-statele,
GH-01503,Erori frecvente la statul de plată și cum le evit,altele,publicat,,nu,erori-frecvente-statul-plata-evit,
GH-01504,"Confuzii frecvente între brut, net și contribuții salariale",salarizare,candidat,,nu,,
GH-01505,Cum calculez salariul pentru salariatul cu mai multe contracte,salarizare,publicat,,nu,calculez-salariul-salariatul-multe-contracte,
GH-01506,Cum se cumulează veniturile din salarii pentru plafoane 2026,salarizare,publicat,,nu,cumuleaza-veniturile-salarii-plafoane-2026,
GH-01507,Care este salariul minim brut în România în 2026?,salarizare,candidat,,nu,,
GH-01508,Cât este salariul minim net în 2026?,salarizare,candidat,,nu,,
GH-01509,De la ce dată se modifică salariul minim în 2026?,salarizare,publicat,,nu,data-modifica-salariul-minim-2026,
GH-01510,Cum se calculează salariul net din salariul brut în 2026?,salarizare,candidat,,da,,
GH-01511,Cât costă firma un angajat cu salariul minim în 2026?,salarizare,candidat,,nu,,
GH-01512,Ce contribuții plătește angajatul din salariu în 2026?,salarizare,publicat,,nu,contributii-plateste-angajatul-salariu-2026,
GH-01513,Ce contribuții plătește angajatorul pentru un salariat în 2026?,salarizare,publicat,,nu,contributii-plateste-angajatorul-salariat-2026,
GH-01514,Cum se calculează CAS pentru salarii în 2026?,salarizare,publicat,,nu,calculeaza-cas-salarii-2026,
GH-01515,Cum se calculează CASS pentru salarii în 2026?,salarizare,publicat,,nu,calculeaza-cass-salarii-2026,
GH-01516,Cum se calculează impozitul pe salariu în 2026?,salarizare,publicat,,nu,cum-se-calculeaza-impozitul-pe-salariu-in-2026,
GH-01517,Cum se calculează contribuția asiguratorie pentru muncă în 2026?,altele,publicat,,nu,calculeaza-contributia-asiguratorie-munca-2026,
GH-01518,Care este cota CAS pentru salarii în 2026?,salarizare,candidat,,nu,,
GH-01519,Care este cota CASS pentru salarii în 2026?,salarizare,candidat,,nu,,
GH-01520,Care este cota CAM în 2026?,altele,publicat,,nu,cota-cam-2026,
GH-01521,Care este termenul de plată pentru taxele salariale în 2026?,salarizare,candidat,,nu,,
GH-01522,Care este termenul de depunere a D112 în 2026?,salarizare,asemanator,,nu,,termenul-depunere-d406-2026
GH-01523,Cine trebuie să depună declarația D112 în 2026?,salarizare,publicat,,nu,depuna-declaratia-d112-2026,
GH-01524,Cum se completează D112 pentru un salariat cu normă întreagă?,salarizare,publicat,,nu,completeaza-d112-salariat-norma-intreaga,
GH-01525,Cum se completează D112 pentru un salariat part-time?,salarizare,publicat,,nu,completeaza-d112-salariat-part-time,
GH-01526,Cum se completează D112 pentru un angajat nou?,salarizare,asemanator,,nu,,completez-d112-salariat-nou-angajat
GH-01527,Cum se declară în D112 un salariat care pleacă în cursul lunii?,salarizare,publicat,,nu,declara-d112-salariat-pleaca-cursul,
GH-01528,Cum se declară în D112 un salariat cu contract suspendat?,salarizare,candidat,,nu,,
GH-01529,Cum se declară în D112 concediul medical?,salarizare,publicat,,nu,declara-d112-concediul-medical,
GH-01530,Cum se declară în D112 concediul fără plată?,salarizare,asemanator,,nu,,declara-d112-concediul-medical
GH-01531,Cum se declară în D112 concediul de maternitate?,salarizare,asemanator,,da,,declara-d112-concediul-medical
GH-01532,Cum se declară în D112 concediul pentru creșterea copilului?,salarizare,asemanator,,nu,,declara-d112-concediul-ingrijirea-copilului
GH-01533,Cum se declară în D112 un salariat pensionar?,salarizare,candidat,,nu,,
GH-01534,Cum se declară în D112 un salariat cu handicap?,salarizare,candidat,,da,,
GH-01535,Cum se declară în D112 un salariat străin?,salarizare,candidat,,nu,,
GH-01536,Cum se declară în D112 un administrator cu contract de mandat?,salarizare,candidat,,nu,,
GH-01537,Cum se declară în D112 indemnizația administratorului?,salarizare,asemanator,,nu,,declara-bonusurile-d112
GH-01538,Cum se declară în D112 veniturile din contracte de mandat?,salarizare,publicat,,nu,declara-d112-veniturile-contracte-mandat,
GH-01539,Cum se depune D112 dacă firma nu mai are salariați?,salarizare,publicat,,nu,depune-d112-firma-salariati,
GH-01540,Trebuie depusă D112 pe zero dacă firma nu are salarii?,salarizare,candidat,,nu,,
GH-01541,Ce faci dacă ai uitat să depui D112 la termen?,salarizare,candidat,,nu,,
GH-01542,Ce penalități sunt pentru depunerea cu întârziere a D112?,salarizare,publicat,,nu,penalitati-depunerea-intarziere-d112,
GH-01543,Cum se corectează o declarație D112 greșită?,salarizare,asemanator,,nu,,cum-se-corecteaza-o-declaratie-d390-gresita
GH-01544,Cum se depune D112 rectificativă?,salarizare,asemanator,,nu,,depune-d101-rectificativa-2
GH-01545,Când trebuie depusă D112 rectificativă?,salarizare,asemanator,,nu,,depusa-d101-rectificativa
GH-01546,Cum corectezi CNP-ul greșit al unui salariat în D112?,salarizare,candidat,,nu,,
GH-01547,Cum corectezi salariul brut declarat greșit în D112?,salarizare,publicat,,nu,corectezi-salariul-brut-declarat-gresit,
GH-01548,Cum corectezi CAS declarat greșit în D112?,salarizare,asemanator,,nu,,corectezi-salariul-brut-declarat-gresit
GH-01549,Cum corectezi CASS declarat greșit în D112?,salarizare,asemanator,,nu,,corectezi-salariul-brut-declarat-gresit
GH-01550,Cum corectezi impozitul pe salariu declarat greșit în D112?,salarizare,asemanator,,nu,,corectezi-impozitul-dividende-declarat-gresit
GH-01551,Cum corectezi un concediu medical declarat greșit în D112?,salarizare,publicat,,nu,corectezi-concediu-medical-declarat-gresit,
GH-01552,Cum corectezi numărul de zile lucrate în D112?,salarizare,publicat,,nu,corectezi-numarul-zile-lucrate-d112,
GH-01553,Cum corectezi o D112 după plata contribuțiilor?,salarizare,candidat,,nu,,
GH-01554,Ce faci dacă D112 nu corespunde cu statul de salarii?,salarizare,publicat,,nu,d112-corespunde-statul-salarii,
GH-01555,De ce diferă CAS din D112 de CAS din contabilitate?,salarizare,publicat,,nu,difera-cas-d112-cas-contabilitate,
GH-01556,De ce diferă CASS din D112 de CASS din balanță?,salarizare,publicat,,nu,difera-cass-d112-cass-balanta,
GH-01557,De ce diferă impozitul pe salarii din D112 de balanța contabilă?,salarizare,publicat,,nu,difera-impozitul-salarii-d112-balanta,
GH-01558,Cum verifici D112 cu balanța contabilă?,salarizare,publicat,,nu,verifici-d112-balanta-contabila,
GH-01559,Cum verifici D112 cu statul de salarii?,salarizare,publicat,,nu,verifici-d112-statul-salarii,
GH-01560,Ce conturi contabile trebuie să corespundă cu D112?,salarizare,publicat,,nu,conturi-contabile-corespunda-d112,
GH-01561,Cum verifici contul 421 cu statul de salarii?,salarizare,publicat,,nu,verifici-contul-421-statul-salarii,
GH-01562,Cum verifici contul 4315 cu D112?,salarizare,publicat,,nu,verifici-contul-4315-d112,
GH-01563,Cum verifici contul 4316 cu D112?,salarizare,publicat,,nu,verifici-contul-4316-d112,
GH-01564,Cum verifici contul 436 cu D112?,salarizare,publicat,,nu,verifici-contul-436-d112,
GH-01565,Cum verifici contul 444 cu D112?,salarizare,publicat,,nu,verifici-contul-444-d112,
GH-01566,Cum reconciliezi taxele salariale din balanță cu D112?,salarizare,publicat,,nu,reconciliezi-taxele-salariale-balanta-d112,
GH-01567,De ce apare diferență între statul de salarii și contul 421?,salarizare,publicat,,nu,apare-diferenta-statul-salarii-contul,
GH-01568,Cum verifici dacă taxele salariale au fost calculate corect?,salarizare,publicat,,nu,verifici-taxele-salariale-fost-calculate,
GH-01569,Cum verifici în SPV dacă D112 a fost procesată?,salarizare,candidat,,nu,,
GH-01570,Ce faci dacă D112 apare cu erori la validare?,salarizare,publicat,,nu,d112-apare-erori-validare,
GH-01571,De ce nu se validează declarația D112?,salarizare,publicat,,nu,d112-nu-se-valideaza-erori-frecvente,
GH-01572,Cum repari erorile de validare din D112?,salarizare,candidat,,nu,,
GH-01573,Ce faci dacă recipisa D112 conține avertizări?,salarizare,publicat,,nu,recipisa-d112-contine-avertizari,
GH-01574,D112 cu avertizări este considerată depusă?,salarizare,asemanator,,nu,,d406-avertizari-considerata-depusa
GH-01575,Cum verifici recipisa unei declarații D112?,salarizare,candidat,,nu,,
GH-01576,Ce faci dacă D112 a fost respinsă după termenul de depunere?,salarizare,candidat,,nu,,
GH-01577,Cum se generează XML-ul pentru D112?,salarizare,publicat,,nu,genereaza-xml-ul-d112,
GH-01578,Cum se validează fișierul XML al D112?,salarizare,publicat,,nu,valideaza-fisierul-xml-d112,
GH-01579,Cum se semnează electronic declarația D112?,salarizare,publicat,,nu,semneaza-electronic-declaratia-d112,
GH-01580,Poate contabilul depune D112 pentru client?,salarizare,publicat,,nu,contabilul-depune-d112-client,
GH-01581,Ce faci dacă ai depus D112 de două ori pentru aceeași lună?,salarizare,candidat,,nu,,
GH-01582,Cum verifici ultima D112 validă depusă la ANAF?,salarizare,publicat,,nu,verifici-ultima-d112-valida-depusa,
GH-01583,Cum se declară diferențele salariale pentru luni anterioare în D112?,salarizare,publicat,,nu,declara-diferentele-salariale-luni-anterioare,
GH-01584,Cum se declară salariile restante în D112?,salarizare,asemanator,,nu,,declara-bonusurile-d112
GH-01585,Când se datorează contribuțiile pentru salariile neachitate?,salarizare,candidat,,nu,,
GH-01586,Cum se înregistrează contabil salariile neachitate?,salarizare,publicat,,nu,inregistreaza-contabil-salariile-neachitate,
GH-01587,Cum se calculează salariul pentru o lună incompletă?,salarizare,asemanator,,nu,,calculeaza-amortizarea-luna-incompleta
GH-01588,Cum se calculează salariul unui angajat venit în mijlocul lunii?,salarizare,asemanator,,nu,,calculeaza-salariul-angajat-pleaca-mijlocul
GH-01589,Cum se calculează salariul unui angajat care pleacă în mijlocul lunii?,salarizare,publicat,,nu,calculeaza-salariul-angajat-pleaca-mijlocul,
GH-01590,Cum se calculează salariul pentru zilele efectiv lucrate?,salarizare,candidat,,nu,,
GH-01591,Cum se calculează salariul pentru program inegal?,salarizare,asemanator,,nu,,calculeaza-salariul-ture
GH-01592,Cum se calculează salariul pentru program de 4 ore?,salarizare,publicat,,da,calculeaza-salariul-program-4-ore,
GH-01593,Cum se calculează salariul pentru program de 2 ore?,salarizare,publicat,,da,calculeaza-salariul-program-2-ore,
GH-01594,Cum se calculează salariul unui angajat cu două contracte de muncă?,salarizare,asemanator,,nu,,angajat-doua-contracte-contributii
GH-01595,Ce contribuții se plătesc pentru un contract part-time în 2026?,altele,publicat,,nu,contributii-platesc-contract-part-time,
GH-01596,Când se plătesc contribuții la nivelul salariului minim pentru part-time?,salarizare,publicat,,nu,platesc-contributii-nivelul-salariului-minim,
GH-01597,Cine este exceptat de la contribuțiile majorate pentru contractele part-time?,altele,candidat,,nu,,
GH-01598,Cum se declară excepțiile pentru part-time în D112?,salarizare,publicat,,nu,declara-exceptiile-part-time-d112,
GH-01599,Cum dovedește angajatul că are mai multe contracte part-time?,altele,candidat,,nu,,
GH-01600,Ce declarație trebuie să dea salariatul cu mai multe contracte de muncă?,salarizare,publicat,,nu,declaratie-dea-salariatul-multe-contracte,
GH-01601,Cum se calculează CAS la part-time sub salariul minim?,salarizare,publicat,,nu,calculeaza-cas-part-time-sub,
GH-01602,Cum se calculează CASS la part-time sub salariul minim?,salarizare,publicat,,nu,calculeaza-cass-part-time-sub,
GH-01603,Cine suportă diferența de contribuții la contractele part-time?,greseli,publicat,,nu,suporta-diferenta-contributii-contractele-part,
GH-01604,Cum se calculează salariul minim pentru un angajat part-time?,salarizare,publicat,,nu,cum-se-calculeaza-salariul-minim-pentru-un-angajat-part-time,
GH-01605,Poate un SRL micro să aibă un singur angajat part-time?,micro,publicat,,nu,srl-micro-aiba-singur-angajat,
GH-01606,Contractul part-time îndeplinește condiția de salariat pentru microîntreprindere?,salarizare,candidat,,nu,,
GH-01607,Ce se întâmplă cu regimul micro dacă singurul salariat pleacă?,salarizare,asemanator,,nu,,intampla-regimul-micro-singurul-salariat
GH-01608,Cât timp are un SRL micro să înlocuiască singurul salariat?,salarizare,candidat,,nu,,
GH-01609,Concediul fără plată al singurului salariat afectează regimul micro?,salarizare,asemanator,,nu,,concediul-medical-singurului-salariat-afecteaza
GH-01610,Suspendarea contractului singurului salariat afectează regimul micro?,salarizare,publicat,,nu,suspendarea-contractului-singurului-salariat-afecteaza,
GH-01611,Concediul pentru creșterea copilului al singurului salariat afectează regimul micro?,salarizare,publicat,,nu,concediul-cresterea-copilului-singurului-salariat,
GH-01612,Contractul de mandat al administratorului poate îndeplini condiția pentru micro?,infiintare,candidat,,nu,,
GH-01613,Ce indemnizație trebuie să aibă administratorul pentru condiția de microîntreprindere?,salarizare,publicat,,nu,indemnizatie-aiba-administratorul-conditia-microintreprindere,
GH-01614,Cum se calculează salariul minim pentru administratorul cu mandat?,salarizare,candidat,,nu,,
GH-01615,Ce taxe se plătesc pentru indemnizația administratorului?,salarizare,publicat,,nu,taxe-platesc-indemnizatia-administratorului,
GH-01616,Administratorul fără contract de muncă se declară în D112?,salarizare,candidat,,nu,,
GH-01617,Asociatul poate fi și salariat în propriul SRL?,salarizare,candidat,,nu,,
GH-01618,Ce taxe plătește un asociat angajat în propriul SRL?,infiintare,publicat,,nu,taxe-plateste-asociat-angajat-propriul,
GH-01619,Poate administratorul să aibă contract de muncă în propriul SRL?,infiintare,candidat,,nu,,
GH-01620,Cum se înregistrează contabil salariul administratorului?,salarizare,publicat,,nu,inregistreaza-contabil-salariul-administratorului,
GH-01621,Cum se calculează concediul de odihnă în 2026?,salarizare,asemanator,,nu,,concediul-odihna-2026-calculeaza-indemnizatia
GH-01622,Cum se calculează indemnizația de concediu de odihnă?,salarizare,publicat,,nu,calculeaza-indemnizatia-concediu-odihna,
GH-01623,Ce venituri intră în media pentru concediul de odihnă?,salarizare,candidat,,nu,,
GH-01624,Cum se calculează concediul de odihnă pentru un angajat nou?,salarizare,candidat,,nu,,
GH-01625,Câte zile de concediu de odihnă are un angajat în 2026?,salarizare,publicat,,nu,cate-zile-concediu-odihna-angajat,
GH-01626,Cum se calculează zilele de concediu pentru o fracțiune de an?,salarizare,publicat,,nu,calculeaza-zilele-concediu-fractiune-an,
GH-01627,Ce se întâmplă cu zilele de concediu neefectuate la încetarea contractului?,salarizare,publicat,,nu,intampla-zilele-concediu-neefectuate-incetarea,
GH-01628,Cum se calculează compensarea concediului neefectuat?,salarizare,candidat,,nu,,
GH-01629,Compensarea concediului neefectuat se taxează?,salarizare,asemanator,,nu,,compensarea-concediului-odihna-neefectuat-taxeaza
GH-01630,Cum se declară compensarea concediului neefectuat în D112?,salarizare,candidat,,nu,,
GH-01631,Cum se înregistrează contabil indemnizația de concediu?,salarizare,publicat,,nu,inregistreaza-contabil-indemnizatia-concediu,
GH-01632,Cum se calculează concediul medical în 2026?,salarizare,publicat,,nu,calculeaza-concediul-medical-2026,
GH-01633,Cine plătește primele zile de concediu medical?,salarizare,publicat,,nu,plateste-primele-zile-concediu-medical,
GH-01634,Ce bază de calcul se folosește pentru concediul medical?,salarizare,publicat,,nu,baza-calcul-foloseste-concediul-medical,
GH-01635,Ce venituri intră în baza de calcul a concediului medical?,salarizare,publicat,,nu,venituri-intra-baza-calcul-concediului,
GH-01636,Cum se calculează media zilnică pentru concediul medical?,salarizare,publicat,,nu,calculeaza-media-zilnica-concediul-medical,
GH-01637,Cum se calculează concediul medical dacă angajatul nu are șase luni de stagiu?,salarizare,candidat,,nu,,
GH-01638,Ce stagiu de cotizare este necesar pentru concediul medical?,salarizare,candidat,,nu,,
GH-01639,Cum se calculează concediul medical pentru un angajat nou?,salarizare,candidat,,nu,,
GH-01640,Cum se calculează concediul medical care trece dintr-o lună în alta?,salarizare,candidat,,nu,,
GH-01641,Cum se declară un certificat medical primit după închiderea statului de salarii?,salarizare,candidat,,nu,,
GH-01642,Ce faci dacă salariatul aduce concediul medical după depunerea D112?,salarizare,candidat,,nu,,
GH-01643,Cum corectezi D112 pentru un concediu medical primit cu întârziere?,salarizare,publicat,,nu,corectezi-d112-concediu-medical-primit,
GH-01644,Cum se înregistrează contabil concediile medicale?,altele,publicat,,nu,inregistreaza-contabil-concediile-medicale,
GH-01645,Cum se recuperează indemnizațiile de concediu medical de la casa de sănătate?,salarizare,publicat,,nu,recupereaza-indemnizatiile-concediu-medical-casa,
GH-01646,Ce documente sunt necesare pentru recuperarea concediilor medicale?,altele,candidat,,nu,,
GH-01647,În cât timp se poate solicita recuperarea concediilor medicale?,altele,candidat,,nu,,
GH-01648,Cum se verifică soldul indemnizațiilor de recuperat pentru concedii medicale?,salarizare,publicat,,nu,verifica-soldul-indemnizatiilor-recuperat-concedii,
GH-01649,Cum se contabilizează indemnizațiile de concediu medical suportate de angajator?,salarizare,asemanator,,nu,,contabilizeaza-indemnizatiile-concediu-medical-suportate
GH-01650,Cum se contabilizează indemnizațiile de concediu medical suportate din FNUASS?,salarizare,publicat,,nu,contabilizeaza-indemnizatiile-concediu-medical-suportate,
GH-01651,Ce contribuții se datorează pentru concediul medical în 2026?,salarizare,publicat,,nu,ce-contributii-se-datoreaza-pentru-concediul-medical-in-2026,
GH-01652,Se plătește CAS pentru concediul medical?,salarizare,publicat,,nu,se-plateste-cas-pentru-concediul-medical,
GH-01653,Se plătește CASS pentru concediul medical?,salarizare,publicat,,nu,plateste-cass-concediul-medical,
GH-01654,Se plătește impozit pentru indemnizația de concediu medical?,salarizare,publicat,,nu,plateste-impozit-indemnizatia-concediu-medical,
GH-01655,Se plătește CAM pentru concediul medical?,salarizare,publicat,,nu,plateste-cam-concediul-medical,
GH-01656,Cum se taxează concediul medical pentru boală obișnuită?,salarizare,publicat,,nu,taxeaza-concediul-medical-boala-obisnuita,
GH-01657,Cum se taxează concediul medical pentru accident de muncă?,salarizare,publicat,,nu,taxeaza-concediul-medical-accident-munca,
GH-01658,Cum se calculează concediul de maternitate?,salarizare,asemanator,,nu,,concediul-maternitate-2026-calculeaza-indemnizatia
GH-01659,Ce contribuții se datorează pentru indemnizația de maternitate?,salarizare,candidat,,nu,,
GH-01660,Cum se declară concediul de maternitate în D112?,salarizare,asemanator,,da,,declara-d112-concediul-medical
GH-01661,Cum se declară concediul de risc maternal în D112?,salarizare,asemanator,,nu,,declara-d112-concediul-medical
GH-01662,Cum se calculează indemnizația de risc maternal?,salarizare,publicat,,nu,calculeaza-indemnizatia-risc-maternal,
GH-01663,Cum se declară concediul paternal în D112?,salarizare,asemanator,,da,,declara-d112-concediul-medical
GH-01664,Cum se calculează concediul paternal în 2026?,salarizare,asemanator,,nu,,calculeaza-concediul-medical-2026
GH-01665,Cum se declară concediul pentru îngrijirea copilului bolnav în D112?,salarizare,candidat,,nu,,
GH-01666,Cum se calculează concediul pentru îngrijirea copilului bolnav?,salarizare,publicat,,nu,calculeaza-concediul-ingrijirea-copilului-bolnav,
GH-01667,Cum se declară zilele libere plătite în D112?,salarizare,candidat,,nu,,
GH-01668,Cum se calculează salariul când angajatul are concediu fără plată?,salarizare,publicat,,nu,calculeaza-salariul-angajatul-concediu-plata,
GH-01669,Concediul fără plată se taxează?,salarizare,publicat,,nu,concediul-plata-taxeaza,
GH-01670,Cum se înregistrează concediul fără plată în statul de salarii?,salarizare,publicat,,nu,inregistreaza-concediul-plata-statul-salarii,
GH-01671,Cum afectează concediul fără plată vechimea în muncă?,salarizare,candidat,,nu,,
GH-01672,Cum se declară suspendarea contractului în salarizare?,salarizare,candidat,,nu,,
GH-01673,Cum se calculează salariul în luna în care contractul este suspendat?,salarizare,candidat,,nu,,
GH-01674,Cum se calculează orele suplimentare în 2026?,altele,publicat,,nu,calculeaza-orele-suplimentare-2026,
GH-01675,Cum se plătesc orele suplimentare?,altele,candidat,,nu,,
GH-01676,Când se acordă timp liber pentru orele suplimentare?,altele,candidat,,nu,,
GH-01677,Cum se taxează orele suplimentare?,altele,candidat,,nu,,
GH-01678,Cum se declară orele suplimentare în D112?,salarizare,publicat,,nu,declara-orele-suplimentare-d112,
GH-01679,Cum se calculează sporul de noapte?,altele,publicat,,nu,calculeaza-sporul-noapte,
GH-01680,Cum se calculează sporul de weekend?,altele,publicat,,nu,calculeaza-sporul-weekend,
GH-01681,Cum se calculează sporul pentru sărbători legale?,altele,publicat,,nu,calculeaza-sporul-sarbatori-legale,
GH-01682,Cum se plătește munca în zilele de sărbătoare legală?,altele,candidat,,nu,,
GH-01683,Cum se plătește munca de noapte în 2026?,altele,candidat,,nu,,
GH-01684,Cum se calculează salariul pentru ture?,salarizare,publicat,,nu,calculeaza-salariul-ture,
GH-01685,Cum se calculează salariul pentru program 12 cu 24?,salarizare,publicat,,da,calculeaza-salariul-program-12-24,
GH-01686,Cum se calculează salariul pentru program 12 cu 36?,salarizare,asemanator,,da,,calculeaza-salariul-program-12-24
GH-01687,Cum se evidențiază orele lucrate în pontaj?,salarizare,publicat,,nu,evidentiaza-orele-lucrate-pontaj,
GH-01688,Ce faci dacă pontajul nu corespunde cu statul de salarii?,salarizare,publicat,,nu,pontajul-corespunde-statul-salarii,
GH-01689,Cum se corectează un stat de salarii după închiderea lunii?,salarizare,publicat,,nu,corecteaza-stat-salarii-inchiderea-lunii,
GH-01690,Cum se contabilizează diferențele salariale dintr-o lună anterioară?,salarizare,publicat,,nu,contabilizeaza-diferentele-salariale-dintr-luna,
GH-01691,Cum se plătește o diferență de salariu pentru o lună anterioară?,salarizare,publicat,,nu,plateste-diferenta-salariu-luna-anterioara,
GH-01692,Cum se declară o primă acordată după închiderea lunii?,altele,candidat,,nu,,
GH-01693,Cum se taxează primele acordate angajaților?,altele,candidat,,nu,,
GH-01694,Cum se declară bonusurile în D112?,salarizare,publicat,,nu,declara-bonusurile-d112,
GH-01695,Cum se taxează bonusul de performanță?,altele,candidat,,nu,,
GH-01696,Cum se taxează prima de Crăciun în 2026?,altele,publicat,,nu,taxeaza-prima-craciun-2026,
GH-01697,Cum se taxează prima de Paște în 2026?,altele,asemanator,,nu,,taxeaza-prima-craciun-2026
GH-01698,Ce cadouri pentru angajați sunt neimpozabile în 2026?,altele,publicat,,nu,cadouri-angajati-neimpozabile-2026,
GH-01699,Ce cadouri pentru copiii angajaților sunt neimpozabile?,altele,publicat,,nu,ce-cadouri-pentru-copiii-angajatilor-sunt-neimpozabile,
GH-01700,Cum se declară cadourile acordate angajaților în D112?,salarizare,candidat,,nu,,
GH-01701,Cum se taxează tichetele de masă în 2026?,altele,publicat,,nu,cum-se-taxeaza-tichetele-de-masa-in-2026,
GH-01702,Cum se calculează numărul tichetelor de masă?,altele,publicat,,nu,cum-se-calculeaza-numarul-tichetelor-de-masa,
GH-01703,Se acordă tichete de masă pentru zilele de concediu?,salarizare,candidat,,nu,,
GH-01704,Se acordă tichete de masă pentru zilele de telemuncă?,altele,candidat,,nu,,
GH-01705,Cum se declară tichetele de masă în D112?,salarizare,asemanator,,nu,,cum-se-taxeaza-tichetele-de-masa-in-2026
GH-01706,Ce contribuții se plătesc pentru tichetele de masă?,altele,candidat,,nu,,
GH-01707,Cum se înregistrează contabil tichetele de masă?,altele,candidat,,nu,,
GH-01708,Cum se taxează tichetele cadou în 2026?,altele,asemanator,,nu,,cum-se-taxeaza-tichetele-de-masa-in-2026
GH-01709,Cum se taxează voucherele de vacanță acordate de firmă?,altele,publicat,,nu,taxeaza-voucherele-vacanta-acordate-firma,
GH-01710,Cum se declară voucherele de vacanță în D112?,salarizare,publicat,,nu,declara-voucherele-vacanta-d112,
GH-01711,Cum se taxează abonamentul medical plătit de angajator?,altele,publicat,,nu,taxeaza-abonamentul-medical-platit-angajator,
GH-01712,Cum se taxează asigurarea voluntară de sănătate plătită de firmă?,altele,publicat,,nu,taxeaza-asigurarea-voluntara-sanatate-platita,
GH-01713,Cum se taxează contribuția la pensia facultativă plătită de angajator?,altele,candidat,,nu,,
GH-01714,Ce beneficii extrasalariale sunt neimpozabile în 2026?,salarizare,publicat,,nu,beneficii-extrasalariale-neimpozabile-2026,
GH-01715,Care este plafonul pentru beneficiile extrasalariale neimpozabile în 2026?,salarizare,candidat,,nu,,
GH-01716,Cum se verifică plafonul lunar pentru beneficiile neimpozabile?,altele,publicat,,nu,verifica-plafonul-lunar-beneficiile-neimpozabile,
GH-01717,Cum se taxează abonamentul la sală plătit de angajator?,altele,asemanator,,nu,,taxeaza-abonamentul-medical-platit-angajator
GH-01718,Cum se taxează cazarea plătită de angajator pentru salariat?,salarizare,candidat,,nu,,
GH-01719,Cum se taxează chiria plătită de firmă pentru angajat?,altele,asemanator,,nu,,taxeaza-asigurare-platita-firma-angajat
GH-01720,Cum se taxează masa acordată angajaților?,altele,candidat,,nu,,
GH-01721,Cum se taxează transportul angajaților la locul de muncă?,altele,candidat,,nu,,
GH-01722,Cum se taxează mașina de serviciu folosită în scop personal?,altele,publicat,,nu,taxeaza-masina-serviciu-folosita-scop,
GH-01723,Cum se calculează avantajul în natură pentru autoturism?,altele,candidat,,nu,,
GH-01724,Cum se declară avantajele în natură în D112?,salarizare,asemanator,,nu,,declara-avantajele-salariale-acordate-natura
GH-01725,Cum se taxează telefonul de serviciu folosit și personal?,altele,publicat,,nu,taxeaza-telefonul-serviciu-folosit-personal,
GH-01726,Cum se taxează o asigurare plătită de firmă pentru angajat?,altele,publicat,,nu,taxeaza-asigurare-platita-firma-angajat,
GH-01727,Cum se taxează stock options acordate salariaților?,salarizare,publicat,,nu,taxeaza-stock-options-acordate-salariatilor,
GH-01728,Cum se declară avantajele salariale acordate în natură?,salarizare,publicat,,nu,declara-avantajele-salariale-acordate-natura,
GH-01729,Cum se calculează deducerea personală în 2026?,altele,publicat,,nu,calculeaza-deducerea-personala-2026,
GH-01730,Cine beneficiază de deducere personală la salariu?,salarizare,candidat,,nu,,
GH-01731,Cum se calculează deducerea personală pentru un angajat cu copii?,altele,publicat,,nu,calculeaza-deducerea-personala-angajat-copii,
GH-01732,Ce documente sunt necesare pentru deducerea personală?,altele,publicat,,nu,documente-necesare-deducerea-personala,
GH-01733,Poate un salariat cu două contracte să primească deducere personală la ambele?,salarizare,publicat,,nu,salariat-doua-contracte-primeasca-deducere,
GH-01734,Cum se stabilește funcția de bază pentru calculul salariului?,salarizare,candidat,,nu,,
GH-01735,Cum se declară funcția de bază în D112?,salarizare,publicat,,nu,declara-functia-baza-d112,
GH-01736,Ce se întâmplă dacă deducerea personală a fost calculată greșit?,greseli,candidat,,nu,,
GH-01737,Cum se corectează impozitul pe salariu calculat greșit?,salarizare,publicat,,nu,corecteaza-impozitul-salariu-calculat-gresit,
GH-01738,Cum se face regularizarea impozitului pe salariu?,salarizare,asemanator,,nu,,regularizarea-anuala-impozitului-profit
GH-01739,Cum se calculează salariul unui pensionar angajat?,salarizare,candidat,,nu,,
GH-01740,Ce contribuții plătește un pensionar angajat în 2026?,altele,publicat,,nu,contributii-plateste-pensionar-angajat-2026,
GH-01741,Un pensionar angajat plătește CAS?,altele,publicat,,nu,pensionar-angajat-plateste-cas,
GH-01742,Un pensionar angajat plătește CASS?,altele,asemanator,,nu,,pensionar-angajat-plateste-cas
GH-01743,Cum se declară pensionarul angajat în D112?,salarizare,publicat,,nu,declara-pensionarul-angajat-d112,
GH-01744,Cum se calculează salariul unei persoane cu handicap?,salarizare,publicat,,nu,calculeaza-salariul-persoane-handicap,
GH-01745,Ce facilități fiscale au salariații cu handicap în 2026?,salarizare,candidat,,nu,,
GH-01746,Cum se declară un salariat cu handicap în D112?,salarizare,candidat,,da,,
GH-01747,Cum se calculează salariul unui cetățean străin angajat în România?,salarizare,candidat,,nu,,
GH-01748,Ce contribuții plătește un salariat străin în România?,salarizare,publicat,,nu,contributii-plateste-salariat-strain-romania,
GH-01749,Cum se declară în D112 un angajat din UE?,salarizare,asemanator,,nu,,declara-d112-angajat-afara-ue
GH-01750,Cum se declară în D112 un angajat din afara UE?,salarizare,publicat,,nu,declara-d112-angajat-afara-ue,
GH-01751,Ce faci dacă salariatul prezintă formularul A1?,salarizare,candidat,,nu,,
GH-01752,Cum se declară un salariat detașat în străinătate?,salarizare,candidat,,nu,,
GH-01753,Cum se taxează salariul unui angajat detașat?,salarizare,candidat,,nu,,
GH-01754,Cum se taxează diurna în 2026?,salarizare,candidat,,nu,,
GH-01755,Care este plafonul neimpozabil pentru diurnă în 2026?,salarizare,publicat,,nu,plafonul-neimpozabil-diurna-2026,
GH-01756,"Cum se calculează plafonul de 2,5 ori pentru diurnă?",salarizare,publicat,,nu,calculeaza-plafonul-25-ori-diurna,
GH-01757,Cum se verifică plafonul de trei salarii de bază pentru diurnă?,salarizare,publicat,,nu,verifica-plafonul-trei-salarii-baza,
GH-01758,Ce se întâmplă dacă diurna depășește plafonul neimpozabil?,salarizare,publicat,,nu,intampla-diurna-depaseste-plafonul-neimpozabil,
GH-01759,Cum se declară diurna impozabilă în D112?,salarizare,asemanator,,nu,,acorda-diurna-declara-d112
GH-01760,Cum se contabilizează diurna neimpozabilă?,salarizare,publicat,,nu,contabilizeaza-diurna-neimpozabila,
GH-01761,Cum se taxează indemnizația de delegare?,salarizare,publicat,,nu,taxeaza-indemnizatia-delegare,
GH-01762,Care este diferența dintre delegare și detașare la salarizare?,salarizare,candidat,,nu,,
GH-01763,Cum se taxează indemnizația de mobilitate?,salarizare,asemanator,,nu,,taxeaza-indemnizatia-delegare
GH-01764,Cum se declară clauza de mobilitate în D112?,salarizare,asemanator,,nu,,declara-voucherele-vacanta-d112
GH-01765,Cum se taxează indemnizația de telemuncă în 2026?,salarizare,asemanator,,nu,,taxeaza-indemnizatia-delegare
GH-01766,PFA la normă de venit sau sistem real în 2026: cum știu ce regim mi se aplică?,pfa,publicat,,nu,pfa-norma-venit-sistem-real,
GH-01767,Cum se calculează impozitul unui PFA în sistem real în 2026?,pfa,publicat,,nu,calculeaza-impozitul-pfa-sistem-real,
GH-01768,Cum se calculează impozitul unui PFA la normă de venit în 2026?,pfa,publicat,,nu,calculeaza-impozitul-pfa-norma-venit,
GH-01769,Care este diferența dintre norma de venit și sistemul real pentru PFA?,pfa,publicat,,nu,diferenta-dintre-norma-venit-sistemul,
GH-01770,Ce taxe plătește un PFA în 2026?,pfa,asemanator,,nu,,taxe-plateste-pfa-angajati
GH-01771,Ce taxe plătește o întreprindere individuală în 2026?,pfa,candidat,,nu,,
GH-01772,Cât plătește un PFA la stat în 2026 dacă este în sistem real?,pfa,publicat,,nu,plateste-pfa-stat-2026-sistem,
GH-01773,Cât plătește un PFA la stat în 2026 dacă este la normă de venit?,pfa,publicat,,nu,plateste-pfa-stat-2026-norma,
GH-01774,Cum aflu norma de venit pentru PFA în 2026?,pfa,candidat,,nu,,
GH-01775,Unde găsesc normele de venit pentru PFA valabile în 2026?,pfa,candidat,,nu,,
GH-01776,Norma de venit diferă de la un județ la altul?,pfa,publicat,,nu,norma-venit-difera-judet-altul,
GH-01777,Ce normă de venit se aplică dacă PFA-ul lucrează în București?,pfa,publicat,,nu,norma-venit-aplica-pfa-ul,
GH-01778,Ce normă de venit se aplică dacă PFA-ul are sediul într-un județ și lucrează în altul?,pfa,publicat,,nu,norma-venit-aplica-pfa-ul-sediul-judet,
GH-01779,Cum verific dacă un cod CAEN poate fi impozitat la normă de venit?,pfa,publicat,,nu,verific-cod-caen-impozitat-norma,
GH-01780,Ce coduri CAEN pot fi impozitate la normă de venit în 2026?,pfa,publicat,,nu,coduri-caen-impozitate-norma-venit,
GH-01781,Poate orice PFA să aleagă norma de venit?,pfa,candidat,,nu,,
GH-01782,Ce activități nu pot fi impozitate la normă de venit?,pfa,publicat,,nu,activitati-impozitate-norma-venit,
GH-01783,Profesiile liberale pot fi impozitate la normă de venit?,pfa,publicat,,nu,profesiile-liberale-impozitate-norma-venit,
GH-01784,Un consultant poate avea PFA la normă de venit?,pfa,publicat,,nu,consultant-pfa-norma-venit,
GH-01785,Un programator poate avea PFA la normă de venit în 2026?,pfa,publicat,,nu,programator-pfa-norma-venit-2026,
GH-01786,Un fotograf poate fi PFA la normă de venit?,pfa,publicat,,nu,fotograf-pfa-norma-venit,
GH-01787,Un electrician poate avea PFA la normă de venit?,pfa,publicat,,nu,electrician-pfa-norma-venit,
GH-01788,Un instalator poate avea PFA la normă de venit?,pfa,publicat,,nu,instalator-pfa-norma-venit,
GH-01789,Un șofer poate avea PFA la normă de venit?,pfa,publicat,,nu,sofer-pfa-norma-venit,
GH-01790,Un curier poate avea PFA la normă de venit?,pfa,publicat,,nu,curier-pfa-norma-venit,
GH-01791,Un instructor auto poate avea PFA la normă de venit?,pfa,publicat,,nu,instructor-auto-pfa-norma-venit,
GH-01792,Un agent imobiliar poate avea PFA la normă de venit?,pfa,publicat,,nu,agent-imobiliar-pfa-norma-venit,
GH-01793,Un designer poate avea PFA la normă de venit?,pfa,publicat,,nu,designer-pfa-norma-venit,
GH-01794,Un traducător poate avea PFA la normă de venit?,pfa,publicat,,nu,traducator-pfa-norma-venit,
GH-01795,Un contabil poate avea PFA la normă de venit?,pfa,publicat,,nu,contabil-pfa-norma-venit,
GH-01796,Un medic poate fi impozitat la normă de venit?,pfa,publicat,,nu,medic-impozitat-norma-venit,
GH-01797,Un avocat poate fi impozitat la normă de venit?,pfa,publicat,,nu,avocat-impozitat-norma-venit,
GH-01798,Un psiholog poate avea activitatea impozitată la normă de venit?,pfa,publicat,,nu,psiholog-activitatea-impozitata-norma-venit,
GH-01799,Cum trec de la normă de venit la sistem real în 2026?,pfa,publicat,,nu,trec-norma-venit-sistem-real,
GH-01800,Pot trece voluntar de la normă de venit la sistem real?,pfa,publicat,,nu,trece-voluntar-norma-venit-sistem,
GH-01801,Cât timp trebuie să rămân în sistem real dacă am optat pentru acest regim?,altele,candidat,,nu,,
GH-01802,Cum revin de la sistem real la normă de venit?,pfa,publicat,,nu,revin-sistem-real-norma-venit,
GH-01803,Pot reveni la normă de venit după ce am ales sistemul real?,pfa,publicat,,nu,reveni-norma-venit-ales-sistemul,
GH-01804,Ce trebuie declarat când trec de la normă de venit la sistem real?,pfa,publicat,,nu,declarat-trec-norma-venit-sistem,
GH-01805,Cum declar în D212 trecerea de la normă de venit la sistem real?,pfa,publicat,,nu,cum-declar-in-d212-trecerea-de-la-norma-de-venit-la-sistem-real,
GH-01806,Când devine obligatoriu sistemul real pentru un PFA?,pfa,publicat,,nu,devine-obligatoriu-sistemul-real-pfa,
GH-01807,Ce plafon obligă un PFA la normă de venit să treacă în sistem real?,pfa,publicat,,nu,plafon-obliga-pfa-norma-venit,
GH-01808,Ce se întâmplă dacă PFA-ul la normă depășește plafonul legal?,pfa,asemanator,,nu,,intampla-pfa-ul-depaseste-plafonul
GH-01809,Din ce an trece PFA-ul în sistem real după depășirea plafonului?,pfa,candidat,,nu,,
GH-01810,Cum verific plafonul pentru trecerea de la normă la sistem real?,altele,candidat,,nu,,
GH-01811,Ce venituri se iau în calcul pentru plafonul PFA la normă de venit?,pfa,publicat,,nu,venituri-iau-calcul-plafonul-pfa,
GH-01812,Încasările din străinătate intră în plafonul PFA la normă?,pfa,publicat,,nu,incasarile-strainatate-intra-plafonul-pfa,
GH-01813,Încasările în valută intră în plafonul pentru trecerea la sistem real?,casierie,publicat,,nu,incasarile-valuta-intra-plafonul-trecerea,
GH-01814,Ce curs valutar se folosește pentru plafonul PFA la normă de venit?,pfa,publicat,,nu,curs-valutar-foloseste-plafonul-pfa,
GH-01815,Vânzarea unui mijloc fix intră în veniturile PFA pentru plafon?,pfa,publicat,,nu,vanzarea-mijloc-fix-intra-veniturile,
GH-01816,Încasarea unui împrumut intră în venitul brut al PFA?,pfa,publicat,,nu,incasarea-imprumut-intra-venitul-brut,
GH-01817,Aportul titularului intră în venitul PFA?,pfa,publicat,,nu,aportul-titularului-intra-venitul-pfa,
GH-01818,Despăgubirile primite de PFA sunt venit impozabil?,pfa,publicat,,nu,despagubirile-primite-pfa-venit-impozabil,
GH-01819,Sponsorizările primite de PFA sunt venit impozabil?,pfa,publicat,,nu,sponsorizarile-primite-pfa-venit-impozabil,
GH-01820,Cum se calculează venitul net al unui PFA în sistem real?,pfa,asemanator,,nu,,calculeaza-impozitul-pfa-sistem-real
GH-01821,Ce înseamnă venit brut pentru un PFA în sistem real?,pfa,publicat,,nu,ce-inseamna-venit-brut-pentru-un-pfa-in-sistem-real,
GH-01822,Ce înseamnă venit net pentru un PFA în sistem real?,pfa,asemanator,,nu,,ce-inseamna-venit-brut-pentru-un-pfa-in-sistem-real
GH-01823,Impozitul PFA se calculează la facturat sau la încasat?,pfa,asemanator,,nu,,impozitul-micro-se-calculeaza-la-facturat-sau-la-incasat
GH-01824,O factură emisă și neîncasată intră în venitul PFA în sistem real?,pfa,candidat,,nu,,
GH-01825,O factură încasată anul următor când se impozitează la PFA?,pfa,candidat,,nu,,
GH-01826,Cum se tratează avansurile încasate de un PFA?,pfa,publicat,,nu,cum-se-trateaza-avansurile-incasate-de-un-pfa,
GH-01827,Cum se tratează facturile stornate la un PFA în sistem real?,pfa,publicat,,nu,trateaza-facturile-stornate-pfa-sistem,
GH-01828,Cum se tratează reducerile acordate clienților de către un PFA?,pfa,publicat,,nu,trateaza-reducerile-acordate-clientilor-pfa,
GH-01829,Cum se calculează venitul PFA pentru încasări prin card?,pfa,publicat,,nu,calculeaza-venitul-pfa-incasari-card,
GH-01830,Comisionul platformei de plată este deductibil la PFA?,pfa,candidat,,nu,,
GH-01831,Comisionul bancar este deductibil la PFA?,pfa,publicat,,nu,comisionul-bancar-este-deductibil-la-pfa,
GH-01832,Comisionul Stripe este deductibil la PFA?,pfa,asemanator,,nu,,comisionul-paypal-este-deductibil-la-pfa
GH-01833,Comisionul PayPal este deductibil la PFA?,pfa,publicat,,nu,comisionul-paypal-este-deductibil-la-pfa,
GH-01834,Comisionul unei platforme online este deductibil la PFA?,pfa,publicat,,nu,comisionul-unei-platforme-online-este-deductibil-la-pfa,
GH-01835,Ce cheltuieli poate deduce un PFA în sistem real?,pfa,publicat,,nu,cheltuieli-deduce-pfa-sistem-real,
GH-01836,Ce cheltuieli nu sunt deductibile pentru un PFA?,pfa,publicat,,nu,ce-cheltuieli-nu-sunt-deductibile-pentru-un-pfa,
GH-01837,Cum dovedesc că o cheltuială este făcută în scopul activității PFA?,pfa,publicat,,nu,dovedesc-cheltuiala-facuta-scopul-activitatii,
GH-01838,Este obligatorie factura pentru deducerea unei cheltuieli la PFA?,pfa,publicat,,nu,obligatorie-factura-deducerea-cheltuieli-pfa,
GH-01839,Pot deduce o cheltuială plătită cu cardul personal pentru PFA?,pfa,publicat,,nu,deduce-cheltuiala-platita-cardul-personal,
GH-01840,Pot deduce o factură emisă pe numele meu în loc de PFA?,pfa,publicat,,nu,deduce-factura-emisa-numele-loc,
GH-01841,Pot deduce cheltuieli făcute înainte de înființarea PFA?,pfa,publicat,,nu,deduce-cheltuieli-facute-inainte-infiintarea,
GH-01842,Pot deduce laptopul cumpărat pentru activitatea PFA?,pfa,candidat,,nu,,
GH-01843,Pot deduce telefonul cumpărat pe PFA?,pfa,candidat,,nu,,
GH-01844,Pot deduce abonamentul de telefon la PFA?,pfa,publicat,,nu,deduce-abonamentul-telefon-pfa,
GH-01845,Pot deduce abonamentul de internet la PFA?,pfa,publicat,,nu,deduce-abonamentul-internet-pfa,
GH-01846,Pot deduce software-ul folosit în activitatea PFA?,pfa,publicat,,nu,deduce-software-ul-folosit-activitatea,
GH-01847,Pot deduce abonamentele online folosite pentru activitatea PFA?,pfa,candidat,,nu,,
GH-01848,Pot deduce ChatGPT ca cheltuială a PFA?,pfa,publicat,,nu,deduce-chatgpt-cheltuiala-pfa,
GH-01849,Pot deduce serviciile de contabilitate la PFA?,pfa,publicat,,nu,deduce-serviciile-contabilitate-pfa,
GH-01850,Pot deduce serviciile juridice la PFA?,pfa,publicat,,nu,deduce-serviciile-juridice-pfa,
GH-01851,Pot deduce cursurile profesionale la PFA?,pfa,publicat,,nu,deduce-cursurile-profesionale-pfa,
GH-01852,Pot deduce cărțile și materialele profesionale la PFA?,pfa,publicat,,nu,deduce-cartile-materialele-profesionale-pfa,
GH-01853,Pot deduce taxele pentru certificări profesionale la PFA?,pfa,candidat,,nu,,
GH-01854,Pot deduce publicitatea și reclamele la PFA?,pfa,publicat,,nu,deduce-publicitatea-reclamele-pfa,
GH-01855,Pot deduce costurile unui site web la PFA?,pfa,publicat,,nu,deduce-costurile-site-web-pfa,
GH-01856,Pot deduce domeniul și hostingul la PFA?,pfa,candidat,,nu,,
GH-01857,Pot deduce mobilierul de birou la PFA?,pfa,publicat,,nu,deduce-mobilierul-birou-pfa,
GH-01858,Pot deduce chiria biroului la PFA?,pfa,publicat,,nu,deduce-chiria-biroului-pfa,
GH-01859,Pot deduce utilitățile locuinței dacă PFA-ul lucrează de acasă?,pfa,publicat,,nu,deduce-utilitatile-locuintei-pfa-ul,
GH-01860,Cum deduc cheltuielile cu sediul PFA din propria locuință?,pfa,candidat,,nu,,
GH-01861,Pot deduce energia electrică la PFA dacă lucrez de acasă?,pfa,publicat,,nu,deduce-energia-electrica-pfa-lucrez,
GH-01862,Pot deduce întreținerea apartamentului folosit ca sediu PFA?,pfa,publicat,,nu,deduce-intretinerea-apartamentului-folosit-sediu,
GH-01863,Pot deduce combustibilul la PFA?,pfa,asemanator,,nu,,deduce-rovinieta-pfa
GH-01864,Pot deduce reparațiile mașinii la PFA?,pfa,publicat,,nu,deduce-reparatiile-masinii-pfa,
GH-01865,Pot deduce RCA-ul mașinii la PFA?,pfa,publicat,,nu,deduce-rca-ul-masinii-pfa,
GH-01866,Pot deduce CASCO la PFA?,pfa,publicat,,nu,deduce-casco-pfa,
GH-01867,Pot deduce rovinieta la PFA?,pfa,publicat,,nu,deduce-rovinieta-pfa,
GH-01868,Pot deduce leasingul auto la PFA?,pfa,publicat,,nu,deduce-leasingul-auto-pfa,
GH-01869,"Cât pot deduce din cheltuielile cu mașina folosită și personal, și pentru PFA?",pfa,publicat,,nu,deduce-cheltuielile-masina-folosita-personal,
GH-01870,Cum dovedesc utilizarea exclusiv profesională a autoturismului la PFA?,pfa,publicat,,nu,dovedesc-utilizarea-exclusiv-profesionala-autoturismului,
GH-01871,Este obligatorie foaia de parcurs pentru deducerea cheltuielilor auto la PFA?,pfa,candidat,,nu,,
GH-01872,Pot deduce amortizarea autoturismului la PFA?,pfa,publicat,,nu,deduce-amortizarea-autoturismului-pfa,
GH-01873,Cum se amortizează un laptop cumpărat pe PFA?,pfa,publicat,,da,amortizeaza-laptop-cumparat-pfa-2,
GH-01874,Când trebuie amortizat un bun cumpărat de PFA?,pfa,candidat,,nu,,
GH-01875,Ce valoare are un mijloc fix pentru un PFA în 2026?,pfa,publicat,,nu,valoare-mijloc-fix-pfa-2026,
GH-01876,Cum se înregistrează mijloacele fixe la PFA?,pfa,publicat,,nu,inregistreaza-mijloacele-fixe-pfa,
GH-01877,Pot deduce integral un echipament sau trebuie amortizat?,mijloace_fixe,publicat,,nu,deduce-integral-echipament-amortizat,
GH-01878,Cum tratez fiscal vânzarea unui mijloc fix al PFA?,pfa,publicat,,nu,tratez-fiscal-vanzarea-mijloc-fix,
GH-01879,Pot deduce deplasările și cazarea la PFA?,pfa,candidat,,nu,,
GH-01880,Pot deduce biletele de avion pentru activitatea PFA?,pfa,asemanator,,nu,,deduce-biletele-avion-activitatea-pfa
GH-01881,Pot deduce mesele din deplasare la PFA?,pfa,publicat,,nu,deduce-mesele-deplasare-pfa,
GH-01882,Pot deduce cheltuielile de protocol la PFA?,pfa,candidat,,nu,,
GH-01883,Pot deduce cadourile oferite clienților la PFA?,pfa,publicat,,nu,deduce-cadourile-oferite-clientilor-pfa,
GH-01884,Pot deduce asigurarea profesională la PFA?,pfa,publicat,,nu,deduce-asigurarea-profesionala-pfa,
GH-01885,Pot deduce contribuțiile profesionale și cotizațiile la PFA?,pfa,asemanator,,nu,,deduce-cartile-materialele-profesionale-pfa
GH-01886,CAS plătit de PFA este cheltuială deductibilă?,pfa,candidat,,nu,,
GH-01887,CASS plătită de PFA este cheltuială deductibilă?,pfa,publicat,,nu,cass-platita-pfa-cheltuiala-deductibila,
GH-01888,Impozitul pe venit al PFA este cheltuială deductibilă?,pfa,candidat,,nu,,
GH-01889,Amenzile sunt deductibile pentru PFA?,pfa,publicat,,nu,amenzile-deductibile-pfa,
GH-01890,Dobânzile și penalitățile ANAF sunt deductibile la PFA?,pfa,asemanator,,nu,,deductibile-dobanzile-penalitatile-datorate-anaf
GH-01891,Donațiile sunt deductibile pentru PFA?,pfa,publicat,,nu,donatiile-deductibile-pfa,
GH-01892,Sponsorizările sunt deductibile pentru PFA?,pfa,asemanator,,nu,,amenzile-deductibile-pfa
GH-01893,Cum ține contabilitatea un PFA în sistem real?,pfa,publicat,,nu,cum-tine-contabilitatea-un-pfa-in-sistem-real,
GH-01894,Ce registre trebuie să țină un PFA în sistem real?,pfa,publicat,,nu,ce-registre-trebuie-sa-tina-un-pfa-in-sistem-real,
GH-01895,Este obligatoriu Registrul de evidență fiscală pentru PFA?,pfa,publicat,,nu,obligatoriu-registrul-evidenta-fiscala-pfa,
GH-01896,Cum se completează Registrul de evidență fiscală la PFA?,pfa,candidat,,nu,,
GH-01897,Ce evidențe trebuie să țină un PFA la normă de venit?,pfa,publicat,,nu,evidente-tina-pfa-norma-venit,
GH-01898,PFA la normă de venit trebuie să țină contabilitate?,pfa,publicat,,nu,pfa-norma-venit-tina-contabilitate,
GH-01899,Trebuie păstrate facturile și bonurile dacă PFA-ul este la normă de venit?,pfa,publicat,,nu,pastrate-facturile-bonurile-pfa-ul,
GH-01900,Cât timp trebuie păstrate documentele unui PFA?,pfa,candidat,,nu,,
GH-01901,Poate PFA-ul să își țină singur contabilitatea?,pfa,publicat,,nu,pfa-ul-tina-singur-contabilitatea,
GH-01902,Este obligatoriu contabilul pentru un PFA?,pfa,candidat,,nu,,
GH-01903,Este obligatoriu contabilul pentru o întreprindere individuală?,pfa,candidat,,nu,,
GH-01904,Care este diferența fiscală dintre PFA și întreprindere individuală?,pfa,asemanator,,nu,,diferenta-dintre-pfa-intreprinderea-individuala
GH-01905,PFA și II plătesc aceleași taxe în 2026?,pfa,publicat,,nu,pfa-ii-platesc-aceleasi-taxe,
GH-01906,Poate o întreprindere individuală să fie la normă de venit?,pfa,publicat,,nu,intreprindere-individuala-norma-venit,
GH-01907,Cum se calculează norma de venit pentru o întreprindere individuală?,pfa,publicat,,nu,calculeaza-norma-venit-intreprindere-individuala,
GH-01908,Poate o II să opteze pentru sistem real?,pfa,candidat,,nu,,
GH-01909,Cum trece o întreprindere individuală de la normă la sistem real?,pfa,publicat,,nu,trece-intreprindere-individuala-norma-sistem,
GH-01910,Cum completează o II Declarația Unică D212?,pfa,publicat,,nu,completeaza-ii-declaratia-unica-d212,
GH-01911,Ce este Declarația Unică D212 în 2026?,pfa,publicat,,nu,declaratia-unica-d212-2026,
GH-01912,Cine trebuie să depună D212 în 2026?,pfa,publicat,,nu,depuna-d212-2026,
GH-01913,Care este termenul pentru Declarația Unică D212 în 2026?,pfa,publicat,,nu,termenul-declaratia-unica-d212-2026,
GH-01914,Cum depun D212 pentru prima dată ca PFA?,pfa,candidat,,nu,,
GH-01915,Cum completez D212 pentru PFA în sistem real?,pfa,candidat,,nu,,
GH-01916,Cum completez D212 pentru PFA la normă de venit?,pfa,publicat,,nu,completez-d212-pfa-norma-venit,
GH-01917,Cum completez D212 pentru întreprindere individuală?,pfa,publicat,,nu,cum-completez-d212-pentru-intreprindere-individuala,
GH-01918,Unde se depune Declarația Unică D212?,pfa,publicat,,nu,depune-declaratia-unica-d212,
GH-01919,Pot depune D212 online prin SPV?,pfa,publicat,,nu,depune-d212-online-spv,
GH-01920,Cum semnez și trimit D212 prin SPV?,pfa,publicat,,nu,mnez-trimit-d212-spv,
GH-01921,Am nevoie de semnătură electronică pentru D212?,pfa,publicat,,nu,nevoie-semnatura-electronica-d212,
GH-01922,Cum verific dacă D212 a fost depusă corect?,pfa,publicat,,nu,verific-d212-fost-depusa-corect,
GH-01923,Unde găsesc recipisa pentru D212?,pfa,publicat,,nu,gasesc-recipisa-d212,
GH-01924,Ce fac dacă D212 este respinsă de ANAF?,pfa,publicat,,nu,d212-respinsa-anaf,
GH-01925,Cum corectez o eroare în Declarația Unică D212?,pfa,publicat,,nu,corectez-eroare-declaratia-unica-d212,
GH-01926,Cum depun D212 rectificativă pentru PFA?,pfa,candidat,,nu,,
GH-01927,Când trebuie depusă o D212 rectificativă?,pfa,publicat,,nu,depusa-d212-rectificativa,
GH-01928,Pot depune mai multe declarații D212 rectificative?,pfa,publicat,,nu,depune-multe-declaratii-d212-rectificative,
GH-01929,Cum corectez venitul net declarat greșit în D212?,pfa,asemanator,,nu,,corectez-cas-declarat-gresit-d212
GH-01930,Cum corectez norma de venit declarată greșit în D212?,pfa,publicat,,nu,corectez-norma-venit-declarata-gresit,
GH-01931,Cum corectez CAS declarat greșit în D212?,pfa,publicat,,nu,corectez-cas-declarat-gresit-d212,
GH-01932,Cum corectez CASS declarată greșit în D212?,pfa,publicat,,nu,corectez-cass-declarata-gresit-d212,
GH-01933,Cum corectez impozitul pe venit declarat greșit în D212?,pfa,publicat,,nu,corectez-impozitul-venit-declarat-gresit,
GH-01934,Ce fac dacă am uitat să declar un venit în D212?,pfa,candidat,,nu,,
GH-01935,Ce fac dacă am declarat de două ori același venit în D212?,pfa,publicat,,nu,declarat-doua-ori-acelasi-venit,
GH-01936,Ce fac dacă am depus D212 după termen?,pfa,publicat,,nu,depus-d212-termen,
GH-01937,Ce amendă există pentru nedepunerea D212?,pfa,publicat,,nu,amenda-exista-nedepunerea-d212,
GH-01938,Se calculează dobânzi și penalități dacă plătesc taxele PFA cu întârziere?,pfa,candidat,,nu,,
GH-01939,Cum verific obligațiile din D212 în SPV?,pfa,publicat,,nu,verific-obligatiile-d212-spv,
GH-01940,De ce suma din SPV diferă de calculul meu din D212?,pfa,publicat,,nu,suma-spv-difera-calculul-d212,
GH-01941,Ce fac dacă ANAF a înregistrat greșit obligațiile din D212?,pfa,publicat,,nu,anaf-inregistrat-gresit-obligatiile-d212,
GH-01942,Cum plătesc impozitul PFA declarat prin D212?,pfa,publicat,,nu,platesc-impozitul-pfa-declarat-d212,
GH-01943,Cum plătesc CAS pentru PFA?,pfa,publicat,,nu,platesc-cas-pfa,
GH-01944,Cum plătesc CASS pentru PFA?,pfa,publicat,,nu,platesc-cass-pfa,
GH-01945,Ce IBAN folosesc pentru plata taxelor PFA?,pfa,candidat,,nu,,
GH-01946,Pot plăti taxele PFA prin ghișeul.ro?,pfa,publicat,,nu,plati-taxele-pfa-ghiseul-ro,
GH-01947,Pot plăti taxele PFA din contul personal?,pfa,publicat,,nu,plati-taxele-pfa-contul-personal,
GH-01948,Pot plăti taxele PFA din contul profesional?,pfa,asemanator,,nu,,plati-taxele-pfa-contul-personal
GH-01949,Cum verific dacă plata taxelor PFA a fost alocată corect?,pfa,publicat,,nu,verific-plata-taxelor-pfa-fost,
GH-01950,Ce fac dacă am plătit impozitul PFA în contul bugetar greșit?,pfa,candidat,,nu,,
GH-01951,Cum recuperez taxele plătite în plus de un PFA?,pfa,candidat,,nu,,
GH-01952,Cum compensez o sumă plătită în plus cu alte obligații fiscale?,altele,publicat,,nu,compensez-suma-platita-plus-alte,
GH-01953,Cât este impozitul pe venit pentru PFA în 2026?,pfa,candidat,,nu,,
GH-01954,Cum se calculează impozitul de 10% pentru PFA?,pfa,publicat,,nu,cum-se-calculeaza-impozitul-de-10-procente-pentru-pfa,
GH-01955,La ce bază se aplică impozitul pe venit pentru PFA în sistem real?,pfa,publicat,,nu,la-ce-baza-se-aplica-impozitul-pe-venit-pentru-pfa-in-sistem-real,
GH-01956,La ce bază se aplică impozitul pentru PFA la normă de venit?,pfa,publicat,,nu,baza-aplica-impozitul-pfa-norma,
GH-01957,Cum influențează pierderea fiscală impozitul unui PFA?,pfa,candidat,,nu,,
GH-01958,Ce se întâmplă dacă PFA-ul în sistem real are pierdere?,pfa,publicat,,nu,intampla-pfa-ul-sistem-real,
GH-01959,Cum se reportează pierderea fiscală a unui PFA?,pfa,asemanator,,nu,,calculeaza-pierderea-fiscala-srl
GH-01960,Câți ani poate fi reportată pierderea fiscală a unui PFA?,pfa,publicat,,nu,cati-ani-reportata-pierderea-fiscala,
GH-01961,Poate pierderea unui PFA să reducă alte venituri ale persoanei fizice?,pfa,candidat,,nu,,
GH-01962,Ce se întâmplă cu pierderea fiscală când PFA-ul se închide?,pfa,publicat,,nu,intampla-pierderea-fiscala-pfa-ul,
GH-01963,Cum se calculează CAS pentru PFA în 2026?,pfa,publicat,,nu,calculeaza-cas-pfa-2026,
GH-01964,Când devine obligatorie plata CAS pentru PFA?,pfa,publicat,,nu,cand-devine-obligatorie-plata-cas-pentru-pfa,
GH-01965,Care este plafonul CAS pentru PFA în 2026?,pfa,publicat,,nu,plafonul-cas-pfa-2026,
GH-01966,PFA la normă de venit plătește CAS?,pfa,publicat,,nu,pfa-norma-venit-plateste-cas,
GH-01967,PFA în sistem real plătește CAS?,pfa,publicat,,nu,pfa-in-sistem-real-plateste-cas,
GH-01968,Un pensionar cu PFA mai plătește CAS?,pfa,candidat,,nu,,
GH-01969,Un salariat care are și PFA plătește CAS pentru PFA?,pfa,candidat,,nu,,
GH-01970,Dacă am două PFA-uri plătesc CAS de două ori?,pfa,candidat,,nu,,
GH-01971,Cum se calculează CAS dacă am mai multe activități independente?,altele,candidat,,nu,,
GH-01972,Pot opta pentru plata CAS dacă sunt sub plafon?,altele,publicat,,nu,opta-plata-cas-sub-plafon,
GH-01973,Cum declar CAS pentru PFA în D212?,pfa,candidat,,nu,,
GH-01974,Cum se calculează CASS pentru PFA în 2026?,pfa,publicat,,nu,calculeaza-cass-pfa-2026,
GH-01975,Când datorează un PFA CASS în 2026?,pfa,publicat,,nu,datoreaza-pfa-cass-2026,
GH-01976,Care este baza de calcul pentru CASS la PFA în 2026?,pfa,publicat,,nu,baza-calcul-cass-pfa-2026,
GH-01977,PFA la normă de venit plătește CASS?,pfa,publicat,,nu,pfa-norma-venit-plateste-cass,
GH-01978,PFA în sistem real plătește CASS?,pfa,asemanator,,nu,,pfa-in-sistem-real-plateste-cas
GH-01979,Un salariat cu PFA mai plătește CASS pentru activitatea independentă?,pfa,publicat,,nu,salariat-pfa-plateste-cass-activitatea,
GH-01980,Un pensionar cu PFA plătește CASS?,pfa,candidat,,nu,,
GH-01981,Cum se calculează CASS dacă PFA-ul are venit mic?,pfa,publicat,,nu,calculeaza-cass-pfa-ul-venit,
GH-01982,Cum se calculează CASS dacă PFA-ul are venit mare?,pfa,publicat,,nu,calculeaza-cass-pfa-ul-venit-mare,
GH-01983,Ce se întâmplă cu CASS dacă PFA-ul are pierdere?,pfa,asemanator,,nu,,intampla-pfa-ul-sistem-real
GH-01984,Se plătește CASS dacă PFA-ul nu are venituri?,pfa,candidat,,nu,,
GH-01985,Pot opta pentru CASS dacă PFA-ul nu realizează venituri?,pfa,publicat,,nu,opta-cass-pfa-ul-realizeaza,
GH-01986,Cum declar CASS pentru PFA în D212?,pfa,candidat,,nu,,
GH-01987,Cum se cumulează veniturile pentru stabilirea CAS și CASS?,altele,publicat,,nu,cumuleaza-veniturile-stabilirea-cas-cass,
GH-01988,Se cumulează veniturile PFA cu dividendele pentru CASS?,declaratii_speciale,asemanator,,nu,,cumuleaza-veniturile-pfa-chiriile-cass
GH-01989,Se cumulează veniturile PFA cu chiriile pentru CASS?,pfa,publicat,,nu,cumuleaza-veniturile-pfa-chiriile-cass,
GH-01990,Se cumulează veniturile PFA cu investițiile pentru CASS?,pfa,publicat,,nu,cumuleaza-veniturile-pfa-investitiile-cass,
GH-01991,Se cumulează salariul cu veniturile PFA pentru calculul CASS?,pfa,publicat,,nu,cumuleaza-salariul-veniturile-pfa-calculul,
GH-01992,Cum declar în D212 dacă am PFA și dividende?,declaratii_speciale,publicat,,nu,declar-d212-pfa-dividende,
GH-01993,Cum declar în D212 dacă am PFA și venituri din chirii?,pfa,publicat,,nu,declar-d212-pfa-venituri-chirii,
GH-01994,Cum declar în D212 dacă am PFA și venituri din străinătate?,pfa,publicat,,nu,declar-d212-pfa-venituri-strainatate,
GH-01995,Cum declar în D212 dacă am două activități independente?,pfa,publicat,,nu,declar-d212-doua-activitati-independente,
GH-01996,Cum declar în D212 dacă am PFA și profesie liberală?,pfa,publicat,,nu,declar-d212-pfa-profesie-liberala,
GH-01997,Cum se calculează taxele dacă am PFA și SRL în același timp?,pfa,candidat,,nu,,
GH-01998,Pot avea simultan PFA și SRL în 2026?,pfa,candidat,,nu,,
GH-01999,Veniturile PFA se cumulează cu veniturile SRL-ului?,pfa,candidat,,nu,,
GH-02000,Veniturile PFA afectează plafonul micro al SRL-ului?,pfa,candidat,,nu,,
GH-02001,Când poate un PFA și un SRL să fie considerate întreprinderi legate?,pfa,candidat,,nu,,
GH-02002,Este mai avantajos PFA sau SRL micro în 2026?,pfa,candidat,,nu,,
GH-02003,Cum compar taxele unui PFA în sistem real cu un SRL micro?,pfa,candidat,,nu,,
GH-02004,Cum compar taxele unui PFA la normă cu un SRL micro?,pfa,candidat,,nu,,
GH-02005,Când merită să trec de la PFA la SRL?,pfa,candidat,,nu,,
GH-02006,Ce se întâmplă fiscal când închid PFA-ul și deschid un SRL?,pfa,candidat,,nu,,
GH-02007,Pot factura prin PFA către propriul SRL?,pfa,publicat,,nu,factura-pfa-propriul-srl,
GH-02008,Ce riscuri fiscale există dacă PFA-ul facturează propriului SRL?,pfa,publicat,,nu,riscuri-fiscale-exista-pfa-ul,
GH-02009,Poate un PFA să aibă angajați în 2026?,pfa,publicat,,nu,pfa-aiba-angajati-2026,
GH-02010,Ce taxe plătește un PFA pentru angajați?,pfa,publicat,,nu,taxe-plateste-pfa-angajati,
GH-02011,Un PFA cu angajați depune D112?,pfa,publicat,,nu,pfa-angajati-depune-d112,
GH-02012,Poate o întreprindere individuală să aibă angajați?,pfa,publicat,,nu,intreprindere-individuala-aiba-angajati,
GH-02013,Ce declarații depune o II care are salariați?,pfa,publicat,,nu,declaratii-depune-ii-salariati,
GH-02014,Când trebuie un PFA să se înregistreze în scopuri de TVA?,pfa,asemanator,,nu,,pfa-nou-inregistreze-scopuri-tva
GH-02015,Cum se calculează plafonul de TVA pentru un PFA?,pfa,candidat,,da,,
GH-02016,Ce venituri intră în plafonul de TVA al PFA?,pfa,asemanator,,nu,,venituri-intra-plafonul-tva-2026
GH-02017,Ce se întâmplă dacă PFA-ul depășește plafonul de TVA?,pfa,publicat,,da,intampla-pfa-ul-depaseste-plafonul,
GH-02018,În cât timp trebuie PFA-ul să se înregistreze în scopuri de TVA?,pfa,asemanator,,nu,,pfa-nou-inregistreze-scopuri-tva
GH-02019,Poate un PFA să se înregistreze voluntar în scop,pfa,candidat,,nu,,
GH-02020,D390 în 2026: cine este obligat să depună declarația recapitulativă,ic_ue,asemanator,,nu,,d394-2026-obligat-depuna-declaratia
GH-02021,Termenul de depunere a D390: lunar sau trimestrial în 2026,ic_ue,asemanator,,nu,,termenul-depunere-d390-2026
GH-02022,D390 pentru livrări intracomunitare de bunuri: cum se completează,ic_ue,publicat,,nu,d390-livrari-intracomunitare-bunuri-completeaza,
GH-02023,D390 pentru achiziții intracomunitare de servicii: se declară,ic_ue,publicat,,nu,d390-pentru-achizitii-intracomunitare-de-servicii-se-declara,
GH-02024,Cum completez D390 pentru achizițiile intracomunitare de bunuri,ic_ue,candidat,,nu,,
GH-02025,D390 rectificativă: cum corectez o declarație recapitulativă greșită,ic_ue,candidat,,nu,,
GH-02026,Am depus D390 greșit: cât timp pot face rectificativă,ic_ue,publicat,,nu,depus-d390-gresit-timp-rectificativa,
GH-02027,Amenda pentru nedepunerea D390 la termen: cât este 2026,ic_ue,publicat,,nu,amenda-nedepunerea-d390-termen-2026,
GH-02028,D390 și codul de TVA invalid al partenerului: cum procedez,ic_ue,publicat,,nu,d390-si-codul-de-tva-invalid-al-partenerului-cum-procedez,
GH-02029,Cum verific corectitudinea D390 față de D300,ic_ue,publicat,,nu,verific-corectitudinea-d390-d300,
GH-02030,D390 pentru operațiuni triunghiulare: ce raportez,ic_ue,publicat,,nu,d390-operatiuni-triunghiulare-raportez,
GH-02031,D390 zero: când depun declarație fără operațiuni,ic_ue,publicat,,nu,d390-zero-depun-declaratie-operatiuni,
GH-02032,D301 în 2026: cine depune declarația specială de TVA,ic_ue,candidat,,nu,,
GH-02033,D301 pentru achiziții intracomunitare de bunuri noi,ic_ue,candidat,,nu,,
GH-02034,D301 pentru importul de servicii din afara UE,ic_ue,publicat,,nu,d301-importul-servicii-afara-ue,
GH-02035,Termenul de depunere a D301: cum se calculează,ic_ue,publicat,,nu,termenul-de-depunere-a-d301-cum-se-calculeaza,
GH-02036,Cum completez D301 pentru achiziții de servicii intracomunitare,ic_ue,publicat,,nu,cum-completez-d301-pentru-achizitii-de-servicii-intracomunitare,
GH-02037,D301 rectificativă: cum corectez declarația specială,ic_ue,publicat,,nu,d301-rectificativa-corectez-declaratia-speciala,
GH-02038,D301 și D390: care e diferența dintre ele,ic_ue,publicat,,nu,d301-d390-diferenta-dintre,
GH-02039,Cum se plătește TVA declarată prin D301,ic_ue,publicat,,da,plateste-tva-declarata-d301,
GH-02040,"Confuzie frecventă între D301, D390 și D300",ic_ue,publicat,,nu,confuzie-frecventa-d301-d390-d300,
GH-02041,Taxare inversă la achiziții intracomunitare de bunuri: obligații,ic_ue,asemanator,,nu,,taxare-inversa-la-achizitii-intracomunitare-obligatii
GH-02042,Taxare inversă la prestări de servicii intracomunitare,ic_ue,candidat,,nu,,
GH-02043,Cum aplic TVA prin taxare inversă la serviciile din afara UE,ic_ue,asemanator,,nu,,aplici-tva-taxare-inversa-serviciile
GH-02044,Taxare inversă în construcții: condiții și declarare 2026,ic_ue,publicat,,da,taxare-inversa-in-constructii-conditii-si-declarare-2026,
GH-02045,Taxare inversă pentru livrări de deșeuri și fier vechi,ic_ue,candidat,,nu,,
GH-02046,Taxare inversă la livrarea de bunuri în regim de consignație,ic_ue,publicat,,nu,taxare-inversa-la-livrarea-de-bunuri-in-regim-de-consignatie,
GH-02047,Cum se declară taxarea inversă în D300,tva,publicat,,nu,declara-taxarea-inversa-d300,
GH-02048,Operațiunea triunghiulară 2026: cum se declară corect,altele,candidat,,nu,,
GH-02049,Operațiunea triunghiulară când firma din mijloc nu e plătitoare în statul ei,altele,candidat,,nu,,
GH-02050,Triunghiular cu firma din România ca intermediar: obligații,altele,publicat,,nu,triunghiular-firma-romania-intermediar-obligatii,
GH-02051,Livrare intracomunitară scutită: condiții de aplicare 2026,ic_ue,publicat,,nu,livrare-intracomunitara-scutita-conditii-aplicare,
GH-02052,Cum verific codul de TVA al clientului UE pentru scutire,tva,publicat,,nu,verific-codul-tva-clientului-ue,
GH-02053,Validarea VIES pentru partenerii intracomunitari: pași,ic_ue,publicat,,nu,validarea-vies-partenerii-intracomunitari-pasi,
GH-02054,Livrare intracomunitară cu transport pe cheltuiala clientului: condiții,ic_ue,candidat,,nu,,
GH-02055,Scutirea de TVA pentru livrările intracomunitare: dovada transportului,ic_ue,publicat,,nu,scutirea-tva-livrarile-intracomunitare-dovada,
GH-02056,Cum obțin și păstrez documentele de tranport pentru scutirea de TVA,tva,candidat,,nu,,
GH-02057,Clientul UE nu ridică marfa: ce fac cu scutirea de TVA,tva,publicat,,nu,clientul-ue-ridica-marfa-scutirea,
GH-02058,Livrare intracomunitară cu instalare sau montaj în alt stat,ic_ue,publicat,,nu,livrare-intracomunitara-instalare-montaj-alt,
GH-02059,Vânzarea la distanță către consumatori UE: regim 2026,altele,candidat,,nu,,
GH-02060,Vânzările online intra-UE și pragurile de TVA 2026,tva,candidat,,nu,,
GH-02061,Ghișeul unic OSS 2026: cum raportez vânzările intra-UE,altele,publicat,,da,ghiseul-unic-oss-raportez-vanzarile,
GH-02062,Înregistrarea în OSS pentru firmele românești: procedura,altele,candidat,,nu,,
GH-02063,Ghișeul unic IOSS pentru importuri de valoare mică,altele,candidat,,nu,,
GH-02064,Declararea TVA pentru vânzările prin platforme online UE,tva,candidat,,nu,,
GH-02065,Cum funcționează OSS pentru PFA și întreprinderile mici,pfa,publicat,,nu,functioneaza-oss-pfa-intreprinderile-mici,
GH-02066,Regimul special de TVA pentru agențiile de turism intra-UE,tva,publicat,,nu,regimul-special-tva-agentiile-turism-intra-ue,
GH-02067,TVA pentru marja de profit la bunuri second-hand cumpărate din UE,tva,publicat,,nu,tva-marja-profit-bunuri-second,
GH-02068,Regimul special pentru bunuri de ocazie intra-UE,altele,publicat,,nu,regimul-special-bunuri-ocazie-intra,
GH-02069,Vânzarea de bunuri second-hand către alt stat membru: TVA,tva,publicat,,nu,vanzarea-bunuri-second-hand-alt,
GH-02070,Achiziția intracomunitară de bunuri second-hand: regim special,ic_ue,publicat,,nu,achizitia-intracomunitara-bunuri-second-hand,
GH-02071,Regimul special pentru aur și metale prețioase intra-UE,altele,publicat,,nu,regimul-special-aur-metale-pretioase,
GH-02072,Cum se declară achiziția de autoturisme din alt stat membru,altele,publicat,,nu,declara-achizitia-autoturisme-alt-stat,
GH-02073,TVA la înmatricularea autoturismului adus din UE 2026,tva,candidat,,nu,,
GH-02074,Achiziția intracomunitară de mașini noi: taxare inversă,ic_ue,candidat,,nu,,
GH-02075,Achiziție intracomunitară sub prag de TVA de la neplătitor,ic_ue,publicat,,nu,achizitie-intracomunitara-sub-prag-tva,
GH-02076,Cumpărarea de bunuri de la o firmă neînregistrată în scopuri de TVA din UE,tva,publicat,,nu,cumpararea-bunuri-firma-neinregistrata-scopuri,
GH-02077,Achiziția de servicii de la neplătitori din UE: obligații TVA,tva,publicat,,nu,achizitia-servicii-neplatitori-ue-obligatii,
GH-02078,Servicii electronice prestate de firma română către UE: TVA,tva,candidat,,nu,,
GH-02079,Locul prestării serviciilor 2026: reguli de stabilire,altele,candidat,,nu,,
GH-02080,Reguli speciale de stabilire a locului prestării pentru B2B,altele,candidat,,nu,,
GH-02081,Locul prestării serviciilor către persoane fizice din UE,altele,publicat,,nu,locul-prestarii-serviciilor-persoane-fizice,
GH-02082,Cum se stabilește locul livrării bunurilor intracomunitare,ic_ue,publicat,,nu,stabileste-locul-livrarii-bunurilor-intracomunitare,
GH-02083,Regulile de TVA pentru operațiunile cu bunuri în regim de antrepozit,tva,candidat,,nu,,
GH-02084,TVA pentru serviciile de intermediere intracomunitară,ic_ue,publicat,,nu,tva-serviciile-intermediere-intracomunitara,
GH-02085,Comisionarul în livrările intracomunitare: tratament fiscal,ic_ue,publicat,,nu,comisionarul-livrarile-intracomunitare-tratament-fiscal,
GH-02086,Cum se tratează transportul intracomunitar de bunuri: TVA,ic_ue,candidat,,nu,,
GH-02087,TVA pentru comisioanele de expediere din alt stat membru,tva,publicat,,nu,tva-comisioanele-expediere-alt-stat,
GH-02088,Importul de bunuri din afara UE: TVA și declarare 2026,tva,publicat,,nu,importul-bunuri-afara-ue-tva,
GH-02089,TVA la importul de bunuri: când devine exigibilă,tva,publicat,,nu,tva-importul-bunuri-devine-exigibila,
GH-02090,Declararea TVA la import prin D301 sau în vamă,ic_ue,publicat,,nu,declararea-tva-import-d301-vama,
GH-02091,Importatorul de înregistrare 2026: obligații și răspundere,altele,publicat,,nu,importatorul-inregistrare-2026-obligatii-raspundere,
GH-02092,Cum se declară TVA la importul de servicii din afara UE,tva,publicat,,nu,declara-tva-importul-servicii-afara,
GH-02093,Livrarea intracomunitară după import: cum aplic TVA,ic_ue,publicat,,nu,livrarea-intracomunitara-import-aplic-tva,
GH-02094,Cum aplic scutirea pentru regimurile vamale speciale,altele,candidat,,nu,,
GH-02095,Regimul de tranzit și depozitare vamală: TVA 2026,tva,asemanator,,nu,,regimul-tranzit-depozitare-vamala-tva
GH-02096,Exportul de bunuri în afara UE: scutire cu drept de deducere,altele,publicat,,nu,exportul-bunuri-afara-ue-scutire,
GH-02097,Cum declar exporturile în D300: rândurile corecte,tva,publicat,,nu,declar-exporturile-d300-randurile-corecte,
GH-02098,Operațiuni scutite cu drept de deducere legate de export,altele,publicat,,nu,operatiuni-scutite-drept-deducere-legate,
GH-02099,Livrarea în porturi și aeroporturi către destinații extra-UE: scutire,altele,candidat,,nu,,
GH-02100,Provisioning-ul navelor și aeronavelor: scutire de TVA,tva,publicat,,nu,provisioning-ul-navelor-aeronavelor-scutire,
GH-02101,TVA pentru livrările de bunuri în regim duty-free,tva,publicat,,nu,tva-livrarile-bunuri-regim-duty,
GH-02102,Livrarea intracomunitară de bunuri cu instalare: condiții,ic_ue,candidat,,nu,,
GH-02103,Mărfuri în consignație pe teritoriul altui stat membru,altele,publicat,,nu,marfuri-consignatie-teritoriul-altui-stat,
GH-02104,Achiziția de servicii de la un prestator cu sediul în afara UE,altele,candidat,,nu,,
GH-02105,Prestatorul UE facturează cu TVA de origine: ce fac,tva,publicat,,nu,prestatorul-ue-factureaza-tva-origine,
GH-02106,Clientul UE refuză taxarea inversă: cum procedez,altele,publicat,,nu,clientul-ue-refuza-taxarea-inversa,
GH-02107,Am emis factură cu TVA către un client din UE din greșeală,tva,publicat,,nu,emis-factura-tva-client-ue,
GH-02108,Corectarea facturilor intracomunitare emise cu TVA eronat,ic_ue,publicat,,nu,corectarea-facturilor-intracomunitare-emise-tva,
GH-02109,Stornarea unei livrări intracomunitare: cum se declară,ic_ue,publicat,,nu,stornarea-livrari-intracomunitare-declara,
GH-02110,Ajustarea bazei de impozitare pentru o livrare intracomunitară,ic_ue,candidat,,nu,,
GH-02111,Nota de credit pentru operațiuni intracomunitare: tratament,ic_ue,asemanator,,nu,,nota-credit-operatiuni-intracomunitare
GH-02112,Autofactura pentru achiziții intracomunitare: când e obligatorie,ic_ue,candidat,,nu,,
GH-02113,Cum emiti autofactura pentru o achiziție din UE,altele,publicat,,nu,emiti-autofactura-achizitie-ue,
GH-02114,Factura primită din alt stat membru fără codul meu de TVA,tva,publicat,,nu,factura-primita-alt-stat-membru,
GH-02115,Factura de la un partener UE cu mențiuni greșite: deductibilă,greseli,asemanator,,nu,,factura-partener-ue-mentiuni-gresite
GH-02116,Condiții de fond vs de formă pentru deducerea TVA la achiziții UE,tva,publicat,,nu,conditii-fond-vs-forma-deducerea,
GH-02117,Cum deduc TVA aferentă achizițiilor intracomunitare,ic_ue,publicat,,nu,deduc-tva-aferenta-achizitiilor-intracomunitare,
GH-02118,TVA deductibilă la achizițiile intracomunitare: rând în D300,ic_ue,publicat,,nu,tva-deductibila-achizitiile-intracomunitare-rand,
GH-02119,Cum se corelează D300 cu D390 pentru o achiziție din UE,ic_ue,publicat,,nu,coreleaza-d300-d390-achizitie-ue,
GH-02120,Cum se corelează D300 cu D301 pentru un import de servicii,ic_ue,candidat,,nu,,
GH-02121,Pro-rata TVA pentru firmele cu operațiuni intracomunitare,ic_ue,candidat,,nu,,
GH-02122,Cum afectează pro-rata operațiunile intracomunitare scutite,ic_ue,publicat,,nu,afecteaza-pro-rata-operatiunile-intracomunitare,
GH-02123,Ajustarea TVA pentru bunurile de capital folosite în operațiuni intra-UE,tva,candidat,,nu,,
GH-02124,Pragul de achiziții intracomunitare: se aplică în 2026,ic_ue,candidat,,nu,,
GH-02125,Pragul de 10.000 euro pentru operațiuni intra-UE: cum se calculează,altele,publicat,,nu,pragul-10000-euro-operatiuni-intra,
GH-02126,Depășirea pragului de vânzări la distanță intra-UE: obligații,altele,publicat,,nu,depasirea-pragului-vanzari-distanta-intra,
GH-02127,Cum se înregistrează o firmă română pentru OSS la ANAF,altele,candidat,,nu,,
GH-02128,Numărul de înregistrare OSS: cum îl obțin,altele,candidat,,nu,,
GH-02129,Declararea trimestrială OSS: termene 2026,control_fiscal,candidat,,nu,,
GH-02130,Cum corectez o declarație OSS depusă greșit,greseli,publicat,,nu,corectez-declaratie-oss-depusa-gresit,
GH-02131,Microîntreprinderea cu operațiuni intracomunitare: obligații TVA,ic_ue,candidat,,nu,,
GH-02132,Firmă micro neplătitoare de TVA cu vânzări în UE: ce face,tva,publicat,,nu,firma-micro-neplatitoare-tva-vanzari,
GH-02133,PFA cu livrări intracomunitare: cum se înregistrează,ic_ue,publicat,,nu,pfa-livrari-intracomunitare-inregistreaza,
GH-02134,PFA neplătitor de TVA cu achiziții din UE: obligații,pfa,publicat,,nu,pfa-neplatitor-tva-achizitii-ue,
GH-02135,SA cu operațiuni intracomunitare: particularități de declarare,ic_ue,candidat,,nu,,
GH-02136,Firmă cu TVA la încasare și livrări intracomunitare,ic_ue,publicat,,nu,firma-tva-incasare-livrari-intracomunitare,
GH-02137,TVA la încasare și achiziții intracomunitare: cum se declară,ic_ue,publicat,,nu,tva-la-incasare-achizitii-intracomunitare,
GH-02138,Cum ies din TVA la încasare dacă am operațiuni intra-UE,tva,publicat,,nu,ies-tva-incasare-operatiuni-intra,
GH-02139,Firmă scutită de TVA care face achiziții intracomunitare: prag,ic_ue,candidat,,nu,,
GH-02140,Depășirea plafonului de scutire de TVA prin vânzări intra-UE,tva,candidat,,nu,,
GH-02141,Înregistrarea în scopuri de TVA după prima achiziție intracomunitară,ic_ue,candidat,,nu,,
GH-02142,Cum declar în D010 operarea de achiziții intracomunitare,ic_ue,publicat,,nu,declar-d010-operarea-achizitii-intracomunitare,
GH-02143,Vectorul fiscal și operațiunile intracomunitare: cum actualizez,ic_ue,candidat,,nu,,
GH-02144,Cum verific în SPV situația operațiunilor intra-UE raportate,spv,candidat,,nu,,
GH-02145,Controalele ANAF pe operațiuni intracomunitare: ce urmăresc,ic_ue,candidat,,nu,,
GH-02146,Notificare ANAF despre D390: cum răspund,ic_ue,publicat,,nu,notificare-anaf-d390-raspund,
GH-02147,Pregătirea documentației pentru controlul pe operațiuni intra-UE,altele,candidat,,nu,,
GH-02148,Riscul de fraudă în TVA intracomunitar: ce verifică ANAF,ic_ue,candidat,,nu,,
GH-02149,Cum obțin dovezile de transport pentru controlul de fond,altele,candidat,,nu,,
GH-02150,Contestația la decizia de impunere pe TVA intracomunitară,ic_ue,asemanator,,nu,,contestatia-decizia-impunere-amortizare
GH-02151,Puncte de vedere ANAF despre operațiunile intracomunitare 2026,ic_ue,asemanator,,nu,,puncte-vedere-anaf-salarizare-2026
GH-02152,Checklist pentru declararea operațiunilor intra-UE 2026,altele,publicat,,nu,checklist-declararea-operatiunilor-intra-ue,
GH-02153,Calendar fiscal 2026: termenele pentru D301 și D390,ic_ue,candidat,,nu,,
GH-02154,Modificări legislative 2026 pentru operațiuni intracomunitare,ic_ue,publicat,,nu,modificari-legislative-2026-operatiuni-intracomunitare,
GH-02155,Ce s-a schimbat la taxarea inversă în 2026,altele,candidat,,nu,,
GH-02156,Noutăți VIES și OSS 2026 pentru firmele românești,altele,publicat,,nu,noutati-vies-oss-2026-firmele,
GH-02157,Cum verific corectitudinea D390 folosind balanța,ic_ue,publicat,,nu,verific-corectitudinea-d390-folosind-balanta,
GH-02158,Erori frecvente la declarațiile intracomunitare și cum le evit,ic_ue,candidat,,nu,,
GH-02159,Confuzii frecvente între livrare intracomunitară și export,ic_ue,publicat,,nu,confuzii-frecvente-livrare-intracomunitara-export,
GH-02160,Cum pregătesc un dosar de operațiuni intracomunitare pentru audit,ic_ue,candidat,,nu,,
GH-02161,Cum documentez lanțul logistic pentru scutirea de TVA intra-UE,tva,publicat,,nu,documentez-lantul-logistic-scutirea-tva,
GH-02162,Situații speciale: livrare intracomunitară fără transport efectiv,ic_ue,publicat,,nu,situatii-speciale-livrare-intracomunitara-transport,
GH-02163,Cazuri particulare de taxare inversă în 2026 explicate practic,ic_ue,candidat,,nu,,
GH-02164,Regimul de TVA pentru serviciile financiare intracomunitare,ic_ue,publicat,,nu,regimul-tva-serviciile-financiare-intracomunitare,
GH-02165,TVA pentru serviciile de consultanță prestate către firme din UE,tva,asemanator,,nu,,tva-serviciile-cazare-prestate-firme
GH-02166,TVA pentru serviciile de publicitate online prestate intra-UE,tva,publicat,,nu,tva-serviciile-publicitate-online-prestate,
GH-02167,TVA pentru dezvoltarea de software către clienți din UE,tva,publicat,,nu,tva-dezvoltarea-software-clienti-ue-2,
GH-02168,Cum se declară veniturile din servicii intra-UE în D390,ic_ue,publicat,,nu,cum-se-declara-veniturile-din-servicii-intra-ue-in-d390,
GH-02169,TVA pentru serviciile de transport de persoane intra-UE,tva,publicat,,nu,tva-serviciile-transport-persoane-intra,
GH-02170,TVA pentru serviciile de cazare prestate către firme UE,tva,publicat,,nu,tva-serviciile-cazare-prestate-firme,
GH-02171,Cum aplic TVA la serviciile prestate către un client din UE cu cod invalid,tva,publicat,,nu,aplic-tva-serviciile-prestate-client,
GH-02172,Servicii de intermediere prin platforme digitale: TVA 2026,tva,publicat,,nu,servicii-intermediere-platforme-digitale-tva,
GH-02173,TVA pentru abonamentele digitale vândute în UE,tva,publicat,,nu,tva-abonamentele-digitale-vandute-ue,
GH-02174,Importul de bunuri prin curier: TVA și formalități 2026,tva,publicat,,nu,importul-bunuri-curier-tva-formalitati,
GH-02175,Curier rapid și TVA la importul de colete mici,tva,candidat,,nu,,
GH-02176,Regimul simplificat pentru importurile de valoare mică,altele,publicat,,nu,regimul-simplificat-importurile-valoare-mica,
GH-02177,TVA la import pentru coletele de la comercianți online din afara UE,tva,publicat,,nu,tva-import-coletele-comercianti-online,
GH-02178,Cum recuperez TVA plătită în vamă la import,tva,publicat,,nu,recuperez-tva-platita-vama-import,
GH-02179,TVA plătită în alt stat membru: cum o recuperez,tva,publicat,,nu,tva-platita-alt-stat-membru,
GH-02180,Cererea de rambursare a TVA din alt stat membru: procedura 2026,tva,publicat,,nu,cererea-rambursare-tva-alt-stat,
GH-02181,Rambursarea TVA pentru firmele străine care fac achiziții în România,tva,publicat,,nu,rambursarea-tva-firmele-straine-achizitii,
GH-02182,Termenul pentru cererea de rambursare TVA intra-UE,tva,publicat,,nu,termenul-cererea-rambursare-tva-intra,
GH-02183,Cum obțin rambursarea TVA pentru o firmă română în UE,tva,candidat,,nu,,
GH-02184,Reprezentantul fiscal pentru TVA în alt stat membru,tva,publicat,,nu,reprezentantul-fiscal-tva-alt-stat,
GH-02185,Când am nevoie de un reprezentant fiscal în UE,altele,candidat,,nu,,
GH-02186,Cum funcționează înregistrarea directă în scopuri de TVA în alt stat,tva,publicat,,nu,functioneaza-inregistrarea-directa-scopuri-tva,
GH-02187,Regimul de TVA pentru depozitul nerezident în alt stat membru,tva,publicat,,nu,regimul-tva-depozitul-nerezident-alt,
GH-02188,Stocuri deplasate în alt stat membru: TVA și declarare,tva,publicat,,nu,stocuri-deplasate-alt-stat-membru,
GH-02189,Vânzarea din stoc propriu în alt stat membru: obligații,stocuri,publicat,,nu,vanzarea-stoc-propriu-alt-stat,
GH-02190,Transferul de bunuri în alt stat membru: cum se tratează,altele,publicat,,nu,transferul-bunuri-alt-stat-membru,
GH-02191,Cum se declară transferul propriu de mărfuri în D390,ic_ue,publicat,,nu,declara-transferul-propriu-marfuri-d390,
GH-02192,Bunuri trimise la client pentru testare în alt stat: TVA,tva,publicat,,nu,bunuri-trimise-client-testare-alt,
GH-02193,Reparațiile de bunuri trimise în alt stat membru: regim TVA,tva,publicat,,nu,reparatiile-bunuri-trimise-alt-stat,
GH-02194,Returul de la client din UE: ajustarea TVA și documente,tva,publicat,,nu,returul-client-ue-ajustarea-tva,
GH-02195,Cum tratez returul unei livrări intracomunitare,ic_ue,candidat,,nu,,
GH-02196,Distrugerea mărfurilor în alt stat membru: TVA și documente,tva,publicat,,nu,distrugerea-marfurilor-alt-stat-membru,
GH-02197,Ce este o achiziție intracomunitară de bunuri și cum se înregistrează în 2026?,ic_ue,publicat,,nu,achizitie-intracomunitara-bunuri-inregistreaza-2026,
GH-02198,Cum se înregistrează contabil o achiziție intracomunitară de bunuri în 2026?,ic_ue,publicat,,nu,inregistreaza-contabil-achizitie-intracomunitara-bunuri,
GH-02199,Cum se aplică taxarea inversă la o achiziție intracomunitară?,ic_ue,publicat,,nu,aplica-taxarea-inversa-achizitie-intracomunitara,
GH-02200,Ce înseamnă taxare inversă la achizițiile din Uniunea Europeană?,ic_ue,publicat,,nu,ce-inseamna-taxare-inversa-la-achizitiile-din-uniunea-europeana,
GH-02201,Cum se calculează TVA prin taxare inversă pentru o factură din UE?,ic_ue,candidat,,nu,,
GH-02202,Ce cotă de TVA folosesc la taxarea inversă pentru o achiziție intracomunitară?,ic_ue,publicat,,nu,cota-tva-folosesc-taxarea-inversa,
GH-02203,Cum se înregistrează 4426 și 4427 la o achiziție intracomunitară?,ic_ue,candidat,,nu,,
GH-02204,Care este monografia contabilă pentru o achiziție intracomunitară de bunuri?,ic_ue,asemanator,,nu,,monografie-contabila-achizitie-intracomunitara-bunuri
GH-02205,Cum se înregistrează o factură de marfă primită din Germania?,altele,publicat,,nu,inregistreaza-factura-marfa-primita-germania,
GH-02206,Cum se înregistrează o factură de marfă primită din Italia?,altele,publicat,,nu,inregistreaza-factura-marfa-primita-italia,
GH-02207,Cum se înregistrează o factură de bunuri primită din Franța?,altele,publicat,,nu,inregistreaza-factura-bunuri-primita-franta,
GH-02208,Cum se înregistrează o factură de servicii primită din Germania?,altele,publicat,,nu,inregistreaza-factura-servicii-primita-germania,
GH-02209,Cum se înregistrează o factură de servicii primită din Irlanda?,altele,publicat,,nu,inregistreaza-factura-servicii-primita-irlanda,
GH-02210,Cum se înregistrează o factură de servicii primită din Olanda?,altele,publicat,,nu,inregistreaza-factura-servicii-primita-olanda,
GH-02211,Cum se înregistrează o factură Google primită de un SRL din România?,altele,publicat,,nu,inregistreaza-factura-google-primita-srl,
GH-02212,Cum se înregistrează o factură Meta sau Facebook primită din UE?,altele,asemanator,,nu,,cum-se-inregistreaza-o-factura-de-hosting-primita-din-ue
GH-02213,Cum se înregistrează o factură Microsoft primită din Uniunea Europeană?,altele,publicat,,nu,cum-se-inregistreaza-o-factura-microsoft-primita-din-uniunea-europeana,
GH-02214,Cum se înregistrează o factură Adobe primită din UE?,altele,asemanator,,nu,,cum-se-inregistreaza-o-factura-de-hosting-primita-din-ue
GH-02215,Cum se înregistrează o factură Shopify emisă din UE?,altele,candidat,,nu,,
GH-02216,Cum se înregistrează o factură de hosting primită din UE?,altele,publicat,,nu,cum-se-inregistreaza-o-factura-de-hosting-primita-din-ue,
GH-02217,Cum se înregistrează o factură de software primită de la o firmă din UE?,altele,asemanator,,nu,,cum-se-inregistreaza-o-factura-de-hosting-primita-din-ue
GH-02218,Cum se înregistrează un abonament online cumpărat de la o firmă din UE?,altele,candidat,,nu,,
GH-02219,Un SRL neplătitor de TVA poate cumpăra servicii din UE?,tva,publicat,,nu,srl-neplatitor-tva-cumpara-servicii,
GH-02220,Un PFA neplătitor de TVA poate cumpăra servicii din UE?,pfa,publicat,,nu,pfa-neplatitor-tva-cumpara-servicii,
GH-02221,O întreprindere individuală neplătitoare de TVA poate cumpăra servicii din UE?,pfa,candidat,,nu,,
GH-02222,Ce obligații TVA are un SRL neplătitor care cumpără servicii din UE?,tva,publicat,,nu,ce-obligatii-tva-are-un-srl-neplatitor-care-cumpara-servicii-din-ue,
GH-02223,Ce obligații TVA are un PFA neplătitor care cumpără servicii din UE?,pfa,asemanator,,nu,,ce-obligatii-tva-are-un-srl-neplatitor-care-cumpara-servicii-din-ue
GH-02224,Trebuie cod special de TVA pentru servicii cumpărate din UE?,tva,candidat,,nu,,
GH-02225,Cum obțin codul special de TVA pentru operațiuni intracomunitare în 2026?,ic_ue,candidat,,nu,,
GH-02226,Când trebuie solicitat codul special de TVA înainte de o achiziție din UE?,tva,publicat,,nu,solicitat-codul-special-tva-inainte,
GH-02227,Ce declarație se depune pentru obținerea codului special de TVA?,tva,candidat,,nu,,
GH-02228,Codul special de TVA mă transformă în plătitor normal de TVA?,tva,candidat,,nu,,
GH-02229,Care este diferența dintre codul normal de TVA și codul special de TVA?,tva,publicat,,nu,diferenta-dintre-codul-normal-tva,
GH-02230,Pot folosi codul special de TVA pentru facturile emise în România?,tva,asemanator,,nu,,folosi-codul-special-tva-facturile
GH-02231,Pot deduce TVA plătită prin D301 dacă am doar cod special de TVA?,ic_ue,publicat,,nu,deduce-tva-platita-d301-cod,
GH-02232,Ce se întâmplă dacă am cumpărat servicii din UE fără cod special de TVA?,tva,publicat,,nu,intampla-cumparat-servicii-ue-cod,
GH-02233,Cum corectez o achiziție intracomunitară făcută fără cod special de TVA?,ic_ue,publicat,,nu,corectez-achizitie-intracomunitara-facuta-cod,
GH-02234,Ce se întâmplă dacă furnizorul UE mi-a facturat TVA deși am cod valid de TVA?,tva,asemanator,,nu,,furnizorul-ue-facturat-tva-desi
GH-02235,Ce fac dacă am primit o factură din UE cu TVA străină?,tva,candidat,,nu,,
GH-02236,Pot deduce în România TVA facturată de un furnizor din alt stat UE?,tva,publicat,,nu,deduce-romania-tva-facturata-furnizor,
GH-02237,Cum recuperez TVA plătită într-un alt stat membru UE?,tva,publicat,,nu,recuperez-tva-platita-alt-stat,
GH-02238,Ce fac dacă furnizorul din UE refuză să storneze TVA facturată greșit?,tva,candidat,,nu,,
GH-02239,Cum verific dacă un furnizor din UE are cod valid de TVA?,tva,publicat,,nu,verific-furnizor-ue-cod-valid,
GH-02240,Cum verific un cod de TVA în VIES?,tva,candidat,,nu,,
GH-02241,Ce fac dacă un cod de TVA nu apare valid în VIES?,tva,publicat,,nu,cod-tva-apare-valid-vies,
GH-02242,Este suficientă verificarea VIES pentru o livrare intracomunitară?,ic_ue,publicat,,nu,suficienta-verificarea-vies-livrare-intracomunitara,
GH-02243,Trebuie păstrată dovada verificării codului TVA în VIES?,tva,candidat,,nu,,
GH-02244,Ce dată folosesc pentru verificarea codului TVA al clientului din UE?,tva,candidat,,nu,,
GH-02245,Ce fac dacă un client avea cod TVA invalid la data facturii?,tva,candidat,,nu,,
GH-02246,Ce fac dacă un client primește cod TVA după emiterea facturii?,tva,asemanator,,nu,,client-primeste-cod-tva-emiterea
GH-02247,Pot emite factură fără TVA unui client UE cu cod TVA invalid?,tva,candidat,,nu,,
GH-02248,Cum facturez servicii către o firmă din Uniunea Europeană?,altele,publicat,,nu,facturez-servicii-firma-uniunea-europeana,
GH-02249,Cum facturez bunuri către o firmă din Uniunea Europeană?,altele,publicat,,nu,facturez-bunuri-firma-uniunea-europeana,
GH-02250,Când emit factura fără TVA pentru un client din UE?,tva,publicat,,nu,emit-factura-tva-client-ue,
GH-02251,Ce mențiune se trece pe factura de servicii intracomunitare?,ic_ue,publicat,,nu,mentiune-trece-factura-servicii-intracomunitare,
GH-02252,Ce mențiune se trece pe factura pentru o livrare intracomunitară de bunuri?,ic_ue,publicat,,nu,mentiune-trece-factura-livrare-intracomunitara,
GH-02253,Când se aplică „taxare inversă” pe o factură către un client din UE?,ic_ue,publicat,,nu,aplica-taxare-inversa-factura-client,
GH-02254,Când este o livrare intracomunitară scutită de TVA?,ic_ue,publicat,,nu,livrare-intracomunitara-scutita-tva,
GH-02255,Ce documente trebuie să am pentru scutirea de TVA la o livrare intracomunitară?,ic_ue,candidat,,nu,,
GH-02256,Ce dovadă de transport trebuie păstrată pentru o livrare intracomunitară?,ic_ue,publicat,,nu,dovada-transport-pastrata-livrare-intracomunitara,
GH-02257,Ce se întâmplă dacă nu am CMR pentru o livrare intracomunitară?,ic_ue,publicat,,nu,intampla-cmr-livrare-intracomunitara,
GH-02258,Pot aplica scutirea de TVA dacă transportul este făcut de client?,tva,candidat,,nu,,
GH-02259,Cum justific transportul bunurilor într-un alt stat UE?,altele,publicat,,nu,justific-transportul-bunurilor-alt-stat,
GH-02260,Ce fac dacă documentele de transport sosesc după emiterea facturii?,altele,publicat,,nu,documentele-transport-sosesc-emiterea-facturii,
GH-02261,Cum corectez TVA dacă nu pot demonstra transportul intracomunitar?,ic_ue,publicat,,nu,corectez-tva-demonstra-transportul-intracomunitar,
GH-02262,Ce se întâmplă dacă marfa facturată în UE nu părăsește România?,altele,candidat,,nu,,
GH-02263,Este livrare intracomunitară dacă clientul UE ridică marfa din România?,ic_ue,publicat,,nu,livrare-intracomunitara-clientul-ue-ridica,
GH-02264,Cum tratez TVA când clientul străin ridică personal bunurile?,tva,candidat,,nu,,
GH-02265,Cum se declară o livrare intracomunitară în D390?,ic_ue,asemanator,,nu,,declara-achizitie-intracomunitara-servicii-d390
GH-02266,Cum se declară o achiziție intracomunitară în D390?,ic_ue,asemanator,,nu,,declara-achizitie-intracomunitara-servicii-d390
GH-02267,Cum se declară o prestare intracomunitară de servicii în D390?,ic_ue,asemanator,,nu,,declara-achizitie-intracomunitara-servicii-d390
GH-02268,Cum se declară o achiziție intracomunitară de servicii în D390?,ic_ue,publicat,,nu,declara-achizitie-intracomunitara-servicii-d390,
GH-02269,Ce operațiuni se declară în D390 în 2026?,ic_ue,publicat,,nu,operatiuni-declara-d390-2026,
GH-02270,Cine trebuie să depună D390?,ic_ue,publicat,,nu,depuna-d390,
GH-02271,Un neplătitor de TVA cu cod special trebuie să depună D390?,ic_ue,publicat,,nu,neplatitor-tva-cod-special-depuna,
GH-02272,Un PFA cu cod special de TVA trebuie să depună D390?,ic_ue,publicat,,nu,pfa-cod-special-tva-depuna,
GH-02273,O II cu cod special de TVA trebuie să depună D390?,ic_ue,asemanator,,nu,,pfa-cod-special-tva-depuna
GH-02274,Se depune D390 dacă nu am avut operațiuni intracomunitare?,ic_ue,asemanator,,nu,,depune-d390-avut-operatiuni-intracomunitare
GH-02275,Care este termenul de depunere pentru D390?,ic_ue,publicat,,nu,care-este-termenul-de-depunere-pentru-d390,
GH-02276,D390 se depune lunar sau trimestrial?,ic_ue,publicat,,nu,d390-se-depune-lunar-sau-trimestrial,
GH-02277,Trebuie depusă D390 în fiecare lună dacă TVA este trimestrială?,ic_ue,publicat,,nu,trebuie-depusa-d390-in-fiecare-luna-daca-tva-este-trimestriala,
GH-02278,Perioada fiscală TVA influențează termenul D390?,ic_ue,candidat,,nu,,
GH-02279,Cum se completează D390 pentru prima operațiune intracomunitară?,ic_ue,publicat,,nu,cum-se-completeaza-d390-pentru-prima-operatiune-intracomunitara,
GH-02280,Cum se completează codul L în D390?,ic_ue,publicat,,da,completeaza-codul-l-d390,
GH-02281,Cum se completează codul A în D390?,ic_ue,publicat,,da,completeaza-codul-d390,
GH-02282,Cum se completează codul P în D390?,ic_ue,publicat,,da,completeaza-codul-p-d390 (+1 dubluri),
GH-02283,Cum se completează codul S în D390?,ic_ue,publicat,,da,completeaza-codul-s-d390,
GH-02284,Cum se declară o operațiune triunghiulară cu cod T în D390?,ic_ue,publicat,,nu,declara-operatiune-triunghiulara-cod-t,
GH-02285,Cum se declară în D390 o factură în euro?,ic_ue,publicat,,nu,declara-d390-factura-euro,
GH-02286,La ce curs valutar se declară factura în D390?,ic_ue,publicat,,nu,curs-valutar-declara-factura-d390,
GH-02287,Ce curs BNR folosesc pentru o achiziție intracomunitară?,ic_ue,candidat,,nu,,
GH-02288,Ce curs valutar folosesc pentru o prestare intracomunitară de servicii?,ic_ue,publicat,,nu,curs-valutar-folosesc-prestare-intracomunitara,
GH-02289,Cum rotunjesc valorile declarate în D390?,ic_ue,candidat,,nu,,
GH-02290,Cum verific D390 cu balanța contabilă?,ic_ue,publicat,,nu,verific-d390-balanta-contabila,
GH-02291,Cum verific D390 cu jurnalul de cumpărări?,ic_ue,publicat,,nu,verific-d390-jurnalul-cumparari,
GH-02292,Cum verific D390 cu jurnalul de vânzări?,ic_ue,publicat,,nu,verific-d390-jurnalul-vanzari,
GH-02293,Cum verific D390 cu decontul D300?,ic_ue,publicat,,nu,verific-d390-decontul-d300,
GH-02294,De ce diferă D390 de D300?,ic_ue,publicat,,nu,difera-d390-d300,
GH-02295,Ce fac dacă valoarea din D390 nu corespunde cu D300?,ic_ue,publicat,,nu,valoarea-d390-corespunde-d300,
GH-02296,Cum verific achizițiile intracomunitare din D390 cu conturile 4426 și 4427?,ic_ue,publicat,,nu,verific-achizitiile-intracomunitare-d390-conturile,
GH-02297,Cum verific serviciile intracomunitare înainte de depunerea D390?,ic_ue,publicat,,nu,verific-serviciile-intracomunitare-inainte-depunerea,
GH-02298,Cum verific codurile TVA ale partenerilor înainte de depunerea D390?,ic_ue,publicat,,nu,verific-codurile-tva-partenerilor-inainte,
GH-02299,Cum se corectează o declarație D390 greșită?,ic_ue,publicat,,nu,cum-se-corecteaza-o-declaratie-d390-gresita,
GH-02300,Cum depun D390 rectificativă?,ic_ue,publicat,,nu,depun-d390-rectificativa,
GH-02301,Ce fac dacă am omis o factură din D390?,ic_ue,publicat,,nu,omis-factura-d390,
GH-02302,Ce fac dacă am declarat o factură de două ori în D390?,ic_ue,asemanator,,nu,,declarat-aceeasi-factura-doua-ori
GH-02303,Cum corectez codul TVA greșit al unui partener în D390?,ic_ue,publicat,,nu,corectez-codul-tva-gresit-partener,
GH-02304,Cum corectez valoarea unei operațiuni declarate greșit în D390?,ic_ue,publicat,,nu,corectez-valoarea-operatiuni-declarate-gresit,
GH-02305,Cum corectez o operațiune declarată cu L în loc de P?,greseli,publicat,,nu,corectez-operatiune-declarata-l-loc,
GH-02306,Cum corectez o achiziție declarată cu A în loc de S?,greseli,publicat,,nu,corectez-achizitie-declarata-loc-s,
GH-02307,Ce fac dacă am declarat operațiunea în luna greșită în D390?,ic_ue,publicat,,nu,declarat-operatiunea-luna-gresita-d390,
GH-02308,Cum declar în D390 un storno pentru o factură din UE?,ic_ue,candidat,,nu,,
GH-02309,Cum declar în D390 o factură de corecție?,ic_ue,publicat,,nu,declar-d390-factura-corectie,
GH-02310,Cum declar în D390 un discount primit ulterior de la furnizorul UE?,ic_ue,candidat,,nu,,
GH-02311,Cum declar în D390 un discount acordat ulterior clientului UE?,ic_ue,publicat,,nu,declar-d390-discount-acordat-ulterior,
GH-02312,Cum declar în D390 o factură cu valoare negativă?,ic_ue,publicat,,nu,declar-d390-factura-valoare-negativa,
GH-02313,Cum declar în D390 un avans pentru o operațiune intracomunitară?,ic_ue,publicat,,nu,declar-d390-avans-operatiune-intracomunitara,
GH-02314,Când se declară avansurile în D390?,ic_ue,publicat,,nu,declara-avansurile-d390,
GH-02315,Ce penalități sunt pentru nedepunerea D390?,ic_ue,publicat,,nu,penalitati-nedepunerea-d390,
GH-02316,Ce amendă se aplică pentru D390 depusă cu întârziere?,ic_ue,publicat,,nu,amenda-aplica-d390-depusa-intarziere,
GH-02317,Ce se întâmplă dacă D390 conține informații incorecte?,ic_ue,publicat,,nu,intampla-d390-contine-informatii-incorecte,
GH-02318,Cum verific dacă D390 a fost validată de ANAF?,ic_ue,publicat,,nu,verific-d390-fost-validata-anaf,
GH-02319,Ce fac dacă D390 este respinsă la validare?,ic_ue,publicat,,nu,d390-respinsa-validare,
GH-02320,De ce apare eroare de cod TVA în D390?,ic_ue,publicat,,nu,apare-eroare-cod-tva-d390,
GH-02321,Cum repar erorile de validare din D390?,ic_ue,publicat,,nu,repar-erorile-validare-d390,
GH-02322,Ce fac dacă am depus D390 după termen?,ic_ue,asemanator,,nu,,depus-d212-termen
GH-02323,Ce este declarația D301 și cine trebuie să o depună?,ic_ue,candidat,,nu,,
GH-02324,Când trebuie depusă D301 în 2026?,ic_ue,publicat,,nu,depusa-d301-2026,
GH-02325,Un SRL neplătitor de TVA trebuie să depună D301?,ic_ue,publicat,,nu,srl-neplatitor-tva-depuna-d301,
GH-02326,Un PFA neplătitor de TVA trebuie să depună D301?,ic_ue,publicat,,nu,pfa-neplatitor-tva-depuna-d301,
GH-02327,O II neplătitoare de TVA trebuie să depună D301?,ic_ue,publicat,,nu,neplatitoare-tva-depuna-d301,
GH-02328,Pentru ce achiziții din UE se depune D301?,ic_ue,publicat,,nu,achizitii-ue-depune-d301,
GH-02329,Cum se completează D301 pentru servicii cumpărate din UE?,ic_ue,publicat,,nu,completeaza-d301-servicii-cumparate-ue,
GH-02330,Cum se completează D301 pentru bunuri cumpărate din UE?,ic_ue,publicat,,nu,completeaza-d301-bunuri-cumparate-ue,
GH-02331,Cum se calculează TVA de plată prin D301?,ic_ue,publicat,,nu,calculeaza-tva-plata-d301,
GH-02332,La ce curs valutar se calculează TVA în D301?,ic_ue,publicat,,nu,curs-valutar-calculeaza-tva-d301,
GH-02333,Ce cotă de TVA se aplică în D301?,ic_ue,publicat,,nu,ce-cota-de-tva-se-aplica-in-d301,
GH-02334,Cum se plătește TVA declarată prin D301?,ic_ue,publicat,,da,plateste-tva-declarata-d301,
GH-02335,Care este termenul de plată pentru TVA din D301?,ic_ue,publicat,,nu,termenul-plata-tva-d301,
GH-02336,În ce cont bugetar se plătește TVA declarată prin D301?,ic_ue,candidat,,nu,,
GH-02337,Cum verific în SPV TVA declarată prin D301?,ic_ue,candidat,,nu,,
GH-02338,Se poate deduce TVA plătită prin D301?,ic_ue,publicat,,nu,deduce-tva-platita-d301,
GH-02339,De ce TVA din D301 devine cost pentru un neplătitor de TVA?,ic_ue,publicat,,nu,tva-d301-devine-cost-neplatitor,
GH-02340,Cum se înregistrează contabil TVA plătită prin D301?,ic_ue,publicat,,nu,inregistreaza-contabil-tva-platita-d301,
GH-02341,Cum se înregistrează o achiziție de servicii UE la un neplătitor de TVA?,tva,publicat,,nu,inregistreaza-achizitie-servicii-ue-neplatitor,
GH-02342,Cum se înregistrează o achiziție de bunuri UE la un neplătitor de TVA?,tva,asemanator,,nu,,inregistreaza-achizitie-servicii-ue-neplatitor
GH-02343,Trebuie depuse și D301 și D390 pentru aceeași factură?,ic_ue,candidat,,nu,,
GH-02344,Care este diferența dintre D301 și D390?,ic_ue,publicat,,nu,diferenta-dintre-d301-d390,
GH-02345,Ce fac dacă am depus D390 dar am uitat D301?,ic_ue,candidat,,da,,
GH-02346,Ce fac dacă am depus D301 dar am uitat D390?,ic_ue,candidat,,da,,
GH-02347,Cum se corectează o D301 greșită?,ic_ue,asemanator,,nu,,cum-se-corecteaza-o-declaratie-d390-gresita
GH-02348,Cum se declară în D301 o factură omisă din luna anterioară?,ic_ue,publicat,,nu,declara-d301-factura-omisa-luna,
GH-02349,Ce penalități sunt pentru D301 depusă cu întârziere?,ic_ue,publicat,,nu,penalitati-d301-depusa-intarziere,
GH-02350,Ce dobânzi și penalități se calculează pentru TVA din D301 neplătită la termen?,ic_ue,candidat,,nu,,
GH-02351,Cum tratez o factură Google la un SRL neplătitor de TVA?,tva,publicat,,nu,tratez-factura-google-srl-neplatitor,
GH-02352,Cum tratez o factură Facebook la un PFA neplătitor de TVA?,pfa,publicat,,nu,tratez-factura-facebook-pfa-neplatitor,
GH-02353,Cum tratez o factură de reclamă online primită din Irlanda?,altele,publicat,,nu,tratez-factura-reclama-online-primita,
GH-02354,Cum tratez un abonament software din UE la un neplătitor de TVA?,tva,publicat,,nu,tratez-abonament-software-ue-neplatitor,
GH-02355,Cum tratez o factură de hosting din UE la un PFA?,pfa,publicat,,nu,tratez-factura-hosting-ue-pfa,
GH-02356,Cum tratez comisionul unei platforme din UE din punct de vedere TVA?,tva,publicat,,nu,tratez-comisionul-platforme-ue-punct,
GH-02357,Cum tratez comisionul Booking din punct de vedere TVA?,tva,publicat,,nu,cum-tratez-comisionul-booking-din-punct-de-vedere-tva,
GH-02358,Cum tratez comisionul Airbnb din punct de vedere TVA?,tva,publicat,,nu,tratez-comisionul-airbnb-punct-vedere,
GH-02359,Cum tratez comisionul unei platforme marketplace din UE?,industrii,publicat,,nu,tratez-comisionul-platforme-marketplace-ue,
GH-02360,Cum tratez o factură de la Amazon UE în contabilitate?,altele,publicat,,nu,tratez-factura-amazon-ue-contabilitate,
GH-02361,Cum tratez TVA pentru bunuri cumpărate de pe Amazon Business din UE?,tva,publicat,,nu,tratez-tva-bunuri-cumparate-amazon,
GH-02362,Cum tratez o achiziție eMAG Marketplace de la un furnizor din UE?,industrii,publicat,,nu,tratez-achizitie-emag-marketplace-furnizor,
GH-02363,Cum tratez o achiziție de marfă din Polonia?,altele,publicat,,nu,tratez-achizitie-marfa-polonia,
GH-02364,Cum tratez o achiziție de echipamente din Germania?,altele,publicat,,nu,tratez-achizitie-echipamente-germania,
GH-02365,Cum tratez achiziția unui autoturism din UE?,altele,publicat,,nu,tratez-achizitia-autoturism-ue,
GH-02366,Cum se aplică TVA la cumpărarea unei mașini noi din UE?,tva,publicat,,nu,aplica-tva-cumpararea-masini-noi,
GH-02367,Cum se aplică TVA la cumpărarea unei mașini second-hand din UE?,tva,publicat,,nu,aplica-tva-cumpararea-masini-second,
GH-02368,Cum verific dacă o mașină second-hand din UE este facturată în regim de marjă?,altele,publicat,,nu,verific-masina-second-hand-ue,
GH-02369,Se aplică taxare inversă la autoturismele cumpărate din UE?,ic_ue,publicat,,nu,se-aplica-taxare-inversa-la-autoturismele-cumparate-din-ue,
GH-02370,Cum se înregistrează o factură auto UE cu regim de marjă?,altele,publicat,,nu,inregistreaza-factura-auto-ue-regim,
GH-02371,Se declară în D390 un autoturism cumpărat în regim de marjă?,ic_ue,publicat,,nu,declara-d390-autoturism-cumparat-regim,
GH-02372,Cum tratez TVA la cumpărarea unui utilaj din UE?,tva,publicat,,nu,tratez-tva-cumpararea-utilaj-ue,
GH-02373,Cum tratez TVA la cumpărarea unui mijloc fix din UE?,tva,asemanator,,nu,,tva-mijloc-fix-din-ue
GH-02374,Cum se amortizează un mijloc fix cumpărat din UE?,mijloace_fixe,publicat,,nu,amortizeaza-mijloc-fix-cumparat-ue,
GH-02375,Costul transportului intră în valoarea unei achiziții intracomunitare?,ic_ue,publicat,,nu,costul-transportului-intra-valoarea-achizitii,
GH-02376,Cum tratez transportul facturat separat pentru marfa cumpărată din UE?,altele,candidat,,nu,,
GH-02377,Cum tratez serviciile de transport intracomunitar din punct de vedere TVA?,ic_ue,publicat,,nu,tratez-serviciile-transport-intracomunitar-punct,
GH-02378,Cum tratez transportul facturat de un transportator din UE?,altele,publicat,,nu,tratez-transportul-facturat-transportator-ue,
GH-02379,Cum tratez transportul facturat de un transportator din afara UE pentru marfă din UE?,altele,publicat,,nu,tratez-transportul-facturat-transportator-afara,
GH-02380,Când se aplică taxarea inversă la servicii primite din UE?,altele,publicat,,da,aplica-taxarea-inversa-servicii-primite,
GH-02381,Când nu se aplică taxarea inversă la servicii primite din UE?,altele,publicat,,da,aplica-taxarea-inversa-servicii-primite-ue,
GH-02382,Cum stabilesc locul prestării pentru servicii B2B în UE?,altele,asemanator,,nu,,stabilesc-locul-prestarii-servicii-b2c
GH-02383,Cum stabilesc locul prestării pentru servicii B2C în UE?,altele,publicat,,nu,stabilesc-locul-prestarii-servicii-b2c,
GH-02384,Cum facturez consultanță către o firmă din UE?,altele,publicat,,nu,facturez-consultanta-firma-ue,
GH-02385,Cum facturez servicii IT către un client din UE?,altele,publicat,,nu,facturez-servicii-it-client-ue,
GH-02386,Cum facturez servicii de marketing către un client din UE?,altele,publicat,,nu,facturez-servicii-marketing-client-ue,
GH-02387,Cum facturez servicii de programare către o firmă din UE?,altele,publicat,,nu,facturez-servicii-programare-firma-ue,
GH-02388,Cum facturez servicii contabile către o firmă din UE?,altele,publicat,,nu,facturez-servicii-contabile-firma-ue,
GH-02389,Cum facturez servicii de design către un client din UE?,altele,publicat,,nu,facturez-servicii-design-client-ue,
GH-02390,Cum facturez servicii online către o firmă din UE?,altele,publicat,,nu,facturare-servicii-online-firma-ue,
GH-02391,Cum facturez servicii către un client persoană fizică din UE?,altele,asemanator,,nu,,facturez-servicii-it-client-ue
GH-02392,Cum se aplică TVA la servicii electronice către persoane fizice din UE?,tva,publicat,,nu,aplica-tva-servicii-electronice-persoane,
GH-02393,Când trebuie folosit regimul OSS pentru vânzările către persoane fizice din UE?,altele,publicat,,nu,folosit-regimul-oss-vanzarile-persoane,
GH-02394,Care este diferența dintre OSS și operațiunile declarate în D390?,ic_ue,candidat,,nu,,
GH-02395,Se declară în D390 vânzările prin OSS?,ic_ue,publicat,,nu,declara-d390-vanzarile-oss,
GH-02396,Cum se tratează TVA pentru un magazin online care vinde în UE?,tva,publicat,,nu,trateaza-tva-magazin-online-vinde,
GH-02397,Când depășesc plafonul pentru vânzări la distanță în UE?,altele,candidat,,nu,,
GH-02398,Cum se calculează plafonul UE pentru vânzări la distanță?,altele,asemanator,,nu,,calculeaza-plafonul-vanzarile-distanta-ue
GH-02399,Ce se întâmplă după depășirea plafonului pentru vânzări B2C în UE?,altele,candidat,,nu,,
GH-02400,Cum facturează un SRL românesc vânzările către persoane fizice din Germania?,altele,publicat,,nu,factureaza-srl-romanesc-vanzarile-persoane,
GH-02401,Cum facturează un magazin online românesc către persoane fizice din Franța?,industrii,publicat,,nu,factureaza-magazin-online-romanesc-persoane,
GH-02402,Cum se aplică TVA la vânzările prin Amazon în alte state UE?,tva,candidat,,nu,,
GH-02403,Cum se aplică TVA la vânzările prin marketplace în Uniunea Europeană?,tva,publicat,,nu,aplica-tva-vanzarile-marketplace-uniunea,
GH-02404,Ce este o operațiune triunghiulară și cum se declară în România?,altele,candidat,,nu,,
GH-02405,Cum funcționează taxarea TVA într-o operațiune triunghiulară?,tva,candidat,,nu,,
GH-02406,Cine este cumpărătorul-revânzător într-o operațiune triunghiulară?,altele,candidat,,nu,,
GH-02407,Cum se declară o operațiune triunghiulară în D390?,ic_ue,publicat,,nu,declara-operatiune-triunghiulara-d390,
GH-02408,Cum se declară o operațiune triunghiulară în D300?,tva,publicat,,nu,declara-operatiune-triunghiulara-d300,
GH-02409,Ce documente trebuie păstrate pentru o operațiune triunghiulară?,altele,publicat,,nu,documente-pastrate-operatiune-triunghiulara,
GH-02410,Cum tratez contabil o operațiune triunghiulară în UE?,altele,publicat,,nu,tratez-contabil-operatiune-triunghiulara-ue,
GH-02411,Ce se întâmplă dacă bunurile merg direct de la furnizor la client în alt stat UE?,altele,publicat,,nu,intampla-bunurile-merg-direct-furnizor,
GH-02412,"Cum tratez TVA când factura vine dintr-un stat UE, dar marfa vine din alt stat?",tva,publicat,,nu,tratez-tva-factura-vine-dintr,
GH-02413,"Cum tratez TVA când furnizorul este din UE, dar bunurile sunt deja în România?",tva,publicat,,nu,tratez-tva-furnizorul-ue-dar,
GH-02414,Este achiziție intracomunitară dacă furnizorul UE livrează dintr-un depozit din România?,ic_ue,publicat,,nu,achizitie-intracomunitara-furnizorul-ue-livreaza,
GH-02415,Este achiziție intracomunitară dacă marfa nu traversează o frontieră UE?,ic_ue,publicat,,nu,achizitie-intracomunitara-marfa-traverseaza-frontiera,
GH-02416,Cum tratez factura unui furnizor UE cu cod TVA de România?,tva,publicat,,nu,tratez-factura-furnizor-ue-cod,
GH-02417,Cum tratez factura unei firme străine înregistrate în scopuri de TVA în România?,tva,publicat,,nu,tratez-factura-firme-straine-inregistrate,
GH-02418,Cum tratez o factură emisă de o sucursală din România a unei firme UE?,altele,publicat,,nu,tratez-factura-emisa-sucursala-romania,
GH-02419,Cum se stabilește exigibilitatea TVA la o achiziție intracomunitară?,ic_ue,publicat,,nu,stabileste-exigibilitatea-tva-achizitie-intracomunitara,
GH-02420,La ce dată se aplică taxarea inversă pentru o achiziție intracomunitară?,ic_ue,asemanator,,nu,,data-taxare-inversa-achizitie-intracomunitara
GH-02421,Ce fac dacă factura pentru marfa din UE vine în luna următoare?,altele,publicat,,nu,factura-marfa-ue-vine-luna,
GH-02422,Cum înregistrez o achiziție intracomunitară fără factură până la închiderea lunii?,ic_ue,publicat,,nu,inregistrez-achizitie-intracomunitara-factura-pana,
GH-02423,Cum declar o factură UE primită cu întârziere?,altele,publicat,,nu,declar-factura-ue-primita-intarziere,
GH-02424,Cum declar o achiziție intracomunitară omisă din luna precedentă?,ic_ue,publicat,,nu,declar-achizitie-intracomunitara-omisa-luna,
GH-02425,Cum corectez D300 pentru o achiziție intracomunitară omisă?,ic_ue,publicat,,nu,corectez-d300-achizitie-intracomunitara-omisa,
GH-02426,Cum corectez D390 pentru o achiziție intracomunitară omisă?,ic_ue,publicat,,nu,corectez-d390-achizitie-intracomunitara-omisa,
GH-02427,Cum tratez un avans plătit unui furnizor din UE?,altele,publicat,,nu,tratez-avans-platit-furnizor-ue,
GH-02428,Cum tratez un avans primit de la un client din UE?,altele,publicat,,nu,tratez-avans-primit-client-ue,
GH-02429,Cum tratez returul de marfă către un furnizor din UE?,altele,publicat,,nu,tratez-returul-marfa-furnizor-ue,
GH-02430,Cum tratez returul primit de la un client din UE?,altele,publicat,,nu,tratez-returul-primit-client-ue,
GH-02431,Cum declar un retur intracomunitar în D390?,ic_ue,publicat,,nu,declar-retur-intracomunitar-d390,
GH-02432,Cum declar o notă de credit primită din UE?,altele,asemanator,,nu,,declar-nota-credit-emisa-client
GH-02433,Cum declar o notă de credit emisă unui client din UE?,altele,publicat,,nu,declar-nota-credit-emisa-client,
GH-02434,Cum tratez reducerile comerciale pentru achiziții intracomunitare?,ic_ue,publicat,,nu,tratez-reducerile-comerciale-achizitii-intracomunitare,
GH-02435,Cum tratez diferențele de curs la facturile intracomunitare?,ic_ue,publicat,,nu,tratez-diferentele-curs-facturile-intracomunitare,
GH-02436,Amortizarea mijloacelor fixe 2026: cum se calculează corect,mijloace_fixe,publicat,,nu,amortizarea-mijloacelor-fixe-2026-calculeaza,
GH-02437,Catalogul mijloacelor fixe 2026: duratele normale de funcționare,altele,candidat,,nu,,
GH-02438,Ce se consideră mijloc fix și ce se consideră obiect de inventar,mijloace_fixe,publicat,,nu,considera-mijloc-fix-considera-obiect,
GH-02439,Plafonul de la care un bun devine mijloc fix în 2026,mijloace_fixe,candidat,,nu,,
GH-02440,Cum înregistrez un mijloc fix nou achiziționat: monografia contabilă,mijloace_fixe,publicat,,nu,inregistrez-mijloc-fix-nou-achizitionat,
GH-02441,Amortizarea fiscală vs amortizarea contabilă: diferențe 2026,mijloace_fixe,candidat,,nu,,
GH-02442,Metoda amortizării liniare: cum se calculează corect,mijloace_fixe,publicat,,nu,metoda-amortizarii-liniare-calculeaza-corect,
GH-02443,Metoda amortizării degresive: cum se aplică în 2026,mijloace_fixe,publicat,,nu,metoda-amortizarii-degresive-aplica-2026,
GH-02444,Amortizarea accelerată: condiții și cum se recunoaște,mijloace_fixe,publicat,,nu,amortizarea-accelerata-conditii-recunoaste,
GH-02445,Cum aleg metoda de amortizare pentru un mijloc fix nou,mijloace_fixe,publicat,,nu,aleg-metoda-amortizare-mijloc-fix,
GH-02446,Pot schimba metoda de amortizare în cursul anului,mijloace_fixe,candidat,,nu,,
GH-02447,Amortizarea se calculează de la când: punere în funcțiune sau achiziție,mijloace_fixe,publicat,,nu,amortizarea-calculeaza-punere-functiune-achizitie,
GH-02448,Când începe amortizarea unui mijloc fix nou cumpărat,mijloace_fixe,publicat,,nu,incepe-amortizarea-mijloc-fix-nou,
GH-02449,Amortizarea în luna achiziției: se calculează sau nu,mijloace_fixe,publicat,,nu,amortizarea-luna-achizitiei-calculeaza,
GH-02450,Cum se calculează amortizarea pentru o lună incompletă,mijloace_fixe,publicat,,nu,calculeaza-amortizarea-luna-incompleta,
GH-02451,Amortizarea echipamentelor de calcul în 2026: durată și cotă,mijloace_fixe,candidat,,nu,,
GH-02452,Durata de amortizare pentru mobilier și dotări 2026,mijloace_fixe,candidat,,nu,,
GH-02453,Cum se amortizează aparatura medicală în 2026,mijloace_fixe,publicat,,nu,amortizeaza-aparatura-medicala-2026,
GH-02454,Amortizarea clădirilor: durată și regim fiscal 2026,mijloace_fixe,publicat,,da,amortizarea-cladirilor-durata-regim-fiscal,
GH-02455,Amortizarea construcțiilor din beton armat: cât durează,mijloace_fixe,publicat,,nu,amortizarea-constructiilor-beton-armat-dureaza,
GH-02456,Cum se amortizează terenurile: se poate sau nu,mijloace_fixe,candidat,,nu,,
GH-02457,De ce terenul nu se amortizează contabil și fiscal,mijloace_fixe,publicat,,nu,terenul-amortizeaza-contabil-fiscal,
GH-02458,Amortizarea imobilizărilor în curs de execuție,mijloace_fixe,publicat,,nu,amortizarea-imobilizarilor-curs-executie,
GH-02459,"Când trec o imobilizare din „în curs” în „terminat""",altele,candidat,,nu,,
GH-02460,Amortizarea unei investiții pe teren: construcție nouă,mijloace_fixe,candidat,,nu,,
GH-02461,Amortizarea utilajelor industriale 2026: durată și cotă,mijloace_fixe,candidat,,nu,,
GH-02462,Amortizarea mașinilor și echipamentelor de transport,mijloace_fixe,publicat,,nu,amortizarea-masinilor-echipamentelor-transport,
GH-02463,Cum se amortizează un autovehicul de transport marfă,mijloace_fixe,candidat,,nu,,
GH-02464,Amortizarea autoturismelor 2026: plafon și regim fiscal,mijloace_fixe,candidat,,nu,,
GH-02465,Limita de 1.500 lei sau 30.000 lei pentru autoturisme: ce se aplică,altele,publicat,,nu,limita-1500-lei-30000-lei,
GH-02466,Plafonul de amortizare pentru autoturisme în 2026,mijloace_fixe,candidat,,nu,,
GH-02467,Amortizarea unui autoturism cumpărat în leasing,mijloace_fixe,publicat,,nu,amortizarea-autoturism-cumparat-leasing,
GH-02468,Amortizarea bunurilor achiziționate prin leasing financiar,mijloace_fixe,publicat,,nu,amortizarea-bunurilor-achizitionate-leasing-financiar,
GH-02469,Cum se recunoaște amortizarea în leasing operațional,mijloace_fixe,publicat,,nu,recunoaste-amortizarea-leasing-operational,
GH-02470,Amortizarea activelor achiziționate prin credit bancar,mijloace_fixe,publicat,,nu,amortizarea-activelor-achizitionate-credit-bancar,
GH-02471,Amortizarea bunurilor aduse ca aport în natură la capital,mijloace_fixe,publicat,,nu,amortizarea-bunurilor-aduse-aport-natura,
GH-02472,Amortizarea activelor primite prin donație sau sponsorizare,profit,publicat,,nu,amortizarea-activelor-primite-donatie-sponsorizare,
GH-02473,Cum se calculează amortizarea pentru bunurile concesionate,mijloace_fixe,publicat,,nu,calculeaza-amortizarea-bunurile-concesionate,
GH-02474,Amortizarea imobilizărilor la comodat: cine amortizează,mijloace_fixe,publicat,,nu,amortizarea-imobilizarilor-comodat-amortizeaza,
GH-02475,Amortizarea unui mijloc fix folosit în regim de închiriere,mijloace_fixe,publicat,,nu,amortizarea-mijloc-fix-folosit-regim,
GH-02476,Cum se tratează amortizarea pentru bunurile date în folosință gratuită,mijloace_fixe,publicat,,nu,trateaza-amortizarea-bunurile-date-folosinta,
GH-02477,Amortizarea activelor deținute în coproprietate,mijloace_fixe,publicat,,nu,amortizarea-activelor-detinute-coproprietate,
GH-02478,Amortizarea investițiilor efectuate la bunuri închiriate,mijloace_fixe,candidat,,nu,,
GH-02479,Cum se amortizează lucrările de amenajare la un spațiu închiriat,mijloace_fixe,candidat,,nu,,
GH-02480,Amortizarea modernizărilor aduse unui mijloc fix existent,mijloace_fixe,candidat,,nu,,
GH-02481,Când o reparație devine investiție amortizabilă,mijloace_fixe,candidat,,nu,,
GH-02482,Cum disting întreținerea curentă și modernizarea amortizabilă,mijloace_fixe,candidat,,nu,,
GH-02483,Amortizarea costurilor de reparație capitală,mijloace_fixe,publicat,,nu,amortizarea-costurilor-reparatie-capitala,
GH-02484,Amortizarea activelor în curs de modernizare,mijloace_fixe,publicat,,nu,amortizarea-activelor-curs-modernizare,
GH-02485,Cum se recalculează amortizarea după o reevaluare,mijloace_fixe,publicat,,nu,recalculeaza-amortizarea-reevaluare,
GH-02486,Amortizarea după reevaluarea clădirilor 2026,mijloace_fixe,publicat,,nu,amortizarea-reevaluarea-cladirilor-2026,
GH-02487,Diferențe din reevaluare și impactul asupra amortizării,mijloace_fixe,publicat,,nu,diferente-reevaluare-impactul-asupra-amortizarii,
GH-02488,Cum se înregistrează reevaluarea și amortizarea ulterioară,mijloace_fixe,publicat,,nu,inregistreaza-reevaluarea-amortizarea-ulterioara,
GH-02489,Amortizarea clădirilor reevaluate: monografia corectă,mijloace_fixe,publicat,,nu,amortizarea-cladirilor-reevaluate-monografia-corecta,
GH-02490,Cum tratăm rezerva din reevaluare la scoaterea din evidență,altele,publicat,,nu,tratam-rezerva-reevaluare-scoaterea-evidenta,
GH-02491,Amortizarea activelor de mică valoare 2026: deducere integrală,mijloace_fixe,candidat,,nu,,
GH-02492,Pot deduce 100% un bun sub 2.500 lei în 2026,altele,candidat,,nu,,
GH-02493,Ce se întâmplă dacă am dedus integral un bun care era mijloc fix,mijloace_fixe,publicat,,nu,intampla-dedus-integral-bun-era,
GH-02494,Deducerea integrală vs amortizarea activelor de valoare mică,mijloace_fixe,candidat,,nu,,
GH-02495,Tratamentul fiscal al activelor de valoare mică la micro,micro,candidat,,nu,,
GH-02496,Amortizarea mijloacelor fixe la firma micro: se deduce,mijloace_fixe,publicat,,nu,amortizarea-mijloacelor-fixe-firma-micro,
GH-02497,Deducerea amortizării la impozitul pe profit 2026,profit,publicat,,nu,deducerea-amortizarii-impozitul-profit-2026,
GH-02498,Cum influențează amortizarea baza impozabilă la profit,mijloace_fixe,publicat,,nu,influenteaza-amortizarea-baza-impozabila-profit,
GH-02499,Amortizarea și cheltuielile nedeductibile la impozit pe profit,profit,publicat,,nu,amortizarea-cheltuielile-nedeductibile-impozit-profit,
GH-02500,Active de valoare mică la firmă cu TVA: cum înregistrez TVA,tva,candidat,,nu,,
GH-02501,Cum se înregistrează TVA la achiziția unui mijloc fix,tva,candidat,,nu,,
GH-02502,Deducerea TVA pentru autoturisme 2026: limită 50%,tva,candidat,,nu,,
GH-02503,TVA la mijloacele fixe cu regim special de deducere,tva,publicat,,nu,tva-mijloacele-fixe-regim-special,
GH-02504,Ajustarea TVA pentru bunurile de capital vândute,tva,candidat,,nu,,
GH-02505,Ajustarea TVA la activele de capital: regim 5 ani și 20 ani,tva,publicat,,nu,ajustarea-tva-activele-capital-regim,
GH-02506,Cum se calculează ajustarea TVA la scoaterea din patrimoniu,tva,publicat,,nu,calculeaza-ajustarea-tva-scoaterea-patrimoniu,
GH-02507,Ajustarea TVA la mijloacele fixe distruse sau furate,tva,candidat,,nu,,
GH-02508,Transferul de mijloace fixe între puncte de lucru: ajustare TVA,tva,asemanator,,nu,,transferul-mijloace-fixe-puncte-lucru
GH-02509,Cum se face scoaterea din evidență a unui mijloc fix vândut,mijloace_fixe,publicat,,nu,scoaterea-evidenta-mijloc-fix-vandut,
GH-02510,Amortizarea reziduală la vânzarea unui mijloc fix,mijloace_fixe,publicat,,nu,amortizarea-reziduala-vanzarea-mijloc-fix,
GH-02511,Monografia contabilă la vânzarea unui mijloc fix 2026,mijloace_fixe,publicat,,da,monografia-contabila-vanzarea-mijloc-fix,
GH-02512,Câștigul/pierderea la vânzarea mijloacelor fixe: tratament fiscal,altele,publicat,,nu,castigul-pierderea-vanzarea-mijloacelor-fixe,
GH-02513,Cum se vinde un mijloc fix amortizat complet,mijloace_fixe,publicat,,da,vanzare-mijloc-fix-amortizat-complet,
GH-02514,Vânzarea unui mijloc fix sub valoarea contabilă: TVA și impozit,tva,candidat,,nu,,
GH-02515,Scoaterea din evidență a activelor casate 2026,altele,publicat,,nu,scoaterea-evidenta-activelor-casate-2026,
GH-02516,Cum se casează corect un mijloc fix uzat,mijloace_fixe,publicat,,nu,caseaza-corect-mijloc-fix-uzat,
GH-02517,Monografia casării unui mijloc fix complet amortizat,mijloace_fixe,publicat,,nu,monografia-casarii-mijloc-fix-complet,
GH-02518,Casarea activelor neamortizate: tratament fiscal,mijloace_fixe,publicat,,nu,casarea-activelor-neamortizate-tratament-fiscal (+1 dubluri),
GH-02519,Declararea scoaterii din evidență a mijloacelor fixe la ANAF,altele,publicat,,nu,declararea-scoaterii-evidenta-mijloacelor-fixe,
GH-02520,Cum se raportează casarea în D101 și D300,profit,publicat,,nu,raporteaza-casarea-d101-d300,
GH-02521,Inventarierea mijloacelor fixe 2026: pași obligatorii,stocuri,publicat,,nu,inventarierea-mijloacelor-fixe-2026-pasi,
GH-02522,Cum se face inventarierea anuală a imobilizărilor,stocuri,candidat,,nu,,
GH-02523,Diferențe la inventarul de mijloace fixe: cum le corectez,mijloace_fixe,candidat,,nu,,
GH-02524,Lipsuri de mijloace fixe la inventar: tratament contabil,mijloace_fixe,candidat,,nu,,
GH-02525,Plusuri de mijloace fixe la inventar: cum le înregistrez,mijloace_fixe,candidat,,nu,,
GH-02526,Cum tratez mijloacele fixe neînregistrate descoperite la inventar,altele,publicat,,nu,tratez-mijloacele-fixe-neinregistrate-descoperite,
GH-02527,Amortizarea pentru mijloacele fixe luate cu chirie,mijloace_fixe,asemanator,,nu,,amortizarea-mijloacelor-fixe-luate-chirie
GH-02528,Amortizarea și leasingul financiar: cine e proprietar fiscal,mijloace_fixe,publicat,,nu,amortizarea-leasingul-financiar-proprietar-fiscal,
GH-02529,Amortizarea activelor și durata contractului de leasing,mijloace_fixe,candidat,,nu,,
GH-02530,Cum se determină valoarea de intrare a unui mijloc fix în leasing,mijloace_fixe,publicat,,nu,determina-valoarea-intrare-mijloc-fix,
GH-02531,Amortizarea mijloacelor fixe în valută: cursul de schimb,mijloace_fixe,publicat,,nu,amortizarea-mijloacelor-fixe-valuta-cursul,
GH-02532,Cum se calculează amortizarea achizițiilor din import,mijloace_fixe,publicat,,nu,calculeaza-amortizarea-achizitiilor-import,
GH-02533,Amortizarea mijloacelor fixe și diferențele de curs valutar,mijloace_fixe,publicat,,nu,amortizarea-mijloacelor-fixe-diferentele-curs,
GH-02534,Valoarea de intrare a mijlocului fix: ce costuri se includ,mijloace_fixe,publicat,,nu,valoarea-intrare-mijlocului-fix-costuri,
GH-02535,Cum se capitalizează costurile de transport și instalare,altele,asemanator,,nu,,capitalizeaza-costurile-transport-stocuri
GH-02536,Includerea dobânzilor în costul mijlocului fix: se poate,mijloace_fixe,candidat,,nu,,
GH-02537,Amortizarea activelor construite în regie proprie,mijloace_fixe,publicat,,nu,amortizarea-activelor-construite-regie-proprie,
GH-02538,Cum se calculează valoarea de intrare la activele auto-construite,altele,candidat,,nu,,
GH-02539,Amortizarea la PFA care deține utilaje: se poate,pfa,publicat,,nu,amortizarea-pfa-detine-utilaje,
GH-02540,Amortizarea mijloacelor fixe la PFA cu contabilitate în partidă simplă,pfa,candidat,,nu,,
GH-02541,Cum deduce un PFA amortizarea echipamentelor 2026,pfa,asemanator,,nu,,cum-deduce-un-pfa-amortizarea-echipamentelor-2026
GH-02542,Amortizarea la întreprinderea individuală: regim fiscal,pfa,publicat,,nu,amortizarea-intreprinderea-individuala-regim-fiscal,
GH-02543,Mijloacele fixe ale PFA vs cele personale: delimitare,pfa,candidat,,nu,,
GH-02544,Cum dovedesc că un bun este folosit în activitatea PFA,pfa,publicat,,nu,dovedesc-bun-folosit-activitatea-pfa,
GH-02545,Amortizarea la SA și firmele mari: particularități,mijloace_fixe,candidat,,nu,,
GH-02546,Amortizarea activelor în IFRS vs reglementări fiscale RO,mijloace_fixe,candidat,,nu,,
GH-02547,Cum reconciliez amortizarea IFRS cu cea fiscală la D101,profit,candidat,,nu,,
GH-02548,Amortizarea imobilizărilor necorporale 2026: ce se aplică,mijloace_fixe,publicat,,nu,amortizarea-imobilizarilor-necorporale-2026-aplica,
GH-02549,Cum se amortizează brevetele și licențele,mijloace_fixe,publicat,,nu,amortizeaza-brevetele-licentele,
GH-02550,Amortizarea programelor informatice: durată și deducere,mijloace_fixe,candidat,,nu,,
GH-02551,Amortizarea concesiunilor și a drepturilor de utilizare,mijloace_fixe,candidat,,nu,,
GH-02552,Amortizarea fondului comercial: se amortizează,mijloace_fixe,publicat,,nu,amortizarea-fondului-comercial-amortizeaza,
GH-02553,Amortizarea cheltuielilor de constituire: se mai face,mijloace_fixe,candidat,,nu,,
GH-02554,Amortizarea costurilor de dezvoltare capitalizate,mijloace_fixe,publicat,,nu,amortizarea-costurilor-dezvoltare-capitalizate,
GH-02555,Amortizarea imobilizărilor necorporale achiziționate vs create,mijloace_fixe,candidat,,nu,,
GH-02556,Durata de amortizare a unei mărci înregistrate,mijloace_fixe,publicat,,nu,durata-amortizare-marci-inregistrate,
GH-02557,Cum se amortizează o licență software pe termen determinat,mijloace_fixe,candidat,,nu,,
GH-02558,Amortizarea activelor în regim de cofinanțare cu fonduri UE,mijloace_fixe,candidat,,nu,,
GH-02559,Amortizarea mijloacelor fixe achiziționate din fonduri nerambursabile,mijloace_fixe,publicat,,nu,amortizarea-mijloacelor-fixe-achizitionate-fonduri,
GH-02560,Cum tratez subvenția pentru investiții și amortizarea,mijloace_fixe,publicat,,nu,tratez-subventia-investitii-amortizarea,
GH-02561,Amortizarea și veniturile din subvenții: corelație contabilă,mijloace_fixe,candidat,,nu,,
GH-02562,Amortizarea activelor prin PNRR: regim fiscal,mijloace_fixe,publicat,,nu,amortizarea-activelor-pnrr-regim-fiscal,
GH-02563,Cum se înregistrează activele achiziționate cu granturi,altele,publicat,,nu,inregistreaza-activele-achizitionate-granturi,
GH-02564,Amortizarea activelor sub prag la firme nou înființate,mijloace_fixe,publicat,,nu,amortizarea-activelor-sub-prag-firme,
GH-02565,Primele mijloace fixe ale unei firme noi: cum le înregistrez,mijloace_fixe,publicat,,nu,primele-mijloace-fixe-firme-noi,
GH-02566,Amortizarea în primul an de activitate: cazuri speciale,mijloace_fixe,candidat,,nu,,
GH-02567,Cum stabilesc durata de amortizare pentru un bun nou apărut,mijloace_fixe,candidat,,nu,,
GH-02568,Documentarea duratei de viață utilă a mijlocului fix,mijloace_fixe,publicat,,nu,documentarea-duratei-viata-utila-mijlocului,
GH-02569,Cum justific durata de amortizare în fața ANAF,mijloace_fixe,candidat,,nu,,
GH-02570,Erori frecvente la calculul amortizării și cum le evit,mijloace_fixe,candidat,,nu,,
GH-02571,Cum corectez amortizarea calculată greșit în anii anteriori,mijloace_fixe,asemanator,,nu,,corectez-amortizare-calculata-gresit
GH-02572,Retratarea amortizării: monografie și efect fiscal,mijloace_fixe,candidat,,nu,,
GH-02573,Prescripția corectării amortizării: cât timp pot corecta,mijloace_fixe,candidat,,nu,,
GH-02574,Deducerea amortizării neînregistrate în anii anteriori,mijloace_fixe,publicat,,nu,deducerea-amortizarii-neinregistrate-anii-anteriori,
GH-02575,Controlul ANAF pe amortizare: ce verifică inspectorii,mijloace_fixe,publicat,,nu,controlul-anaf-amortizare-verifica-inspectorii,
GH-02576,Documentele justificative pentru amortizare: ce pregătesc,mijloace_fixe,publicat,,nu,documentele-justificative-amortizare-pregatesc,
GH-02577,Cum demonstrăm durata de utilizare la controlul de fond,altele,candidat,,nu,,
GH-02578,Contestația la decizia de impunere pe amortizare,mijloace_fixe,publicat,,nu,contestatia-decizia-impunere-amortizare,
GH-02579,Puncte de vedere ANAF despre amortizarea mijloacelor fixe 2026,mijloace_fixe,candidat,,nu,,
GH-02580,Noutăți legislative 2026 la amortizarea mijloacelor fixe,mijloace_fixe,publicat,,nu,noutati-legislative-2026-amortizarea-mijloacelor,
GH-02581,Ce s-a schimbat în Codul fiscal la amortizare în 2026,mijloace_fixe,publicat,,nu,s-schimbat-codul-fiscal-amortizare,
GH-02582,Facilități fiscale pentru investiții în mijloace fixe 2026,mijloace_fixe,candidat,,nu,,
GH-02583,Cum se aplică facilitatea de amortizare accelerată,mijloace_fixe,publicat,,nu,aplica-facilitatea-amortizare-accelerata,
GH-02584,Amortizarea și scutirea pentru profit reinvestit 2026,mijloace_fixe,publicat,,nu,amortizarea-scutirea-profit-reinvestit-2026,
GH-02585,Cum corelez amortizarea cu bonificația pentru reinvestire,profit,publicat,,nu,corelez-amortizarea-bonificatia-reinvestire,
GH-02586,Amortizarea utilajelor achiziționate în iaurt 2026,mijloace_fixe,candidat,,nu,,
GH-02587,Amortizarea și deducerea suplimentară pentru C&D,mijloace_fixe,candidat,,nu,,
GH-02588,Cum se amortizează activele folosite în cercetare-dezvoltare,mijloace_fixe,publicat,,nu,amortizeaza-activele-folosite-cercetare-dezvoltare,
GH-02589,Amortizarea activelor destinate protecției mediului,mijloace_fixe,candidat,,nu,,
GH-02590,Amortizarea și taxa pe activele speciale: legătură,mijloace_fixe,publicat,,nu,amortizarea-taxa-activele-speciale-legatura,
GH-02591,Cum se calculează amortizarea la bunurile în regim de antrepozit,mijloace_fixe,publicat,,nu,calculeaza-amortizarea-bunurile-regim-antrepozit,
GH-02592,Amortizarea mijloacelor fixe de leasing înapoi (lease-back),mijloace_fixe,publicat,,nu,amortizarea-mijloacelor-fixe-leasing-inapoi,
GH-02593,Cum se tratează amortizarea activelor în operațiuni de fuziune,mijloace_fixe,candidat,,nu,,
GH-02594,Amortizarea activelor preluate prin divizare,mijloace_fixe,candidat,,nu,,
GH-02595,Cum se reevaluează durata de amortizare la reorganizare,mijloace_fixe,publicat,,nu,reevalueaza-durata-amortizare-reorganizare,
GH-02596,Amortizarea la lichidarea firmei: ultimele înregistrări,mijloace_fixe,publicat,,nu,amortizarea-lichidarea-firmei-ultimele-inregistrari,
GH-02597,Cum se scurtează durata de amortizare fiscală: se poate,mijloace_fixe,publicat,,nu,scurteaza-durata-amortizare-fiscala,
GH-02598,Pot folosi o durată de amortizare mai mică decât catalogul,mijloace_fixe,candidat,,nu,,
GH-02599,Registrul mijloacelor fixe 2026: cum se ține corect,altele,publicat,,nu,registrul-mijloacelor-fixe-2026-corect,
GH-02600,Ce trebuie să conțină registrul de imobilizări,altele,publicat,,nu,contina-registrul-imobilizari,
GH-02601,Cum organizez evidența mijloacelor fixe pe locații,altele,publicat,,nu,organizez-evidenta-mijloacelor-fixe-locatii,
GH-02602,Fișa mijlocului fix: ce câmpuri completez,mijloace_fixe,publicat,,nu,fisa-mijlocului-fix-campuri-completez,
GH-02603,Cum se transmite evidența mijloacelor fixe la schimbarea contabilului,altele,publicat,,nu,transmite-evidenta-mijloacelor-fixe-schimbarea,
GH-02604,Amortizarea calculată în altă monedă: cum o convertesc,mijloace_fixe,publicat,,nu,amortizarea-calculata-alta-moneda-convertesc,
GH-02605,Cum se aplică amortizarea pentru o scurtă perioadă de folosire,mijloace_fixe,candidat,,nu,,
GH-02606,Amortizarea activelor folosite sezonier: cum se calculează,mijloace_fixe,publicat,,nu,amortizarea-activelor-folosite-sezonier-calculeaza,
GH-02607,Cum se procedează cu activele achiziționate și nefolosite,altele,candidat,,nu,,
GH-02608,Amortizarea începe la recepție sau la facturare,mijloace_fixe,publicat,,nu,amortizarea-incepe-receptie-facturare,
GH-02609,Tratamentul amortizării pentru bunurile primite ca împrumut de folosință,mijloace_fixe,publicat,,nu,tratamentul-amortizarii-bunurile-primite-imprumut,
GH-02610,Checklist pentru reclasarea imobilizărilor 2026,altele,publicat,,nu,checklist-reclasarea-imobilizarilor-2026,
GH-02611,Calendar fiscal 2026: termene legate de amortizarea mijloacelor fixe,mijloace_fixe,publicat,,nu,calendar-fiscal-2026-termene-legate,
GH-02612,Cum pregătesc situațiile financiare pentru amortizare,mijloace_fixe,publicat,,nu,pregatesc-situatiile-financiare-amortizare,
GH-02613,Raportare amortizare în bilanț și contul de profit 2026,mijloace_fixe,publicat,,nu,raportare-amortizare-bilant-contul-profit,
GH-02614,Practici frecvente greșite în calcularea amortizării,mijloace_fixe,candidat,,nu,,
GH-02615,Ce valoare trebuie să aibă un bun ca să fie considerat mijloc fix în 2026?,mijloace_fixe,candidat,,nu,,
GH-02616,Care este plafonul valoric pentru mijloace fixe în 2026?,mijloace_fixe,candidat,,nu,,
GH-02617,Cum se stabilește dacă o achiziție este mijloc fix sau obiect de inventar?,mijloace_fixe,publicat,,nu,stabileste-achizitie-mijloc-fix-obiect,
GH-02618,Care este diferența dintre mijloc fix și obiect de inventar?,mijloace_fixe,publicat,,nu,diferenta-dintre-mijloc-fix-obiect,
GH-02619,Un laptop este mijloc fix sau obiect de inventar?,mijloace_fixe,publicat,,nu,laptop-mijloc-fix-obiect-inventar,
GH-02620,Un telefon mobil este mijloc fix sau obiect de inventar?,mijloace_fixe,publicat,,nu,telefon-mobil-mijloc-fix-obiect,
GH-02621,O imprimantă este mijloc fix sau obiect de inventar?,mijloace_fixe,publicat,,nu,imprimanta-mijloc-fix-obiect-inventar,
GH-02622,Un aparat de aer condiționat este mijloc fix sau cheltuială?,mijloace_fixe,candidat,,nu,,
GH-02623,Un televizor cumpărat de firmă este mijloc fix?,mijloace_fixe,publicat,,nu,televizor-cumparat-firma-mijloc-fix,
GH-02624,Mobilierul de birou se înregistrează ca mijloc fix sau obiect de inventar?,mijloace_fixe,publicat,,nu,mobilierul-birou-inregistreaza-mijloc-fix,
GH-02625,Un autoturism cumpărat de firmă este mijloc fix?,mijloace_fixe,asemanator,,nu,,televizor-cumparat-firma-mijloc-fix
GH-02626,Un utilaj cumpărat second-hand se înregistrează ca mijloc fix?,mijloace_fixe,publicat,,nu,utilaj-cumparat-second-hand-inregistreaza,
GH-02627,Un imobil cumpărat de firmă se amortizează?,mijloace_fixe,publicat,,nu,imobil-cumparat-firma-amortizeaza,
GH-02628,Terenurile se amortizează contabil sau fiscal?,mijloace_fixe,publicat,,nu,terenurile-amortizeaza-contabil-fiscal,
GH-02629,Amenajările de teren se amortizează?,mijloace_fixe,publicat,,nu,amenajarile-teren-amortizeaza,
GH-02630,Cum se înregistrează contabil achiziția unui mijloc fix?,mijloace_fixe,candidat,,nu,,
GH-02631,Care este monografia contabilă pentru cumpărarea unui mijloc fix?,mijloace_fixe,asemanator,,nu,,monografia-contabila-casarea-mijloc-fix
GH-02632,Cum se înregistrează un mijloc fix cumpărat cu plata în rate?,mijloace_fixe,publicat,,nu,inregistreaza-mijloc-fix-cumparat-plata,
GH-02633,Cum se înregistrează un mijloc fix cumpărat prin leasing financiar?,mijloace_fixe,publicat,,nu,inregistreaza-mijloc-fix-cumparat-leasing-financiar,
GH-02634,Cum se înregistrează un mijloc fix cumpărat prin leasing operațional?,mijloace_fixe,publicat,,nu,inregistreaza-mijloc-fix-cumparat-leasing,
GH-02635,Cum se înregistrează un mijloc fix cumpărat din UE?,mijloace_fixe,publicat,,nu,inregistreaza-mijloc-fix-cumparat-ue,
GH-02636,Cum se înregistrează un mijloc fix importat din afara UE?,mijloace_fixe,publicat,,nu,inregistreaza-mijloc-fix-importat-afara,
GH-02637,Cum se înregistrează un mijloc fix cumpărat de la o persoană fizică?,mijloace_fixe,publicat,,nu,inregistreaza-mijloc-fix-cumparat-persoana,
GH-02638,Cum se înregistrează un mijloc fix primit cu titlu gratuit?,mijloace_fixe,publicat,,nu,inregistreaza-mijloc-fix-primit-titlu,
GH-02639,Cum se înregistrează un mijloc fix primit prin donație?,mijloace_fixe,publicat,,nu,inregistreaza-mijloc-fix-primit-donatie,
GH-02640,Cum se înregistrează un mijloc fix adus ca aport la capitalul social?,mijloace_fixe,publicat,,nu,inregistreaza-mijloc-fix-adus-aport,
GH-02641,Cum se stabilește valoarea de intrare a unui mijloc fix?,mijloace_fixe,asemanator,,nu,,corectez-valoarea-intrare-mijloc-fix
GH-02642,Ce costuri intră în valoarea de intrare a unui mijloc fix?,mijloace_fixe,asemanator,,nu,,dobanda-intra-valoarea-intrare-mijloc
GH-02643,Transportul intră în valoarea unui mijloc fix?,mijloace_fixe,candidat,,nu,,
GH-02644,Montajul intră în valoarea de intrare a mijlocului fix?,mijloace_fixe,candidat,,nu,,
GH-02645,Taxele vamale intră în valoarea mijlocului fix importat?,mijloace_fixe,publicat,,nu,taxele-vamale-intra-valoarea-mijlocului,
GH-02646,Comisioanele intră în costul de achiziție al unui mijloc fix?,mijloace_fixe,publicat,,nu,comisioanele-intra-costul-achizitie-mijloc,
GH-02647,TVA nedeductibilă intră în valoarea mijlocului fix?,tva,publicat,,nu,tva-nedeductibila-intra-valoarea-mijlocului,
GH-02648,TVA deductibilă intră în valoarea de intrare a mijlocului fix?,tva,candidat,,nu,,
GH-02649,Diferențele de curs intră în valoarea unui mijloc fix cumpărat în valută?,mijloace_fixe,publicat,,nu,diferentele-curs-intra-valoarea-mijloc,
GH-02650,Dobânda intră în valoarea de intrare a unui mijloc fix?,mijloace_fixe,publicat,,nu,dobanda-intra-valoarea-intrare-mijloc,
GH-02651,Cum se stabilește valoarea unui mijloc fix construit în regie proprie?,mijloace_fixe,candidat,,nu,,
GH-02652,Cum se înregistrează un mijloc fix realizat în regie proprie?,mijloace_fixe,candidat,,nu,,
GH-02653,Când începe amortizarea unui mijloc fix?,mijloace_fixe,publicat,,da,incepe-amortizarea-mijloc-fix-2,
GH-02654,Amortizarea începe în luna achiziției sau în luna următoare?,mijloace_fixe,publicat,,nu,amortizarea-incepe-luna-achizitiei-luna,
GH-02655,De la ce dată se amortizează un mijloc fix pus în funcțiune?,mijloace_fixe,publicat,,nu,data-amortizeaza-mijloc-fix-pus,
GH-02656,Ce document stabilește data punerii în funcțiune a unui mijloc fix?,mijloace_fixe,publicat,,nu,document-stabileste-data-punerii-functiune,
GH-02657,Cum se întocmește procesul-verbal de punere în funcțiune?,altele,publicat,,nu,intocmeste-procesul-verbal-punere-functiune,
GH-02658,Este obligatorie fișa mijlocului fix în 2026?,mijloace_fixe,candidat,,nu,,
GH-02659,Ce documente trebuie întocmite pentru un mijloc fix?,mijloace_fixe,publicat,,nu,documente-intocmite-mijloc-fix,
GH-02660,Cum se atribuie numărul de inventar unui mijloc fix?,mijloace_fixe,publicat,,nu,atribuie-numarul-inventar-mijloc-fix,
GH-02661,Cum se ține registrul numerelor de inventar?,altele,publicat,,nu,registrul-numerelor-inventar,
GH-02662,Cum se întocmește fișa unui mijloc fix?,mijloace_fixe,publicat,,nu,intocmeste-fisa-mijloc-fix,
GH-02663,Cum se alege codul de clasificare pentru un mijloc fix?,mijloace_fixe,publicat,,nu,alege-codul-clasificare-mijloc-fix,
GH-02664,Cum găsesc codul de clasificare al unui mijloc fix?,mijloace_fixe,publicat,,nu,gasesc-codul-clasificare-mijloc-fix,
GH-02665,Ce durată de amortizare aleg pentru un laptop?,mijloace_fixe,candidat,,nu,,
GH-02666,În câți ani se amortizează un calculator?,mijloace_fixe,publicat,,nu,cati-ani-amortizeaza-calculator,
GH-02667,În câți ani se amortizează un telefon mobil?,mijloace_fixe,publicat,,nu,cati-ani-amortizeaza-telefon-mobil,
GH-02668,În câți ani se amortizează mobilierul de birou?,mijloace_fixe,publicat,,nu,cati-ani-amortizeaza-mobilierul-birou,
GH-02669,În câți ani se amortizează un autoturism?,mijloace_fixe,asemanator,,nu,,cati-ani-amortizeaza-utilaj
GH-02670,În câți ani se amortizează un utilaj?,mijloace_fixe,publicat,,nu,cati-ani-amortizeaza-utilaj,
GH-02671,În câți ani se amortizează o clădire?,mijloace_fixe,publicat,,nu,cati-ani-amortizeaza-cladire,
GH-02672,Cum se stabilește durata normală de funcționare a unui mijloc fix?,mijloace_fixe,candidat,,nu,,
GH-02673,Pot alege orice durată din intervalul prevăzut în catalogul mijloacelor fixe?,altele,candidat,,nu,,
GH-02674,Cum se corectează o durată de amortizare stabilită greșit?,mijloace_fixe,asemanator,,nu,,corectez-durata-amortizare-stabilita-gresit
GH-02675,Ce faci dacă ai ales un cod de clasificare greșit pentru mijlocul fix?,mijloace_fixe,publicat,,nu,ales-cod-clasificare-gresit-mijlocul,
GH-02676,Cum se calculează amortizarea lunară a unui mijloc fix?,mijloace_fixe,publicat,,nu,calculeaza-amortizarea-lunara-mijloc-fix,
GH-02677,Cum se calculează amortizarea pentru o fracțiune de lună?,mijloace_fixe,publicat,,nu,amortizare-fractiune-luna,
GH-02678,Cum se calculează amortizarea pentru un mijloc fix cumpărat în cursul anului?,mijloace_fixe,publicat,,nu,calculeaza-amortizarea-mijloc-fix-cumparat,
GH-02679,Cum se calculează amortizarea pentru un mijloc fix second-hand?,mijloace_fixe,publicat,,nu,calculeaza-amortizarea-mijloc-fix-second,
GH-02680,Cum se calculează amortizarea unui mijloc fix complet amortizat cumpărat second-hand?,mijloace_fixe,publicat,,nu,calculeaza-amortizarea-mijloc-fix-complet,
GH-02681,Cum se stabilește durata rămasă pentru un mijloc fix second-hand?,mijloace_fixe,publicat,,nu,stabileste-durata-ramasa-mijloc-fix,
GH-02682,Când poate fi folosită amortizarea degresivă?,mijloace_fixe,publicat,,nu,folosita-amortizarea-degresiva,
GH-02683,Pentru ce mijloace fixe se poate aplica amortizarea accelerată?,mijloace_fixe,candidat,,nu,,
GH-02684,Poate un SRL micro să folosească amortizarea accelerată?,mijloace_fixe,publicat,,nu,srl-micro-foloseasca-amortizarea-accelerata,
GH-02685,Poate o firmă plătitoare de impozit pe profit să aplice amortizarea accelerată?,profit,publicat,,nu,firma-platitoare-impozit-profit-aplice,
GH-02686,"Care este diferența dintre amortizarea liniară, degresivă și accelerată?",mijloace_fixe,publicat,,nu,diferenta-dintre-amortizarea-liniara-degresiva,
GH-02687,Se poate schimba metoda de amortizare după punerea în funcțiune?,mijloace_fixe,publicat,,nu,schimba-metoda-amortizare-punerea-functiune,
GH-02688,De ce amortizarea contabilă diferă de amortizarea fiscală?,mijloace_fixe,candidat,,nu,,
GH-02689,Cum se înregistrează diferențele dintre amortizarea contabilă și cea fiscală?,mijloace_fixe,publicat,,nu,inregistreaza-diferentele-dintre-amortizarea-contabila,
GH-02690,Ce amortizare este deductibilă la calculul impozitului pe profit?,profit,publicat,,nu,amortizare-deductibila-calculul-impozitului-profit,
GH-02691,Când este amortizarea fiscală nedeductibilă?,mijloace_fixe,publicat,,nu,amortizarea-fiscala-nedeductibila,
GH-02692,Amortizarea reduce impozitul pe profit?,profit,candidat,,nu,,
GH-02693,Amortizarea reduce impozitul unei microîntreprinderi?,mijloace_fixe,publicat,,nu,amortizarea-reduce-impozitul-microintreprinderi,
GH-02694,Cum tratează fiscal amortizarea un SRL micro?,mijloace_fixe,candidat,,nu,,
GH-02695,Ce se întâmplă cu amortizarea când firma trece de la micro la impozit pe profit?,profit,publicat,,nu,intampla-amortizarea-firma-trece-micro,
GH-02696,Amortizarea din perioada în care firma a fost micro se recuperează fiscal după trecerea la profit?,mijloace_fixe,publicat,,nu,amortizarea-perioada-firma-fost-micro,
GH-02697,Cum se calculează amortizarea fiscală după trecerea de la micro la profit?,mijloace_fixe,candidat,,nu,,
GH-02698,Cum se tratează mijloacele fixe existente la trecerea de la micro la profit?,micro,publicat,,nu,trateaza-mijloacele-fixe-existente-trecerea,
GH-02699,Cum se tratează amortizarea când firma trece de la profit la micro?,mijloace_fixe,candidat,,nu,,
GH-02700,Poate un PFA să amortizeze mijloace fixe?,pfa,publicat,,nu,pfa-amortizeze-mijloace-fixe,
GH-02701,Cum se calculează amortizarea unui mijloc fix la PFA în sistem real?,pfa,publicat,,nu,calculeaza-amortizarea-mijloc-fix-pfa,
GH-02702,Amortizarea este cheltuială deductibilă pentru PFA?,pfa,publicat,,nu,amortizarea-cheltuiala-deductibila-pfa,
GH-02703,Poate un PFA la normă de venit să deducă amortizarea?,pfa,publicat,,nu,pfa-norma-venit-deduca-amortizarea,
GH-02704,Cum se evidențiază mijloacele fixe în contabilitatea unui PFA?,pfa,publicat,,nu,cum-se-evidentiaza-mijloacele-fixe-in-contabilitatea-unui-pfa,
GH-02705,Cum se tratează un autoturism cumpărat de PFA?,pfa,publicat,,nu,cum-se-trateaza-un-autoturism-cumparat-de-pfa,
GH-02706,Cum se amortizează un laptop cumpărat de PFA?,pfa,publicat,,da,amortizeaza-laptop-cumparat-pfa,
GH-02707,Cum se tratează mijloacele fixe la o întreprindere individuală?,pfa,candidat,,nu,,
GH-02708,Poate o II să deducă amortizarea mijloacelor fixe?,pfa,publicat,,nu,deduca-amortizarea-mijloacelor-fixe,
GH-02709,Cum se înregistrează amortizarea lunară în contabilitate?,mijloace_fixe,publicat,,nu,inregistreaza-amortizarea-lunara-contabilitate,
GH-02710,Care este monografia contabilă pentru amortizarea mijloacelor fixe?,mijloace_fixe,publicat,,nu,monografia-contabila-amortizarea-mijloacelor-fixe,
GH-02711,Ce cont se folosește pentru amortizarea unui autoturism?,mijloace_fixe,publicat,,nu,cont-amortizare-autoturism,
GH-02712,Ce cont se folosește pentru amortizarea echipamentelor?,mijloace_fixe,publicat,,nu,cont-foloseste-amortizarea-echipamentelor,
GH-02713,Cum se verifică amortizarea din balanță?,mijloace_fixe,publicat,,nu,verifica-amortizarea-balanta,
GH-02714,Cum se verifică soldul contului 281?,altele,publicat,,nu,verifica-soldul-contului-281,
GH-02715,De ce nu corespunde contul 281 cu registrul mijloacelor fixe?,altele,publicat,,nu,corespunde-contul-281-registrul-mijloacelor,
GH-02716,Cum reconciliezi registrul mijloacelor fixe cu balanța contabilă?,altele,publicat,,nu,reconciliere-registru-mijloace-fixe-balanta,
GH-02717,Ce faci dacă amortizarea nu a fost calculată timp de câteva luni?,mijloace_fixe,publicat,,nu,amortizarea-fost-calculata-timp-cateva,
GH-02718,Cum corectezi amortizarea omisă într-o lună anterioară?,mijloace_fixe,asemanator,,nu,,corectezi-amortizarea-omisa-luna-anterioara
GH-02719,Cum corectezi amortizarea calculată greșit în anul precedent?,mijloace_fixe,candidat,,nu,,
GH-02720,Cum se înregistrează o eroare de amortizare din anii precedenți?,mijloace_fixe,publicat,,nu,inregistreaza-eroare-amortizare-anii-precedenti,
GH-02721,Ce faci dacă un mijloc fix a fost amortizat prea repede?,mijloace_fixe,publicat,,nu,mijloc-fix-fost-amortizat-prea,
GH-02722,Ce faci dacă un mijloc fix a fost amortizat peste valoarea de intrare?,mijloace_fixe,asemanator,,nu,,mijloc-fix-fost-amortizat-valoarea
GH-02723,Poate amortizarea cumulată să depășească valoarea mijlocului fix?,mijloace_fixe,publicat,,nu,amortizarea-cumulata-depaseasca-valoarea-mijlocului,
GH-02724,Cum verifici dacă un mijloc fix este complet amortizat?,mijloace_fixe,publicat,,nu,verifici-mijloc-fix-complet-amortizat,
GH-02725,Ce faci cu un mijloc fix complet amortizat care este încă folosit?,mijloace_fixe,candidat,,nu,,
GH-02726,Trebuie scos din evidență un mijloc fix complet amortizat?,mijloace_fixe,candidat,,nu,,
GH-02727,Poate firma folosi în continuare un autoturism complet amortizat?,mijloace_fixe,candidat,,nu,,
GH-02728,Cum se contabilizează un mijloc fix complet amortizat?,mijloace_fixe,publicat,,nu,contabilizeaza-mijloc-fix-complet-amortizat,
GH-02729,Cum se vinde un mijloc fix complet amortizat?,mijloace_fixe,publicat,,da,vinde-mijloc-fix-complet-amortizat,
GH-02730,Cum se vinde un mijloc fix neamortizat integral?,mijloace_fixe,publicat,,nu,vanzare-mijloc-fix-neamortizat-integral,
GH-02731,Care este monografia contabilă pentru vânzarea unui mijloc fix?,mijloace_fixe,asemanator,,da,,monografia-contabila-casarea-mijloc-fix
GH-02732,Cum se calculează rezultatul la vânzarea unui mijloc fix?,mijloace_fixe,publicat,,nu,calculeaza-rezultatul-vanzarea-mijloc-fix,
GH-02733,Valoarea neamortizată este deductibilă la vânzarea unui mijloc fix?,mijloace_fixe,asemanator,,nu,,valoarea-neamortizata-mijloc-fix-casat
GH-02734,Cum se tratează fiscal valoarea rămasă neamortizată la vânzare?,mijloace_fixe,candidat,,nu,,
GH-02735,Cum se înregistrează scoaterea din evidență a unui mijloc fix vândut?,mijloace_fixe,publicat,,nu,inregistreaza-scoaterea-evidenta-mijloc-fix,
GH-02736,Cum se facturează vânzarea unui mijloc fix?,mijloace_fixe,publicat,,nu,factureaza-vanzarea-mijloc-fix,
GH-02737,Se colectează TVA la vânzarea unui mijloc fix?,tva,candidat,,nu,,
GH-02738,Cum vinde un neplătitor de TVA un mijloc fix?,tva,candidat,,nu,,
GH-02739,Cum vinde un plătitor de TVA un autoturism din patrimoniul firmei?,tva,publicat,,nu,vinde-platitor-tva-autoturism-patrimoniul,
GH-02740,Ce TVA se aplică la vânzarea unui autoturism cumpărat cu TVA nedeductibilă?,tva,publicat,,nu,tva-aplica-vanzarea-autoturism-cumparat,
GH-02741,Cum se tratează TVA la vânzarea unui mijloc fix second-hand?,tva,publicat,,nu,trateaza-tva-vanzarea-mijloc-fix,
GH-02742,Vânzarea unui mijloc fix intră în plafonul micro?,mijloace_fixe,candidat,,nu,,
GH-02743,Vânzarea unui autoturism intră în plafonul micro?,micro,candidat,,nu,,
GH-02744,Cum afectează vânzarea unui mijloc fix impozitul pe profit?,profit,candidat,,nu,,
GH-02745,Cum se declară vânzarea unui mijloc fix în D300?,tva,publicat,,nu,declara-vanzarea-mijloc-fix-d300,
GH-02746,Cum se declară vânzarea unui mijloc fix în D394?,tva,publicat,,nu,declara-vanzarea-mijloc-fix-d394 (+1 dubluri),
GH-02747,Cum se declară achiziția unui mijloc fix în D300?,tva,publicat,,nu,cum-se-declara-achizitia-unui-mijloc-fix-in-d300,
GH-02748,Cum se declară achiziția unui mijloc fix în D394?,tva,publicat,,nu,declara-achizitia-mijloc-fix-d394,
GH-02749,Cum se declară un mijloc fix cumpărat din UE în D300?,tva,asemanator,,nu,,cum-se-declara-un-mijloc-fix-cumparat-din-ue-in-d390
GH-02750,Cum se declară un mijloc fix cumpărat din UE în D390?,ic_ue,publicat,,nu,cum-se-declara-un-mijloc-fix-cumparat-din-ue-in-d390,
GH-02751,Cum se aplică taxarea inversă la un mijloc fix cumpărat din UE?,mijloace_fixe,publicat,,nu,aplica-taxarea-inversa-mijloc-fix,
GH-02752,Cum se declară un utilaj importat în D300?,tva,publicat,,nu,cum-se-declara-un-utilaj-importat-in-d300,
GH-02753,Cum se deduce TVA la achiziția unui mijloc fix?,tva,candidat,,nu,,
GH-02754,Când TVA la mijloace fixe este deductibilă integral?,tva,publicat,,nu,tva-mijloace-fixe-deductibila-integral,
GH-02755,Când TVA la un autoturism este deductibilă doar 50%?,tva,publicat,,nu,tva-autoturism-deductibila-50,
GH-02756,Cum se înregistrează TVA nedeductibilă de 50% la un autoturism?,tva,candidat,,nu,,
GH-02757,TVA nedeductibilă la autoturism se adaugă la valoarea mijlocului fix?,tva,candidat,,nu,,
GH-02758,Cum se calculează amortizarea unui autoturism cu TVA deductibilă 50%?,tva,candidat,,nu,,
GH-02759,Care este limita fiscală de amortizare pentru autoturisme în 2026?,mijloace_fixe,asemanator,,da,,limita-fiscala-amortizare-autoturisme
GH-02760,Cum se aplică limita de deductibilitate a amortizării pentru autoturisme?,mijloace_fixe,candidat,,nu,,
GH-02761,Ce autoturisme nu sunt supuse limitei fiscale de amortizare?,mijloace_fixe,candidat,,nu,,
GH-02762,Cum se calculează amortizarea fiscală nedeductibilă pentru un autoturism?,mijloace_fixe,asemanator,,nu,,calculeaza-amortizarea-fiscala-autoturism-scump
GH-02763,Cum se declară amortizarea nedeductibilă în D101?,profit,candidat,,nu,,
GH-02764,Cum se tratează amortizarea autoturismului la impozitul pe profit?,profit,asemanator,,nu,,trateaza-amortizarea-autoturismului-microintreprindere
GH-02765,Cum se tratează amortizarea autoturismului la microîntreprindere?,mijloace_fixe,publicat,,nu,trateaza-amortizarea-autoturismului-microintreprindere,
GH-02766,Cum se amortizează o mașină electrică achiziționată de firmă?,mijloace_fixe,publicat,,nu,amortizeaza-masina-electrica-achizitionata-firma,
GH-02767,Cum se amortizează o stație de încărcare pentru mașini electrice?,mijloace_fixe,candidat,,nu,,
GH-02768,Cum se amortizează un autoturism cumpărat prin leasing financiar?,mijloace_fixe,publicat,,nu,amortizeaza-autoturism-cumparat-leasing-financiar,
GH-02769,Cine amortizează autoturismul în leasing financiar?,mijloace_fixe,publicat,,nu,amortizare-auto-leasing-financiar,
GH-02770,Se amortizează bunurile luate în leasing operațional?,mijloace_fixe,publicat,,nu,amortizeaza-bunurile-luate-leasing-operational,
GH-02771,Cum se înregistrează valoarea reziduală la finalul leasingului financiar?,altele,publicat,,nu,inregistreaza-valoarea-reziduala-finalul-leasingului,
GH-02772,Cum se amortizează un mijloc fix după cumpărarea la finalul leasingului?,mijloace_fixe,publicat,,nu,amortizeaza-mijloc-fix-cumpararea-finalul,
GH-02773,Cum se tratează avansul pentru achiziția unui mijloc fix?,mijloace_fixe,publicat,,nu,cum-se-trateaza-avansul-pentru-achizitia-unui-mijloc-fix,
GH-02774,Se calculează amortizare pentru un mijloc fix înainte de recepție?,mijloace_fixe,publicat,,nu,calculeaza-amortizare-mijloc-fix-inainte,
GH-02775,Se calculează amortizare pentru un mijloc fix care nu este pus în funcțiune?,mijloace_fixe,publicat,,nu,calculeaza-amortizare-mijloc-fix-pus,
GH-02776,Ce se întâmplă cu amortizarea unui mijloc fix temporar neutilizat?,mijloace_fixe,publicat,,nu,intampla-amortizarea-mijloc-fix-temporar,
GH-02777,Se suspendă amortizarea dacă utilajul nu este folosit?,mijloace_fixe,candidat,,nu,,
GH-02778,Cum se tratează amortizarea în perioada de conservare a unui mijloc fix?,mijloace_fixe,candidat,,nu,,
GH-02779,Cum se tratează amortizarea când activitatea firmei este suspendată?,mijloace_fixe,candidat,,nu,,
GH-02780,Se calculează amortizare în perioada în care firma nu are activitate?,mijloace_fixe,publicat,,nu,calculeaza-amortizare-perioada-firma-activitate,
GH-02781,Cum se tratează un mijloc fix defect care nu mai este utilizat?,mijloace_fixe,candidat,,nu,,
GH-02782,Cum se scoate din funcțiune un mijloc fix?,mijloace_fixe,publicat,,nu,scoate-functiune-mijloc-fix,
GH-02783,Ce documente sunt necesare pentru casarea unui mijloc fix?,mijloace_fixe,candidat,,nu,,
GH-02784,Care este monografia contabilă pentru casarea unui mijloc fix?,mijloace_fixe,publicat,,nu,monografia-contabila-casarea-mijloc-fix,
GH-02785,Cum se înregistrează casarea unui mijloc fix complet amortizat?,mijloace_fixe,publicat,,nu,inregistreaza-casarea-mijloc-fix-complet,
GH-02786,Cum se înregistrează casarea unui mijloc fix neamortizat integral?,mijloace_fixe,publicat,,nu,inregistreaza-casarea-mijloc-fix-neamortizat,
GH-02787,Valoarea neamortizată este deductibilă la casarea unui mijloc fix?,mijloace_fixe,asemanator,,nu,,valoarea-neamortizata-mijloc-fix-casat
GH-02788,Când valoarea rămasă la casare este nedeductibilă fiscal?,altele,candidat,,nu,,
GH-02789,Se ajustează TVA la casarea unui mijloc fix?,tva,candidat,,nu,,
GH-02790,Când trebuie ajustată TVA pentru un bun de capital casat?,tva,candidat,,nu,,
GH-02791,Cum se calculează ajustarea TVA pentru bunurile de capital?,tva,candidat,,nu,,
GH-02792,Cum se ajustează TVA pentru un imobil?,tva,asemanator,,nu,,ajusteaza-tva-dedusa-imobil
GH-02793,Cum se ajustează TVA pentru un utilaj?,tva,publicat,,nu,ajusteaza-tva-utilaj,
GH-02794,Cum se declară ajustarea TVA pentru un mijloc fix în D300?,tva,candidat,,nu,,
GH-02795,Ce se întâmplă cu TVA dacă un mijloc fix este distrus?,tva,candidat,,nu,,
GH-02796,Cum se tratează fiscal un mijloc fix furat?,mijloace_fixe,publicat,,nu,trateaza-fiscal-mijloc-fix-furat,
GH-02797,Se ajustează TVA pentru un mijloc fix furat?,tva,candidat,,nu,,
GH-02798,Cum se scoate din evidență un mijloc fix furat?,mijloace_fixe,asemanator,,nu,,scoate-functiune-mijloc-fix
GH-02799,Ce documente justifică scoaterea din evidență a unui mijloc fix distrus?,mijloace_fixe,candidat,,nu,,
GH-02800,Cum se tratează un mijloc fix pierdut la inventariere?,mijloace_fixe,candidat,,nu,,
GH-02801,Ce faci dacă la inventar lipsește un mijloc fix?,mijloace_fixe,publicat,,nu,inventar-lipseste-mijloc-fix,
GH-02802,Cum se tratează plusurile de mijloace fixe constatate la inventar?,mijloace_fixe,publicat,,nu,trateaza-plusurile-mijloace-fixe-constatate,
GH-02803,Cum se corectează un mijloc fix înregistrat cu valoare greșită?,mijloace_fixe,candidat,,nu,,
GH-02804,Cum se corectează data de punere în funcțiune a unui mijloc fix?,mijloace_fixe,candidat,,nu,,
GH-02805,Cum se corectează amortizarea dacă data punerii în funcțiune a fost greșită?,mijloace_fixe,candidat,,nu,,
GH-02806,Cum se corectează un mijloc fix înregistrat din greșeală ca obiect de inventar?,mijloace_fixe,publicat,,nu,corecteaza-mijloc-fix-inregistrat-greseala,
GH-02807,Cum se corectează un obiect de inventar înregistrat greșit ca mijloc fix?,mijloace_fixe,publicat,,nu,corecteaza-obiect-inventar-inregistrat-gresit,
GH-02808,Ce faci dacă ai trecut direct pe cheltuieli un bun care trebuia amortizat?,mijloace_fixe,publicat,,nu,trecut-direct-cheltuieli-bun-trebuia,
GH-02809,Cum corectezi contabil o achiziție care trebuia înregistrată ca mijloc fix?,mijloace_fixe,publicat,,nu,corectezi-contabil-achizitie-trebuia-inregistrata,
GH-02810,Cum afectează corectarea unui mijloc fix declarația D101?,profit,candidat,,nu,,
GH-02811,Trebuie rectificată D101 după corectarea amortizării?,profit,candidat,,nu,,
GH-02812,Cum se corectează impozitul pe profit după recalcularea amortizării?,profit,candidat,,nu,,
GH-02813,Cum se tratează modernizarea unui mijloc fix?,mijloace_fixe,asemanator,,nu,,cum-se-trateaza-avansul-pentru-achizitia-unui-mijloc-fix
GH-02814,Reparația unui utilaj se capitalizează sau se trece pe cheltuieli?,altele,publicat,,nu,reparatia-utilaj-capitalizeaza-trece-cheltuieli,
GH-02815,Care este diferența dintre reparație și modernizare la un mijloc fix?,mijloace_fixe,publicat,,nu,diferenta-dintre-reparatie-modernizare-mijloc,
GH-02816,Când cheltuielile de modernizare măresc valoarea mijlocului fix?,mijloace_fixe,publicat,,nu,cheltuielile-modernizare-maresc-valoarea-mijlocului,
GH-02817,Cum se amortizează o modernizare făcută ulterior?,mijloace_fixe,publicat,,nu,amortizeaza-modernizare-facuta-ulterior,
GH-02818,Modernizarea prelungește durata de amortizare a mijlocului fix?,mijloace_fixe,publicat,,nu,modernizarea-prelungeste-durata-amortizare-mijlocului,
GH-02819,Cum se înregistrează modernizarea unui autoturism?,altele,candidat,,nu,,
GH-02820,Cum se înregistrează modernizarea unei clădiri?,altele,candidat,,nu,,
GH-02821,Cum se amortizează investițiile într-un spațiu închiriat?,mijloace_fixe,publicat,,nu,amortizeaza-investitiile-spatiu-inchiriat-2,
GH-02822,Cine amortizează amenajările făcute într-un spațiu închiriat?,mijloace_fixe,publicat,,nu,amortizeaza-amenajarile-facute-spatiu-inchiriat,
GH-02823,În câți ani se amortizează amenajarea unui sediu închiriat?,mijloace_fixe,publicat,,nu,cati-ani-amortizeaza-amenajarea-sediu,
GH-02824,Ce se întâmplă cu investiția neamortizată la încetarea contractului de închiriere?,mijloace_fixe,publicat,,nu,intampla-investitia-neamortizata-incetarea-contractului,
GH-02825,Cum se tratează fiscal amenajările cedate proprietarului?,altele,publicat,,nu,trateaza-fiscal-amenajarile-cedate-proprietarului,
GH-02826,Se colectează TVA pentru investițiile rămase proprietarului la finalul chiriei?,tva,publicat,,nu,colecteaza-tva-investitiile-ramase-proprietarului,
GH-02827,Cum se amortizează investițiile efectuate într-o clădire proprie?,mijloace_fixe,publicat,,nu,amortizeaza-investitiile-efectuate-cladire-proprie,
GH-02828,Cum se tratează înlocuirea unei componente importante a unui utilaj?,altele,candidat,,nu,,
GH-02829,Piesele de schimb sunt cheltuială sau mijloc fix?,mijloace_fixe,publicat,,nu,piesele-schimb-cheltuiala-mijloc-fix,
GH-02830,Un motor înlocuit la un utilaj se capitalizează sau se trece pe cheltuieli?,altele,candidat,,nu,,
GH-02831,Cum se tratează fiscal o reparație capitală?,altele,candidat,,nu,,
GH-02832,Cum se amortizează o instalație montată într-o clădire?,mijloace_fixe,publicat,,nu,amortizeaza-instalatie-montata-cladire,
GH-02833,Panourile fotovoltaice sunt mijloace fixe?,mijloace_fixe,publicat,,nu,panourile-fotovoltaice-mijloace-fixe,
GH-02834,În câți ani se amortizează panourile fotovoltaice?,mijloace_fixe,candidat,,nu,,
GH-02835,Cum se înregistrează contabil achiziția de panouri fotovoltaice?,altele,candidat,,nu,,
GH-02836,Cum se amortizează o instalație fotovoltaică finanțată prin grant?,mijloace_fixe,publicat,,nu,amortizeaza-instalatie-fotovoltaica-finantata-grant,
GH-02837,Cum se înregistrează un mijloc fix cumpărat din fonduri nerambursabile?,mijloace_fixe,publicat,,nu,inregistreaza-mijloc-fix-cumparat-fonduri,
GH-02838,Cum se amortizează un mijloc fix achiziționat printr-o subvenție?,mijloace_fixe,publicat,,nu,amortizeaza-mijloc-fix-achizitionat-printr,
GH-02839,Cum se recunoaște venitul din subvenție aferent amortizării?,mijloace_fixe,publicat,,nu,recunoaste-venitul-subventie-aferent-amortizarii,
GH-02840,Cum se înregistrează contabil un mijloc fix primit prin proiect european?,mijloace_fixe,publicat,,nu,inregistreaza-contabil-mijloc-fix-primit,
GH-02841,Cum se tratează fiscal amortizarea unui mijloc fix finanțat din fonduri europene?,mijloace_fixe,publicat,,nu,trateaza-fiscal-amortizarea-mijloc-fix,
GH-02842,Licența software este mijloc fix necorporal sau cheltuială?,mijloace_fixe,candidat,,nu,,
GH-02843,În câți ani se amortizează o licență software?,mijloace_fixe,asemanator,,nu,,cati-ani-amortizeaza-cladire
GH-02844,Cum se amortizează un ERP cumpărat de firmă?,mijloace_fixe,publicat,,nu,amortizeaza-erp-cumparat-firma,
GH-02845,Cum se amortizează un site web realizat pentru firmă?,mijloace_fixe,candidat,,nu,,
GH-02846,Un domeniu internet se amortizează?,mijloace_fixe,candidat,,nu,,
GH-02847,Cum se amortizează o marcă achiziționată?,mijloace_fixe,publicat,,nu,amortizeaza-marca-achizitionata,
GH-02848,Fondul comercial se amortizează fiscal?,mijloace_fixe,candidat,,nu,,
GH-02849,Cum se tratează contabil activele necorporale?,altele,candidat,,nu,,
GH-02850,Cum se înregistrează dezvoltarea internă a unui program software?,altele,candidat,,nu,,
GH-02851,Când costurile de dezvoltare software pot fi capitalizate?,altele,publicat,,nu,costurile-dezvoltare-software-capitalizate,
GH-02852,Cum se amortizează costurile de dezvoltare?,mijloace_fixe,publicat,,nu,amortizeaza-costurile-dezvoltare,
GH-02853,Cum se tratează fiscal cheltuielile de cercetare și dezvolt,altele,candidat,,nu,,
GH-02854,Când este obligatoriu NIR-ul pentru marfa cumpărată de firmă?,stocuri,publicat,,nu,obligatoriu-nir-ul-marfa-cumparata,
GH-02855,Cum se întocmește corect un NIR în 2026?,stocuri,candidat,,nu,,
GH-02856,Este obligatoriu NIR-ul pentru fiecare factură de marfă?,stocuri,publicat,,nu,obligatoriu-nir-ul-fiecare-factura,
GH-02857,Se poate face un singur NIR pentru mai multe facturi?,stocuri,publicat,,nu,singur-nir-multe-facturi,
GH-02858,Trebuie făcut NIR pentru marfa cumpărată din România?,stocuri,publicat,,nu,nir-marfa-cumparata-romania,
GH-02859,Trebuie făcut NIR pentru marfa cumpărată din Uniunea Europeană?,stocuri,publicat,,nu,nir-marfa-cumparata-uniunea-europeana,
GH-02860,Cum se întocmește NIR pentru o achiziție intracomunitară?,ic_ue,publicat,,nu,intocmeste-nir-achizitie-intracomunitara,
GH-02861,Trebuie făcut NIR pentru marfa importată din afara UE?,stocuri,candidat,,nu,,
GH-02862,Cum se întocmește NIR pentru marfa importată?,stocuri,candidat,,nu,,
GH-02863,Trebuie făcut NIR pentru materiale consumabile?,stocuri,publicat,,nu,nir-materiale-consumabile,
GH-02864,Trebuie făcut NIR pentru obiecte de inventar?,stocuri,publicat,,nu,nir-obiecte-inventar-cand-e-obligatoriu,
GH-02865,Trebuie făcut NIR pentru mijloace fixe?,mijloace_fixe,publicat,,nu,nir-mijloace-fixe,
GH-02866,Se face NIR pentru servicii facturate?,stocuri,publicat,,nu,nir-servicii-facturate,
GH-02867,Se face NIR pentru marfa primită gratuit?,stocuri,publicat,,nu,nir-marfa-primita-gratuit,
GH-02868,Cum se face NIR pentru marfa primită cu titlu gratuit?,stocuri,publicat,,nu,nir-marfa-primita-titlu-gratuit,
GH-02869,Se face NIR pentru mostre gratuite?,stocuri,candidat,,nu,,
GH-02870,Se face NIR pentru marfa primită în custodie?,stocuri,publicat,,nu,nir-marfa-primita-custodie,
GH-02871,Cum se evidențiază marfa primită în custodie?,altele,candidat,,nu,,
GH-02872,Se face NIR pentru bunurile primite spre prelucrare?,stocuri,candidat,,nu,,
GH-02873,Cum se înregistrează bunurile primite de la terți?,altele,candidat,,nu,,
GH-02874,Cine trebuie să semneze NIR-ul?,stocuri,candidat,,nu,,
GH-02875,Poate administratorul să întocmească și să semneze NIR-ul?,stocuri,candidat,,nu,,
GH-02876,Poate contabilul să întocmească NIR-ul?,stocuri,publicat,,nu,contabilul-intocmeasca-nir-ul,
GH-02877,NIR-ul poate fi întocmit electronic?,stocuri,publicat,,nu,nir-ul-intocmit-electronic,
GH-02878,Trebuie tipărit NIR-ul dacă este generat electronic?,stocuri,publicat,,nu,tiparit-nir-ul-generat-electronic,
GH-02879,NIR-ul electronic trebuie semnat?,stocuri,publicat,,nu,nir-ul-electronic-semnat,
GH-02880,Ce informații obligatorii trebuie să conțină un NIR?,stocuri,publicat,,nu,informatii-obligatorii-contina-nir,
GH-02881,Ce dată se trece pe NIR: data facturii sau data recepției?,stocuri,publicat,,nu,data-trece-nir-data-facturii,
GH-02882,Ce număr se trece pe NIR?,stocuri,publicat,,nu,numar-trece-nir,
GH-02883,Cum se numerotează NIR-urile?,stocuri,publicat,,nu,numeroteaza-nir-urile,
GH-02884,Ce faci dacă ai uitat să întocmești NIR-ul?,stocuri,candidat,,nu,,
GH-02885,Se poate întocmi NIR retroactiv?,stocuri,candidat,,nu,,
GH-02886,Cum corectezi un NIR greșit?,stocuri,candidat,,nu,,
GH-02887,Cum anulezi un NIR întocmit greșit?,stocuri,candidat,,nu,,
GH-02888,Ce faci dacă prețul din NIR diferă de prețul din factură?,stocuri,publicat,,nu,pretul-nir-difera-pretul-factura,
GH-02889,Ce faci dacă cantitatea recepționată diferă de factura furnizorului?,altele,candidat,,nu,,
GH-02890,Cum se întocmește NIR când lipsesc produse din livrare?,stocuri,publicat,,nu,intocmeste-nir-lipsesc-produse-livrare,
GH-02891,Cum se întocmește NIR când există marfă în plus față de factură?,stocuri,publicat,,nu,intocmeste-nir-exista-marfa-plus,
GH-02892,Cum se înregistrează diferențele constatate la recepția mărfii?,greseli,publicat,,nu,inregistreaza-diferentele-constatate-receptia-marfii,
GH-02893,Ce faci dacă marfa ajunge înaintea facturii?,altele,candidat,,nu,,
GH-02894,Cum recepționezi marfa când factura vine ulterior?,altele,candidat,,nu,,
GH-02895,Ce faci dacă factura vine înaintea mărfii?,altele,publicat,,nu,factura-vine-inaintea-marfii,
GH-02896,Cum se evidențiază stocurile în curs de aprovizionare?,stocuri,publicat,,nu,evidentiaza-stocurile-curs-aprovizionare,
GH-02897,Ce cont se folosește pentru marfa în curs de aprovizionare?,altele,candidat,,nu,,
GH-02898,Cum se înregistrează marfa sosită fără factură?,altele,publicat,,nu,inregistreaza-marfa-sosita-factura,
GH-02899,Cum se înregistrează factura sosită după recepția mărfii?,altele,candidat,,nu,,
GH-02900,Cum se înregistrează contabil un NIR?,stocuri,candidat,,nu,,
GH-02901,Care este monografia contabilă pentru recepția mărfurilor?,altele,publicat,,nu,monografia-contabila-receptia-marfurilor,
GH-02902,Care este monografia contabilă pentru cumpărarea mărfurilor?,altele,publicat,,nu,care-este-monografia-contabila-pentru-cumpararea-marfurilor,
GH-02903,Cum se înregistrează mărfurile în contul 371?,altele,candidat,,nu,,
GH-02904,Cum se verifică soldul contului 371?,altele,asemanator,,nu,,verifica-soldul-contului-542
GH-02905,De ce nu corespunde contul 371 cu stocul din gestiune?,stocuri,candidat,,nu,,
GH-02906,Cum reconciliezi stocul din gestiune cu balanța contabilă?,stocuri,publicat,,nu,reconciliezi-stocul-gestiune-balanta-contabila,
GH-02907,Ce faci dacă stocul scriptic diferă de stocul contabil?,stocuri,publicat,,nu,stocul-scriptic-difera-stocul-contabil,
GH-02908,Ce faci dacă stocul din program diferă de balanță?,stocuri,candidat,,nu,,
GH-02909,Cum verifici stocul la sfârșitul lunii?,stocuri,publicat,,nu,verifici-stocul-sfarsitul-lunii,
GH-02910,Cum verifici dacă descărcarea de gestiune este corectă?,stocuri,candidat,,nu,,
GH-02911,Ce înseamnă descărcarea de gestiune?,stocuri,candidat,,nu,,
GH-02912,Când se face descărcarea de gestiune?,stocuri,publicat,,nu,descarcarea-gestiune,
GH-02913,Cum se calculează descărcarea de gestiune?,stocuri,publicat,,nu,calculeaza-descarcarea-gestiune,
GH-02914,Care este monografia contabilă pentru descărcarea de gestiune?,stocuri,publicat,,nu,monografia-contabila-descarcarea-gestiune,
GH-02915,Ce conturi se folosesc la descărcarea de gestiune?,stocuri,candidat,,nu,,
GH-02916,Cum se descarcă gestiunea la vânzarea mărfurilor?,stocuri,publicat,,nu,descarca-gestiunea-vanzarea-marfurilor,
GH-02917,Cum se descarcă gestiunea pentru un magazin cu amănuntul?,stocuri,publicat,,nu,descarca-gestiunea-magazin-amanuntul,
GH-02918,Cum se descarcă gestiunea pentru un depozit en-gros?,stocuri,candidat,,nu,,
GH-02919,Cum se descarcă gestiunea la un magazin online?,stocuri,publicat,,nu,descarca-gestiunea-magazin-online,
GH-02920,Cum se descarcă gestiunea pentru marfa vândută prin marketplace?,stocuri,publicat,,nu,descarca-gestiunea-marfa-vanduta-marketplace,
GH-02921,Cum se descarcă gestiunea pentru vânzările prin eMAG Marketplace?,stocuri,asemanator,,nu,,descarca-gestiunea-marfa-vanduta-marketplace
GH-02922,Cum se descarcă gestiunea pentru vânzările cu bon fiscal?,stocuri,publicat,,nu,descarca-gestiunea-vanzarile-bon-fiscal,
GH-02923,Cum se descarcă gestiunea pentru vânzările cu factură?,stocuri,publicat,,nu,descarca-gestiunea-vanzarile-factura,
GH-02924,Cum se descarcă gestiunea când factura și livrarea sunt în luni diferite?,stocuri,publicat,,nu,descarca-gestiunea-factura-livrarea-luni,
GH-02925,La ce dată se face descărcarea de gestiune: factură sau livrare?,stocuri,publicat,,nu,data-descarcarea-gestiune-factura-livrare,
GH-02926,Cum se descarcă gestiunea pentru o livrare parțială?,stocuri,publicat,,nu,descarca-gestiunea-livrare-partiala,
GH-02927,Cum se descarcă gestiunea pentru produse oferite gratuit?,stocuri,publicat,,nu,descarca-gestiunea-produse-oferite-gratuit,
GH-02928,Cum se descarcă gestiunea pentru mostre?,stocuri,publicat,,nu,descarca-gestiunea-mostre,
GH-02929,Cum se descarcă gestiunea pentru marfa folosită în scop propriu?,stocuri,publicat,,nu,descarca-gestiunea-marfa-folosita-scop,
GH-02930,Cum se descarcă gestiunea pentru marfa acordată angajaților?,stocuri,publicat,,nu,descarca-gestiunea-marfa-acordata-angajatilor,
GH-02931,Cum se descarcă gestiunea pentru marfa dată în sponsorizare?,profit,publicat,,nu,descarca-gestiunea-marfa-data-sponsorizare,
GH-02932,Cum se descarcă gestiunea pentru marfa donată?,stocuri,publicat,,nu,descarca-gestiunea-marfa-donata,
GH-02933,Cum se descarcă gestiunea pentru marfa distrusă?,stocuri,publicat,,nu,descarca-gestiunea-marfa-distrusa,
GH-02934,Cum se descarcă gestiunea pentru marfa expirată?,stocuri,publicat,,nu,descarca-gestiunea-marfa-expirata,
GH-02935,Cum se descarcă gestiunea pentru marfa degradată?,stocuri,publicat,,nu,descarca-gestiunea-marfa-degradata,
GH-02936,Cum se descarcă gestiunea pentru marfa furată?,stocuri,asemanator,,nu,,descarca-gestiunea-marfa-expirata
GH-02937,Cum se descarcă gestiunea pentru lipsurile constatate la inventar?,stocuri,publicat,,nu,descarca-gestiunea-lipsurile-constatate-inventar,
GH-02938,Cum se descarcă gestiunea pentru perisabilități?,stocuri,asemanator,,nu,,descarca-gestiunea-semifabricate
GH-02939,Cum se descarcă gestiunea pentru consumul intern?,stocuri,publicat,,nu,descarca-gestiunea-consumul-intern,
GH-02940,Cum se descarcă gestiunea pentru materiale consumabile?,stocuri,publicat,,nu,descarca-gestiunea-materiale-consumabile,
GH-02941,Cum se descarcă gestiunea pentru materii prime?,stocuri,publicat,,nu,descarca-gestiunea-materii-prime,
GH-02942,Cum se descarcă gestiunea pentru ambalaje?,stocuri,publicat,,nu,descarca-gestiunea-ambalaje,
GH-02943,Cum se descarcă gestiunea pentru produse finite?,stocuri,publicat,,nu,descarcare-gestiune-produse-finite,
GH-02944,Cum se descarcă gestiunea pentru semifabricate?,stocuri,publicat,,nu,descarca-gestiunea-semifabricate,
GH-02945,Cum se descarcă gestiunea pentru producția proprie?,stocuri,asemanator,,nu,,descarca-gestiunea-semifabricate
GH-02946,Care este diferența dintre inventarul permanent și inventarul intermitent?,greseli,asemanator,,nu,,diferenta-dintre-inventarul-permanent-inventarul
GH-02947,Când se poate folosi metoda inventarului permanent?,altele,candidat,,nu,,
GH-02948,Când se poate folosi metoda inventarului intermitent?,altele,candidat,,nu,,
GH-02949,Cum se face descărcarea de gestiune la inventarul permanent?,stocuri,candidat,,nu,,
GH-02950,Cum se face descărcarea de gestiune la inventarul intermitent?,stocuri,candidat,,nu,,
GH-02951,Poate firma schimba metoda de evidență a stocurilor în cursul anului?,stocuri,publicat,,nu,firma-schimba-metoda-evidenta-stocurilor,
GH-02952,Cum se trece de la inventar intermitent la inventar permanent?,altele,publicat,,nu,trece-inventar-intermitent-inventar-permanent,
GH-02953,Ce metodă de gestiune este potrivită pentru un magazin online?,stocuri,asemanator,,nu,,metoda-gestiune-potrivita-magazin-amanuntul
GH-02954,Ce metodă de gestiune este potrivită pentru un magazin cu amănuntul?,stocuri,publicat,,nu,metoda-gestiune-potrivita-magazin-amanuntul,
GH-02955,Ce metodă de gestiune este potrivită pentru un depozit?,stocuri,publicat,,nu,metoda-gestiune-potrivita-depozit,
GH-02956,Care este diferența dintre gestiunea cantitativ-valorică și global-valorică?,stocuri,publicat,,nu,diferenta-dintre-gestiunea-cantitativ-valorica,
GH-02957,Când se folosește gestiunea cantitativ-valorică?,stocuri,asemanator,,nu,,foloseste-gestiunea-global-valorica
GH-02958,Când se folosește gestiunea global-valorică?,stocuri,publicat,,nu,foloseste-gestiunea-global-valorica,
GH-02959,Poate un magazin cu amănuntul să țină gestiune cantitativ-valorică?,stocuri,publicat,,nu,magazin-amanuntul-tina-gestiune-cantitativ,
GH-02960,Cum se ține gestiunea global-valorică?,stocuri,candidat,,nu,,
GH-02961,Cum se calculează descărcarea de gestiune global-valorică?,stocuri,asemanator,,nu,,calculeaza-descarcarea-gestiune
GH-02962,Cum se calculează coeficientul K la mărfuri?,altele,publicat,,nu,calculeaza-coeficientul-k-marfuri,
GH-02963,Cum se calculează coeficientul de repartizare pentru diferențele de preț?,greseli,publicat,,nu,calculeaza-coeficientul-repartizare-diferentele-pret,
GH-02964,Cum se verifică coeficientul K la sfârșitul lunii?,altele,publicat,,nu,verifica-coeficientul-k-sfarsitul-lunii,
GH-02965,Ce faci dacă ai calculat greșit coeficientul K?,greseli,publicat,,nu,calculat-gresit-coeficientul-k,
GH-02966,Cum se contabilizează adaosul comercial?,altele,publicat,,nu,contabilizeaza-adaosul-comercial,
GH-02967,Ce este contul 378 și cum se folosește?,altele,publicat,,nu,contul-378-foloseste,
GH-02968,Cum se verifică soldul contului 378?,altele,publicat,,nu,verifica-soldul-contului-378,
GH-02969,Cum se înregistrează TVA neexigibilă la mărfuri?,tva,publicat,,nu,inregistreaza-tva-neexigibila-marfuri,
GH-02970,Ce este contul 4428 în gestiunea cu amănuntul?,stocuri,publicat,,nu,contul-4428-gestiunea-amanuntul,
GH-02971,Cum se verifică soldul contului 4428 la mărfuri?,altele,publicat,,nu,cum-se-verifica-soldul-contului-4428-la-marfuri,
GH-02972,Cum se calculează prețul cu amănuntul?,altele,publicat,,nu,calculeaza-pretul-amanuntul,
GH-02973,Cum se calculează adaosul comercial?,altele,publicat,,nu,calculeaza-adaosul-comercial,
GH-02974,Cum se calculează marja comercială?,altele,publicat,,nu,calculeaza-marja-comerciala,
GH-02975,Care este diferența dintre adaos comercial și marjă comercială?,greseli,publicat,,nu,diferenta-dintre-adaos-comercial-marja,
GH-02976,Cum se modifică prețul de vânzare al mărfurilor aflate în stoc?,stocuri,candidat,,nu,,
GH-02977,Ce document se întocmește la schimbarea prețului de vânzare?,altele,publicat,,nu,document-intocmeste-schimbarea-pretului-vanzare,
GH-02978,Cum se contabilizează majorarea prețului mărfurilor din stoc?,stocuri,publicat,,nu,contabilizeaza-majorarea-pretului-marfurilor-stoc,
GH-02979,Cum se contabilizează reducerea prețului mărfurilor din stoc?,stocuri,publicat,,nu,contabilizeaza-reducerea-pretului-marfurilor-stoc,
GH-02980,Cum se tratează reducerile comerciale primite după recepția mărfii?,altele,candidat,,nu,,
GH-02981,Cum se corectează valoarea stocului după un discount de la furnizor?,stocuri,publicat,,nu,corecteaza-valoarea-stocului-discount-furnizor,
GH-02982,Cum se tratează un rabat primit pentru marfa aflată deja în stoc?,stocuri,candidat,,nu,,
GH-02983,Cum se tratează o reducere comercială pentru marfa deja vândută?,altele,candidat,,nu,,
GH-02984,Cum se înregistrează bonusurile în marfă primite de la furnizor?,altele,candidat,,nu,,
GH-02985,Cum se recepționează produsele bonus de pe factura furnizorului?,altele,publicat,,nu,receptioneaza-produsele-bonus-factura-furnizorului,
GH-02986,Cum se stabilește costul de achiziție al mărfurilor?,altele,candidat,,nu,,
GH-02987,Transportul intră în costul stocurilor?,stocuri,publicat,,nu,transportul-intra-costul-stocurilor,
GH-02988,Asigurarea transportului intră în costul mărfurilor?,altele,candidat,,nu,,
GH-02989,Taxele vamale intră în costul stocurilor importate?,stocuri,publicat,,nu,taxele-vamale-intra-costul-stocurilor,
GH-02990,Comisionul vamal intră în costul mărfurilor?,altele,publicat,,nu,comisionul-vamal-intra-costul-marfurilor,
GH-02991,TVA nedeductibilă intră în costul stocurilor?,tva,candidat,,nu,,
GH-02992,Diferențele de curs intră în costul stocurilor?,stocuri,publicat,,nu,diferentele-curs-intra-costul-stocurilor,
GH-02993,Cum se repartizează transportul pe mai multe produse din aceeași factură?,altele,publicat,,nu,repartizeaza-transportul-multe-produse-aceeasi,
GH-02994,Cum se repartizează cheltuielile vamale pe produsele importate?,altele,publicat,,nu,repartizeaza-cheltuielile-vamale-produsele-importate (+1 dubluri),
GH-02995,Cum se calculează costul unei mărfi importate?,altele,publicat,,nu,calculeaza-costul-marfi-importate,
GH-02996,Cum se calculează costul mărfii cumpărate din UE?,altele,publicat,,nu,calculeaza-costul-marfii-cumparate-ue,
GH-02997,Ce curs valutar se folosește la recepția mărfii din UE?,casierie,publicat,,nu,curs-valutar-foloseste-receptia-marfii,
GH-02998,Cum se recepționează marfa facturată în valută?,casierie,publicat,,nu,receptioneaza-marfa-facturata-valuta,
GH-02999,Cum se înregistrează diferențele de curs la achiziția mărfurilor?,greseli,publicat,,nu,inregistreaza-diferentele-curs-achizitia-marfurilor,
GH-03000,Cum se evaluează stocurile la intrare?,stocuri,asemanator,,da,,evalueaza-stocurile-intrare-2026
GH-03001,Cum se evaluează stocurile la ieșire?,stocuri,asemanator,,nu,,evalueaza-stocurile-intrare-2026
GH-03002,Ce este metoda FIFO la descărcarea gestiunii?,stocuri,candidat,,nu,,
GH-03003,Cum se calculează descărcarea de gestiune prin FIFO?,stocuri,asemanator,,nu,,calculeaza-descarcarea-gestiune
GH-03004,Ce este metoda CMP la stocuri?,stocuri,publicat,,nu,metoda-cmp-stocuri,
GH-03005,Cum se calculează costul mediu ponderat?,altele,candidat,,nu,,
GH-03006,Când se recalculează CMP-ul?,altele,publicat,,nu,recalculeaza-cmp-ul,
GH-03007,Se calculează CMP după fiecare intrare sau lunar?,altele,publicat,,nu,calculeaza-cmp-fiecare-intrare-lunar,
GH-03008,Care este diferența dintre FIFO și CMP?,greseli,publicat,,nu,diferenta-dintre-fifo-cmp,
GH-03009,Ce metodă este mai potrivită pentru stocuri: FIFO sau CMP?,stocuri,publicat,,nu,metoda-potrivita-stocuri-fifo-cmp,
GH-03010,Poate firma schimba metoda FIFO cu CMP?,altele,publicat,,nu,firma-schimba-metoda-fifo-cmp,
GH-03011,Cum se corectează descărcarea de gestiune calculată cu metoda greșită?,stocuri,candidat,,nu,,
GH-03012,Cum se tratează stocurile cu prețuri diferite de achiziție?,stocuri,candidat,,nu,,
GH-03013,Cum se descarcă gestiunea când același produs este cumpărat la prețuri diferite?,stocuri,candidat,,nu,,
GH-03014,Cum se tratează costurile standard la stocuri?,stocuri,candidat,,nu,,
GH-03015,Cum se contabilizează diferențele de preț la materii prime?,greseli,candidat,,nu,,
GH-03016,Ce este contul 308 și cum se folosește?,altele,publicat,,nu,contul-308-foloseste,
GH-03017,Cum se verifică soldul contului 308?,altele,asemanator,,nu,,verifica-soldul-contului-542
GH-03018,Ce este contul 348 și cum se folosește?,altele,asemanator,,nu,,contul-308-foloseste
GH-03019,Cum se calculează costul produselor,altele,candidat,,nu,,
GH-03020,NIR 2026: cum se întocmește corect nota de intrare-recepție,stocuri,candidat,,nu,,
GH-03021,Ce trebuie să conțină un NIR complet în 2026,stocuri,asemanator,,nu,,informatii-obligatorii-contina-nir
GH-03022,Cine semnează nota de intrare-recepție în firmă,altele,publicat,,nu,semneaza-nota-intrare-receptie-firma,
GH-03023,NIR pentru bunuri achiziționate de la furnizori din import,stocuri,publicat,,nu,nir-bunuri-achizitionate-furnizori-import-2 (+1 dubluri),
GH-03024,Cum se întocmește NIR la achizițiile intracomunitare,ic_ue,publicat,,nu,intocmeste-nir-achizitiile-intracomunitare,
GH-03025,NIR pentru mărfuri primite fără factură: se poate,stocuri,publicat,,nu,nir-marfuri-primite-factura,
GH-03026,Cum înregistrez mărfurile primite cu factură ulterioară,altele,candidat,,nu,,
GH-03027,NIR pentru bunuri primite în consignație 2026,stocuri,publicat,,nu,nir-bunuri-primite-consignatie-2026,
GH-03028,Nota de recepție la bunurile primite în custodie,altele,publicat,,nu,nota-receptie-bunurile-primite-custodie,
GH-03029,Cum se face NIR-ul pentru active de mică valoare,stocuri,candidat,,nu,,
GH-03030,NIR pentru ambalaje și materiale consumabile,stocuri,candidat,,nu,,
GH-03031,Descărcarea de gestiune 2026: cum se face corect lunar,stocuri,publicat,,nu,descarcarea-gestiune-2026-corect-lunar,
GH-03032,Cum se întocmește bonul de consum pentru materiale,altele,asemanator,,nu,,intocmeste-bonul-consum-materialele-constructii
GH-03033,Descărcarea gestiunii pentru mărfurile vândute în 2026,stocuri,publicat,,nu,descarcarea-gestiunii-marfurile-vandute-2026,
GH-03034,Metoda FIFO vs CMP la descărcarea de gestiune,stocuri,publicat,,nu,metoda-fifo-vs-cmp-descarcarea,
GH-03035,Cum se calculează costul mediu ponderat la ieșirea din stoc,stocuri,candidat,,nu,,
GH-03036,Metoda LIFO mai este permisă în 2026,altele,publicat,,nu,metoda-lifo-permisa-2026,
GH-03037,Cum aleg metoda de evaluare a stocurilor la ieșire,stocuri,publicat,,nu,aleg-metoda-evaluare-stocurilor-iesire,
GH-03038,Descărcarea de gestiune cu metoda costului standard,stocuri,publicat,,nu,descarcarea-gestiune-metoda-costului-standard,
GH-03039,Cum se descarcă gestiunea pentru produsele finite vândute,stocuri,publicat,,nu,descarca-gestiunea-produsele-finite-vandute,
GH-03040,Descărcarea gestiunii pentru semifabricate consumate,stocuri,candidat,,nu,,
GH-03041,Valoarea de înregistrare a stocurilor: ce costuri se includ,stocuri,publicat,,nu,valoarea-inregistrare-stocurilor-costuri-includ,
GH-03042,Cum se capitalizează costurile de transport la stocuri,stocuri,publicat,,nu,capitalizeaza-costurile-transport-stocuri,
GH-03043,Includerea cheltuielilor de achiziție în costul mărfurilor,altele,publicat,,nu,includerea-cheltuielilor-achizitie-costul-marfurilor-2 (+1 dubluri),
GH-03044,Cum se evaluează stocurile la intrare în 2026,stocuri,publicat,,da,evalueaza-stocurile-intrare-2026,
GH-03045,Evaluarea stocurilor la inventar: metoda corectă,stocuri,candidat,,nu,,
GH-03046,Cum se determină valoarea realizabilă netă a stocurilor,stocuri,publicat,,nu,determina-valoarea-realizabila-neta-stocurilor,
GH-03047,Ajustări pentru deprecierea stocurilor 2026: cum se calculează,stocuri,asemanator,,nu,,cum-se-calculeaza-ajustarile-pentru-deprecierea-stocurilor-in-2026
GH-03048,Ajustarea pentru stocuri învechite sau greu vandabile,stocuri,candidat,,nu,,
GH-03049,Cum tratez stocurile cu mișcare lentă în contabilitate,stocuri,candidat,,nu,,
GH-03050,Monografia ajustării de depreciere a stocurilor,stocuri,publicat,,nu,monografia-ajustarii-depreciere-stocurilor,
GH-03051,Reluarea ajustării la vânzarea stocului depreciat,stocuri,candidat,,nu,,
GH-03052,Cursorul lipsei de stoc: cum se înregistrează,stocuri,candidat,,nu,,
GH-03053,Lipsurile la inventar: tratament contabil și fiscal 2026,altele,publicat,,nu,lipsurile-inventar-tratament-contabil-fiscal,
GH-03054,Cum se decontează minusurile de inventar la gestionar,altele,publicat,,nu,deconteaza-minusurile-inventar-gestionar,
GH-03055,Lipsurile în limitele normelor de perisabilitate,altele,publicat,,nu,lipsurile-limitele-normelor-perisabilitate,
GH-03056,Norme de perisabilitate 2026: cum se aplică la comerț,altele,publicat,,nu,norme-perisabilitate-2026-aplica-comert,
GH-03057,Cum se calculează perisabilitatea la alimente,altele,publicat,,nu,calculeaza-perisabilitatea-alimente,
GH-03058,Perisabilitatea la produsele petroliere: normă aplicabilă,altele,publicat,,nu,perisabilitatea-produsele-petroliere-norma-aplicabila,
GH-03059,Decontul de perisabilitate: cum se întocmește,altele,publicat,,nu,decontul-perisabilitate-intocmeste,
GH-03060,Lipsuri peste normele de perisabilitate: deductibile sau nu,altele,publicat,,nu,lipsuri-normele-perisabilitate-deductibile,
GH-03061,Cum se recuperează lipsa de la gestionar,altele,publicat,,nu,recupereaza-lipsa-gestionar,
GH-03062,Plusuri la inventar: cum se înregistrează în 2026,altele,publicat,,nu,plusuri-inventar-inregistreaza-2026,
GH-03063,Cum se evaluează plusurile de inventar,altele,publicat,,nu,evalueaza-plusurile-inventar,
GH-03064,Plusul de inventar reprezintă venit impozabil,altele,publicat,,nu,plusul-inventar-reprezinta-venit-impozabil,
GH-03065,Inventarierea stocurilor 2026: pași obligatorii,stocuri,publicat,,nu,inventarierea-stocurilor-2026-pasi-obligatorii,
GH-03066,Cum se organizează inventarierea anuală a stocurilor,stocuri,publicat,,nu,organizeaza-inventarierea-anuala-stocurilor,
GH-03067,Comisia de inventariere: cine face parte,stocuri,asemanator,,nu,,parte-comisia-inventariere-casieriei
GH-03068,Documentele de inventariere obligatorii în 2026,stocuri,candidat,,nu,,
GH-03069,Cum se face inventarierea unor stocuri în depozite externe,stocuri,candidat,,nu,,
GH-03070,Inventarierea stocurilor aflate în custodia altcuiva,stocuri,candidat,,nu,,
GH-03071,Cum tratez stocurile aflate la terți la inventar,stocuri,publicat,,nu,tratez-stocurile-aflate-terti-inventar,
GH-03072,Inventarierea prin sondaj: este permisă,stocuri,publicat,,nu,inventarierea-sondaj-permisa,
GH-03073,Cum se reconciliază soldul scriptic cu cel faptic,altele,candidat,,nu,,
GH-03074,Rezultatele inventarierii: cum se aprobă și se înregistrează,stocuri,candidat,,nu,,
GH-03075,Termenul de finalizare a inventarierii la final de an,stocuri,publicat,,nu,termenul-finalizare-inventarierii-final-an,
GH-03076,Stocuri în gestiune la microîntreprindere: obligații 2026,stocuri,publicat,,nu,stocuri-gestiune-microintreprindere-obligatii-2026,
GH-03077,Cum ține gestiunea o firmă micro cu amănuntul,stocuri,publicat,,nu,gestiunea-firma-micro-amanuntul,
GH-03078,Evidența global-valorică vs cantitativ-valorică 2026,altele,publicat,,nu,evidenta-global-valorica-vs-cantitativ,
GH-03079,Cum aleg între gestiune globală și cantitativ-valorică,stocuri,publicat,,nu,cum-aleg-intre-gestiune-globala-si-cantitativ-valorica,
GH-03080,Gestiunea global-valorică la punctele de desfacere,stocuri,publicat,,nu,gestiunea-global-valorica-punctele-desfacere,
GH-03081,Evidența cantitativ-valorică obligatorie: când,altele,publicat,,nu,evidenta-cantitativ-valorica-obligatorie,
GH-03082,Cum se ține gestiunea la un bar sau restaurant,stocuri,publicat,,nu,gestiunea-bar-restaurant,
GH-03083,Gestiunea stocurilor la o farmacie: particularități,stocuri,publicat,,nu,gestiunea-stocurilor-farmacie-particularitati,
GH-03084,Cum se organizează gestiunea la un magazin alimentar,stocuri,publicat,,nu,organizeaza-gestiunea-magazin-alimentar,
GH-03085,Evidența stocurilor la firmele de producție,stocuri,candidat,,nu,,
GH-03086,Cum se ține gestiunea în construcții: materiale pe șantier,stocuri,publicat,,nu,gestiunea-constructii-materiale-santier,
GH-03087,Descărcarea materialelor pe bază de consum 2026,altele,candidat,,nu,,
GH-03088,Cum se gestionează stocurile la mai multe puncte de lucru,stocuri,publicat,,nu,gestioneaza-stocurile-multe-puncte-lucru,
GH-03089,Transferul de stocuri între gestiuni: documente,stocuri,publicat,,nu,transferul-stocuri-gestiuni-documente,
GH-03090,Cum se întocmește avizul de însoțire a mărfii,altele,publicat,,nu,intocmeste-avizul-insotire-marfii,
GH-03091,Avizul și factura: cum se leagă la livrarea de mărfuri,altele,candidat,,nu,,
GH-03092,Cum se înregistrează livrarea fără factură la stocuri,stocuri,candidat,,nu,,
GH-03093,Descărcarea gestiunii pentru livrări în avans: se face,stocuri,candidat,,nu,,
GH-03094,Cum tratez avansurile de la clienți la stocuri,stocuri,publicat,,nu,tratez-avansurile-clienti-stocuri,
GH-03095,Mărfuri în curs de transport: cum se înregistrează,altele,candidat,,nu,,
GH-03096,Stocuri la furnizor la final de lună: cum procedez,stocuri,publicat,,nu,stocuri-furnizor-final-luna-procedez,
GH-03097,Retur de marfă la furnizor: cum se descarcă gestiunea,stocuri,publicat,,nu,retur-marfa-furnizor-descarca-gestiunea,
GH-03098,Cum se înregistrează returnarea de la client la stocuri,stocuri,asemanator,,nu,,inregistreaza-diferentele-curs-stocuri
GH-03099,Marfa reclamată și nedescărcată: tratament corect,altele,candidat,,nu,,
GH-03100,Cum se tratează marfa expediată și refuzată de client,altele,candidat,,nu,,
GH-03101,Modificarea prețului de vânzare la stocuri: adaos,stocuri,candidat,,nu,,
GH-03102,Calculul adaosului comercial la ieșirea din gestiune,stocuri,publicat,,nu,calculul-adaosului-comercial-iesirea-gestiune,
GH-03103,Cum se determină adaosul comerciala la amănunt,altele,asemanator,,nu,,determina-adaosul-comercial-amanunt
GH-03104,Tratamentul fiscal al adaosului comercial la micro,micro,publicat,,nu,tratamentul-fiscal-adaosului-comercial-micro,
GH-03105,TVA la stocurile destinate domeniului promoțiilor,tva,publicat,,nu,tva-stocurile-destinate-domeniului-promotiilor,
GH-03106,Cum se înregistrează TVA la mărfurile lipsă,tva,candidat,,nu,,
GH-03107,TVA la pierderile tehnologice de materiale,tva,candidat,,nu,,
GH-03108,TVA la stocurile distruse sau degradate: ajustare,tva,publicat,,nu,tva-stocurile-distruse-degradate-ajustare,
GH-03109,Ajustarea TVA pentru mărfurile acordate gratuit,tva,publicat,,nu,ajustarea-tva-marfurile-acordate-gratuit,
GH-03110,TVA la bunurile de inventar folosite în autoconsum,tva,candidat,,nu,,
GH-03111,Cum se descarcă gestiunea pentru consumul propriu,stocuri,asemanator,,nu,,descarca-gestiunea-consumul-intern
GH-03112,Autoconsumul unei firme pe profit: tratament fiscal,altele,publicat,,nu,autoconsumul-firme-profit-tratament-fiscal,
GH-03113,Stocuri acordate drept sponsorizare: cum se descarcă,profit,publicat,,nu,stocuri-acordate-drept-sponsorizare-descarca,
GH-03114,Mărfuri folosite pentru protocol: descărcare și TVA,profit,publicat,,nu,marfuri-folosite-protocol-descarcare-tva,
GH-03115,Cum se tratează mostrele și testele cadou la stocuri,stocuri,candidat,,nu,,
GH-03116,Donația de produse din stoc: tratament contabil,stocuri,publicat,,nu,donatia-produse-stoc-tratament-contabil,
GH-03117,Cum se încadrează pierderile tehnologice la stocuri,stocuri,publicat,,nu,incadreaza-pierderile-tehnologice-stocuri,
GH-03118,Norme tehnologice de consum: cum se aprobă,altele,asemanator,,nu,,norme-consum-bucatarie-aproba
GH-03119,Descărcarea materialelor în producție după consum efectiv,altele,publicat,,nu,descarcarea-materialelor-productie-consum-efectiv,
GH-03120,Cum se tratează rebuturile în producție la stocuri,stocuri,asemanator,,nu,,trateaza-rebuturile-productie-stocuri
GH-03121,Valorificarea deșeurilor rezultate: cum se înregistrează,altele,publicat,,nu,valorificarea-deseurilor-rezultate-inregistreaza,
GH-03122,Cum se reutilizează materialele recuperate,altele,candidat,,nu,,
GH-03123,Producția în curs: evaluare și reprezentare 2026,altele,publicat,,nu,productia-curs-evaluare-reprezentare-2026,
GH-03124,Cum se evaluează produsele finite la cost de producție,altele,publicat,,nu,evalueaza-produsele-finite-cost-productie,
GH-03125,Descărcarea produselor vândute din gestiune,stocuri,candidat,,nu,,
GH-03126,Cum se calculează costul de producție unitar,altele,publicat,,nu,calculeaza-costul-productie-unitar,
GH-03127,Repartizarea cheltuielilor indirecte la produs,altele,candidat,,nu,,
GH-03128,Cum se organizează contabilitatea de gestiune în 2026,stocuri,publicat,,nu,organizeaza-contabilitatea-gestiune-2026,
GH-03129,Contul 711 și variația stocurilor: cum funcționează,stocuri,candidat,,nu,,
GH-03130,Monografia variației stocurilor în producție,stocuri,publicat,,nu,monografia-variatiei-stocurilor-productie,
GH-03131,Cum se închide contul de variație a stocurilor,stocuri,asemanator,,nu,,inchide-contul-variatie-stocurilor-711
GH-03132,Diferențe de curs la stocurile în valută,stocuri,publicat,,nu,diferente-curs-stocurile-valuta,
GH-03133,Evaluarea stocurilor în valută: cursul aplicabil,stocuri,publicat,,nu,evaluarea-stocurilor-valuta-cursul-aplicabil,
GH-03134,Cum se înregistrează diferențele de curs la stocuri,stocuri,publicat,,nu,inregistreaza-diferentele-curs-stocuri,
GH-03135,Stocuri achiziționate pe credit: momentul înregistrării,stocuri,publicat,,nu,stocuri-achizitionate-credit-momentul-inregistrarii,
GH-03136,Cum se tratează reducerile comerciale la stocuri,stocuri,publicat,,nu,trateaza-reducerile-comerciale-stocuri,
GH-03137,Reducerile financiare la achiziția de stocuri: tratament,stocuri,asemanator,,nu,,reducerile-financiare-achizitia-stocuri-tratament
GH-03138,Discountul de la furnizor și valoarea stocului,stocuri,candidat,,nu,,
GH-03139,Deducerea TVA la stocurile primite în avans,tva,candidat,,nu,,
GH-03140,Cum se oprește TVA la stocurile neconforme,tva,publicat,,nu,opreste-tva-stocurile-neconforme,
GH-03141,Descărcarea stocului pentru cumpărături cu amănuntul,stocuri,publicat,,nu,descarcarea-stocului-cumparaturi-amanuntul,
GH-03142,Cum se înregistrează vânzările cash la firma micro,casierie,publicat,,nu,inregistreaza-vanzarile-cash-firma-micro,
GH-03143,Stocuri vândute cu amănuntul: descărcare zilnică,stocuri,publicat,,nu,stocuri-vandute-amanuntul-descarcare-zilnica,
GH-03144,Descărcarea globală lunară la amănunt: cum se face,altele,publicat,,nu,descarcarea-globala-lunara-amanunt,
GH-03145,Cum se stabilește marja practicată la amănunt,altele,publicat,,nu,cum-se-stabileste-marja-practicata-la-amanunt,
GH-03146,Inventarul la finele lunii la amănunt: metoda corectă,altele,publicat,,nu,inventarul-finele-lunii-amanunt-metoda,
GH-03147,Cum se reconciliază casa cu vânzările la amănunt,altele,candidat,,nu,,
GH-03148,Diferențele de la casa de marcat vs gestiune,stocuri,publicat,,nu,diferentele-casa-marcat-vs-gestiune,
GH-03149,Cum împac gestiunea cu raportul fiscal zilnic,stocuri,publicat,,nu,impac-gestiunea-raportul-fiscal-zilnic,
GH-03150,Furturile de stoc: cum se tratează contabil,stocuri,publicat,,nu,furturile-stoc-trateaza-contabil,
GH-03151,Investigația internă la stocuri lipsă,stocuri,candidat,,nu,,
GH-03152,Cum se recuperează prejudiciul de la gestionar,altele,publicat,,nu,recupereaza-prejudiciul-gestionar,
GH-03153,Stocuri ca gaj pentru un credit: tratament contabil,stocuri,publicat,,nu,stocuri-gaj-credit-tratament-contabil,
GH-03154,Stocuri împărtășite la un parteneriat: cum se gestionează,stocuri,candidat,,nu,,
GH-03155,Registrul de magazie 2026: cum se completează,altele,asemanator,,nu,,completeaza-fisa-magazie
GH-03156,Înregistrările din registrul de magazie: cine le face,altele,publicat,,nu,inregistrarile-registrul-magazie,
GH-03157,Cum se completează fișa de magazie,altele,publicat,,nu,completeaza-fisa-magazie,
GH-03158,Fișe de magazie pe cod de material: obligatoriu,altele,publicat,,nu,fise-magazie-cod-material-obligatoriu,
GH-03159,Cum se transmite adjunctul de principiu la schimbarea gestiunii,stocuri,publicat,,nu,transmite-adjunctul-principiu-schimbarea-gestiunii,
GH-03160,Cum se corectează o descărcare de gestiune greșită,stocuri,candidat,,nu,,
GH-03161,Erori frecvente la descărcarea gestiunii și cum le evit,stocuri,candidat,,nu,,
GH-03162,Cum corectez stocul negativ apărut din erori,stocuri,publicat,,nu,corectez-stocul-negativ-aparut-erori,
GH-03163,Stoc negativ la inventar: cauze și corecție,stocuri,candidat,,nu,,
GH-03164,Cum se retrată descărcările din anii anteriori,altele,candidat,,nu,,
GH-03165,Controlul ANAF pe stocuri și gestiune: ce urmărește,stocuri,publicat,,nu,controlul-anaf-stocuri-gestiune-urmareste,
GH-03166,Documentele pe care le cere comisă ANAF la stocuri,stocuri,candidat,,nu,,
GH-03167,Cum demonstrez consumul real de materiale,altele,candidat,,nu,,
GH-03168,Notificare ANAF despre minusuri de inventar: cum răspund,control_fiscal,candidat,,nu,,
GH-03169,Contestația la decizia de impunere pe lipsuri de stoc,stocuri,publicat,,nu,contestatia-decizia-impunere-lipsuri-stoc,
GH-03170,Puncte de vedere ANAF despre perisabilitate 2026,altele,asemanator,,nu,,puncte-vedere-anaf-salarizare-2026
GH-03171,Noutăți legislative 2026 la evaluarea stocurilor,stocuri,publicat,,nu,noutati-legislative-2026-evaluarea-stocurilor,
GH-03172,Ce s-a schimbat în reglementarea stocurilor în 2026,stocuri,candidat,,nu,,
GH-03173,Cum se digitalizează evidența stocurilor: recomandări,stocuri,candidat,,nu,,
GH-03174,Program de gestiune vs Excel: ce alege o firmă mică,stocuri,publicat,,nu,program-gestiune-vs-excel-alege,
GH-03175,Cum import datele de stoc dintr-un program în balanță,stocuri,publicat,,nu,import-datele-stoc-dintr-program,
GH-03176,Raportul de stoc la final de lună: ce conține,stocuri,publicat,,nu,raportul-stoc-final-luna-contine,
GH-03177,Cum pregătesc balanța de verificare pentru stocuri,stocuri,candidat,,nu,,
GH-03178,Situații financiare 2026: raportarea stocurilor,stocuri,publicat,,nu,situatii-financiare-2026-raportarea-stocurilor,
GH-03179,Inventarul valoric și cel cantitativ: cum le împac,altele,publicat,,nu,inventarul-valoric-cantitativ-impac,
GH-03180,Evaluarea stocului pentru bilanț la 31 decembrie,stocuri,publicat,,nu,evaluarea-stocului-bilant-31-decembrie,
GH-03181,Ajustarea fiscală a stocurilor la impozitul pe profit,profit,candidat,,nu,,
GH-03182,Stocuri la doi ani vechime: deductibilitatea cheltuielii,stocuri,publicat,,nu,stocuri-doi-ani-vechime-deductibilitatea,
GH-03183,Cum se casează stocurile expirate sau degradate,stocuri,publicat,,nu,caseaza-stocurile-expirate-degradate,
GH-03184,Distrugerea stocurilor neconforme: documente și TVA,tva,publicat,,nu,distrugerea-stocurilor-neconforme-documente-tva,
GH-03185,Cum colaborez cu gestionarul pentru un inventar corect,altele,candidat,,nu,,
GH-03186,Responsabilitatea gestionarului pentru stocuri 2026,stocuri,candidat,,nu,,
GH-03187,Contractul de gestiune și răspunderea patrimonială,stocuri,asemanator,,nu,,contractul-gestiune-raspunderea-patrimoniala-salariatului
GH-03188,Cum se ține gestiunea în regim de antrepozit,stocuri,asemanator,,nu,,gestiunea-regim-antrepozit-fiscal
GH-03189,Stocuri în regim suspensiv de taxare: evidență,stocuri,publicat,,nu,stocuri-regim-suspensiv-taxare-evidenta,
GH-03190,Care este plafonul de încasări în numerar între firme în 2026?,casierie,candidat,,nu,,
GH-03191,Care este plafonul de plăți în numerar între firme în 2026?,casierie,candidat,,nu,,
GH-03192,Cât poate încasa un SRL în numerar de la alt SRL într-o zi?,casierie,candidat,,nu,,
GH-03193,Cât poate plăti un SRL în numerar către un furnizor într-o zi?,casierie,publicat,,nu,plati-srl-numerar-furnizor-zi,
GH-03194,Care este plafonul total zilnic pentru plățile în numerar ale unei firme?,casierie,candidat,,nu,,
GH-03195,Care este plafonul de numerar între firmă și persoană fizică în 2026?,casierie,candidat,,nu,,
GH-03196,Cât poate încasa o firmă în numerar de la o persoană fizică?,casierie,candidat,,nu,,
GH-03197,Cât poate plăti o firmă în numerar unei persoane fizice?,casierie,publicat,,nu,plati-firma-numerar-persoane-fizice,
GH-03198,Care este plafonul pentru plățile cash and carry în 2026?,casierie,publicat,,nu,plafonul-platile-cash-and-carry,
GH-03199,Care este plafonul pentru încasările cash and carry în 2026?,casierie,publicat,,nu,plafonul-incasarile-cash-and-carry,
GH-03200,Se poate plăti în numerar o factură mai mare decât plafonul legal?,casierie,candidat,,nu,,
GH-03201,Cum se plătește o factură de peste 5.000 lei parțial cash și parțial prin bancă?,casierie,publicat,,nu,plateste-factura-5000-lei-partial,
GH-03202,Se poate încasa în numerar o factură mai mare de 5.000 lei?,casierie,publicat,,nu,incasa-numerar-factura-mare-5000,
GH-03203,Este permisă fragmentarea unei facturi pentru a respecta plafonul de numerar?,casierie,candidat,,nu,,
GH-03204,Este permisă plata aceleiași facturi în numerar în mai multe zile?,casierie,candidat,,nu,,
GH-03205,Se poate încasa aceeași factură cash în mai multe tranșe?,casierie,candidat,,nu,,
GH-03206,Cum se aplică plafonul de numerar când există mai multe facturi către același furnizor?,casierie,candidat,,nu,,
GH-03207,Cum se aplică plafonul de numerar când există mai mulți furnizori în aceeași zi?,casierie,candidat,,nu,,
GH-03208,Plafonul de numerar se aplică pe factură sau pe furnizor?,casierie,candidat,,nu,,
GH-03209,Plafonul de încasări cash se aplică pe client sau pe factură?,casierie,candidat,,nu,,
GH-03210,Cum se calculează plafonul zilnic pentru plățile în numerar?,casierie,publicat,,nu,calculeaza-plafonul-zilnic-platile-numerar,
GH-03211,Cum se aplică plafoanele de numerar dacă firma are mai multe casierii?,casierie,candidat,,nu,,
GH-03212,Poate un SRL să aibă două casierii?,casierie,candidat,,nu,,
GH-03213,Cum se ține registrul de casă pentru mai multe puncte de lucru?,casierie,candidat,,nu,,
GH-03214,Plafoanele de numerar se aplică separat pentru fiecare casierie?,casierie,candidat,,nu,,
GH-03215,Cum se aplică plafonul cash pentru un punct de lucru cu casierie proprie?,casierie,publicat,,nu,aplica-plafonul-cash-punct-lucru,
GH-03216,Cum se aplică plafoanele de numerar unei sucursale?,casierie,candidat,,nu,,
GH-03217,Care este amenda pentru depășirea plafonului de numerar în 2026?,casierie,candidat,,nu,,
GH-03218,Cum se calculează amenda pentru o plată cash peste plafon?,casierie,candidat,,nu,,
GH-03219,Ce se întâmplă dacă firma încasează numerar peste plafonul legal?,casierie,candidat,,nu,,
GH-03220,Ce se întâmplă dacă firma fragmentează o plată în numerar?,casierie,candidat,,nu,,
GH-03221,Cum corectezi o plată în numerar făcută peste plafon?,casierie,candidat,,nu,,
GH-03222,Cum corectezi o încasare cash făcută peste plafon?,casierie,candidat,,nu,,
GH-03223,Ce documente trebuie prezentate la control pentru operațiunile de casierie?,casierie,candidat,,nu,,
GH-03224,Ce verifică ANAF la controlul registrului de casă?,altele,candidat,,nu,,
GH-03225,Poate ANAF sancționa un sold de casă nejustificat?,altele,publicat,,nu,anaf-sanctiona-sold-casa-nejustificat,
GH-03226,Cum justifici soldul mare din casieria firmei?,casierie,publicat,,nu,justifici-soldul-mare-casieria-firmei,
GH-03227,Există plafon maxim pentru soldul din casierie în 2026?,casierie,candidat,,nu,,
GH-03228,Câți bani poate păstra un SRL în casierie?,casierie,publicat,,nu,cati-bani-pastra-srl-casierie,
GH-03229,Trebuie depus la bancă numerarul care depășește un anumit sold?,casierie,candidat,,nu,,
GH-03230,Cum se stabilește soldul scriptic al casei?,altele,candidat,,nu,,
GH-03231,Ce faci dacă soldul scriptic al casei nu corespunde cu numerarul existent?,casierie,candidat,,nu,,
GH-03232,Cum corectezi un sold de casă negativ?,greseli,candidat,,nu,,
GH-03233,Poate registrul de casă să aibă sold negativ?,casierie,candidat,,nu,,
GH-03234,Ce înseamnă sold creditor la contul 5311?,altele,candidat,,nu,,
GH-03235,Cum corectezi contul 5311 cu sold creditor?,greseli,candidat,,nu,,
GH-03236,Cum verifici contul 5311 cu registrul de casă?,casierie,publicat,,nu,verifici-contul-5311-registrul-casa,
GH-03237,Cum reconciliezi casieria cu balanța contabilă?,casierie,asemanator,,nu,,reconciliezi-impozitul-micro-balanta-contabila
GH-03238,Cum se întocmește registrul de casă în 2026?,casierie,publicat,,nu,intocmeste-registrul-casa-2026,
GH-03239,Este obligatoriu registrul de casă pentru un SRL?,casierie,candidat,,da,,
GH-03240,Este obligatoriu registrul de casă pentru un PFA?,pfa,asemanator,,da,,obligatoriu-registrul-evidenta-fiscala-pfa
GH-03241,Este obligatoriu registrul de casă dacă firma nu lucrează cu numerar?,casierie,publicat,,nu,obligatoriu-registrul-casa-firma-lucreaza,
GH-03242,Registrul de casă trebuie întocmit zilnic?,casierie,candidat,,nu,,
GH-03243,Poate fi ținut registrul de casă electronic?,casierie,candidat,,nu,,
GH-03244,Trebuie tipărit registrul de casă dacă este ținut electronic?,casierie,candidat,,nu,,
GH-03245,Cine semnează registrul de casă?,casierie,candidat,,nu,,
GH-03246,Ce documente se atașează la registrul de casă?,casierie,candidat,,nu,,
GH-03247,Cum se corectează o greșeală în registrul de casă?,casierie,asemanator,,nu,,intocmeste-registrul-casa-2026
GH-03248,Cum se înregistrează o încasare omisă din registrul de casă?,casierie,publicat,,nu,inregistreaza-incasare-omisa-registrul-casa,
GH-03249,Cum se înregistrează o plată omisă din registrul de casă?,casierie,asemanator,,nu,,inregistreaza-incasare-omisa-registrul-casa
GH-03250,Ce dată se folosește în registrul de casă?,casierie,publicat,,nu,data-foloseste-registrul-casa,
GH-03251,Cum se înregistrează încasările prin casa de marcat în registrul de casă?,casierie,publicat,,nu,inregistreaza-incasarile-casa-marcat-registrul,
GH-03252,Cum se înregistrează raportul Z în registrul de casă?,casierie,publicat,,nu,inregistreaza-raportul-z-registrul-casa,
GH-03253,Cum se înregistrează numerarul încasat prin casa de marcat?,casierie,publicat,,nu,inregistreaza-numerarul-incasat-casa-marcat,
GH-03254,Ce faci dacă raportul Z nu corespunde cu numerarul din casierie?,casierie,publicat,,nu,raportul-z-corespunde-numerarul-casierie,
GH-03255,Cum se contabilizează diferențele de casă constatate la inventar?,greseli,candidat,,nu,,
GH-03256,Cum se înregistrează plusul de casă?,altele,candidat,,nu,,
GH-03257,Cum se înregistrează minusul de casă?,altele,candidat,,nu,,
GH-03258,Cine suportă lipsa de numerar constatată în casierie?,casierie,publicat,,nu,suporta-lipsa-numerar-constatata-casierie,
GH-03259,Cum se inventariază numerarul din casierie la sfârșitul anului?,stocuri,publicat,,nu,inventariaza-numerarul-casierie-sfarsitul-anului,
GH-03260,Este obligatoriu procesul-verbal de inventariere a casei?,stocuri,publicat,,nu,obligatoriu-procesul-verbal-inventariere-casei,
GH-03261,Cum se face monetarul la inventarierea casieriei?,stocuri,publicat,,nu,monetarul-inventarierea-casieriei,
GH-03262,Care este monografia contabilă pentru încasarea unei facturi în numerar?,casierie,asemanator,,nu,,monografia-contabila-plata-facturi-numerar
GH-03263,Care este monografia contabilă pentru plata unei facturi în numerar?,casierie,publicat,,nu,monografia-contabila-plata-facturi-numerar,
GH-03264,Cum se înregistrează o încasare cash de la client?,casierie,publicat,,nu,inregistreaza-incasare-cash-client,
GH-03265,Cum se înregistrează o plată cash către furnizor?,casierie,asemanator,,nu,,inregistreaza-plata-bancara-furnizor
GH-03266,Cum se înregistrează o încasare fără factură?,altele,publicat,,nu,inregistreaza-incasare-factura,
GH-03267,Cum se înregistrează un avans încasat în numerar?,casierie,publicat,,nu,inregistreaza-avans-incasat-numerar,
GH-03268,Cum se înregistrează un avans plătit în numerar furnizorului?,casierie,publicat,,nu,cum-se-inregistreaza-un-avans-platit-in-numerar-furnizorului,
GH-03269,Cum se înregistrează restituirea unui avans în numerar?,casierie,publicat,,nu,inregistreaza-restituirea-avans-numerar,
GH-03270,Cum se înregistrează o restituire de bani către client?,altele,candidat,,nu,,
GH-03271,Cum se restituie cash contravaloarea unei facturi stornate?,casierie,publicat,,nu,restituie-cash-contravaloarea-facturi-stornate,
GH-03272,Ce plafon se aplică la restituirea în numerar a unei facturi stornate?,casierie,candidat,,nu,,
GH-03273,Cum se restituie banii unei persoane fizice pentru marfa returnată?,altele,publicat,,nu,restituie-banii-persoane-fizice-marfa,
GH-03274,Se poate restitui integral cash o sumă mai mare decât plafonul?,casierie,publicat,,nu,restitui-integral-cash-suma-mare,
GH-03275,Cum se înregistrează contabil banii depuși de administrator în casierie?,casierie,publicat,,nu,bani-depusi-de-administrator-in-casierie,
GH-03276,Poate administratorul să aducă bani în casieria firmei?,casierie,publicat,,nu,administratorul-aduca-bani-casieria-firmei,
GH-03277,Cum se justifică banii aduși de asociat în firmă?,infiintare,publicat,,nu,justifica-banii-adusi-asociat-firma,
GH-03278,Se poate credita firma în numerar de către asociat în 2026?,casierie,publicat,,nu,credita-firma-numerar-asociat-2026,
GH-03279,Împrumutul acordat firmei de asociat poate fi depus cash?,casierie,publicat,,nu,imprumutul-acordat-firmei-asociat-depus,
GH-03280,Restituirea împrumutului către asociat se poate face în numerar?,casierie,publicat,,nu,restituirea-imprumutului-asociat-numerar,
GH-03281,Cum se înregistrează un împrumut acordat firmei de asociat?,infiintare,asemanator,,nu,,inregistreaza-dobanda-imprumut-acordat-firmei
GH-03282,Cum se înregistrează restituirea unui împrumut către asociat?,infiintare,publicat,,nu,inregistreaza-restituirea-imprumut-asociat,
GH-03283,Ce documente sunt necesare pentru creditarea firmei de către asociat?,infiintare,candidat,,nu,,
GH-03284,Este obligatoriu contractul de împrumut între asociat și firmă?,infiintare,candidat,,nu,,
GH-03285,Cum se înregistrează dobânda la un împrumut acordat firmei de asociat?,infiintare,publicat,,nu,inregistreaza-dobanda-imprumut-acordat-firmei,
GH-03286,Poate firma să acorde un împrumut administratorului?,infiintare,publicat,,nu,firma-acorde-imprumut-administratorului,
GH-03287,Poate firma să acorde un avans asociatului?,infiintare,publicat,,nu,firma-acorde-avans-asociatului,
GH-03288,Cum se înregistrează sumele ridicate de asociat din casierie?,casierie,publicat,,nu,inregistreaza-sumele-ridicate-asociat-casierie,
GH-03289,Ce risc fiscal există dacă asociatul retrage bani din firmă fără documente?,infiintare,publicat,,nu,risc-fiscal-exista-asociatul-retrage,
GH-03290,Cum justifici retragerile de numerar făcute de administrator?,casierie,publicat,,nu,justifici-retragerile-numerar-facute-administrator,
GH-03291,Cum se înregistrează avansurile spre decontare?,altele,publicat,,nu,inregistreaza-avansurile-spre-decontare,
GH-03292,Care este plafonul pentru avansurile spre decontare în 2026?,altele,candidat,,nu,,
GH-03293,Cum se acordă un avans spre decontare unui angajat?,altele,candidat,,nu,,
GH-03294,Ce document se întocmește pentru avansul spre decontare?,altele,candidat,,nu,,
GH-03295,În cât timp trebuie justificat un avans spre decontare?,altele,candidat,,nu,,
GH-03296,Cum se restituie avansul spre decontare neutilizat?,altele,candidat,,nu,,
GH-03297,Cum se înregistrează diferența dintre avans și cheltuielile efectuate?,greseli,asemanator,,nu,,inregistreaza-diferenta-dintre-avansul-spre
GH-03298,Ce faci dacă angajatul cheltuiește mai mult decât avansul primit?,altele,candidat,,nu,,
GH-03299,Cum se înregistrează decontul de cheltuieli?,altele,candidat,,nu,,
GH-03300,Poate administratorul primi avans spre decontare?,infiintare,candidat,,nu,,
GH-03301,Poate asociatul primi avans spre decontare dacă nu este salariat?,salarizare,candidat,,nu,,
GH-03302,Cum se verifică soldul contului 542?,altele,publicat,,nu,verifica-soldul-contului-542,
GH-03303,Ce faci cu avansurile spre decontare vechi și nejustificate?,altele,candidat,,nu,,
GH-03304,Poate contul 542 să aibă sold la sfârșitul anului?,altele,candidat,,nu,,
GH-03305,Cum se închid avansurile spre decontare nejustificate?,altele,publicat,,nu,inchid-avansurile-spre-decontare-nejustificate,
GH-03306,Cum se înregistrează numerarul retras de la bancă pentru casierie?,casierie,publicat,,nu,inregistreaza-numerarul-retras-banca-casierie,
GH-03307,Cum se înregistrează depunerea numerarului din casierie în contul bancar?,casierie,candidat,,nu,,
GH-03308,Ce cont se folosește pentru transferul banilor între casă și bancă?,altele,publicat,,nu,cont-foloseste-transferul-banilor-casa,
GH-03309,Cum se folosește contul 581 „Viramente interne”?,altele,asemanator,,nu,,foloseste-contul-581-viramente-interne
GH-03310,De ce rămâne sold în contul 581?,altele,asemanator,,nu,,ramane-sold-contul-581-sfarsitul
GH-03311,Cum se închide soldul contului 581?,altele,publicat,,nu,inchide-soldul-contului-581,
GH-03312,Cum verifici transferurile dintre casă și bancă?,altele,candidat,,nu,,
GH-03313,Cum se înregistrează o retragere de numerar de la ATM cu cardul firmei?,casierie,candidat,,nu,,
GH-03314,Cum se înregistrează o depunere de numerar la ATM?,casierie,candidat,,nu,,
GH-03315,Ce document justifică retragerea cash din contul firmei?,casierie,candidat,,nu,,
GH-03316,Cum se justifică numerarul retras de administrator cu cardul firmei?,casierie,publicat,,nu,numerar-retras-de-administrator-cu-cardul-firmei,
GH-03317,Cum se înregistrează comisionul pentru retragerea de numerar?,casierie,publicat,,nu,inregistreaza-comisionul-retragerea-numerar,
GH-03318,Cum se înregistrează comisioanele bancare?,altele,publicat,,da,inregistreaza-comisioanele-bancare,
GH-03319,Care este monografia contabilă pentru comisioanele bancare?,altele,publicat,,nu,monografia-contabila-comisioanele-bancare,
GH-03320,Cum se înregistrează taxa lunară de administrare a contului bancar?,casierie,publicat,,nu,inregistreaza-taxa-lunara-administrare-contului,
GH-03321,Cum se înregistrează dobânda încasată de firmă de la bancă?,altele,candidat,,nu,,
GH-03322,Cum se înregistrează dobânda plătită pentru un credit bancar?,altele,candidat,,nu,,
GH-03323,Cum se înregistrează un extras de cont bancar?,casierie,publicat,,nu,contabilizare-extras-cont-bancar,
GH-03324,Este obligatorie înregistrarea zilnică a extraselor bancare?,casierie,candidat,,nu,,
GH-03325,Ce dată se folosește la înregistrarea extrasului bancar?,casierie,publicat,,nu,data-foloseste-inregistrarea-extrasului-bancar,
GH-03326,Cum se înregistrează o plată bancară către furnizor?,altele,publicat,,nu,inregistreaza-plata-bancara-furnizor,
GH-03327,Cum se înregistrează o încasare bancară de la client?,altele,publicat,,nu,inregistreaza-incasare-bancara-client,
GH-03328,Cum se înregistrează o plată bancară fără factură?,altele,publicat,,nu,inregistreaza-plata-bancara-factura,
GH-03329,Cum se înregistrează o încasare bancară fără factură?,altele,publicat,,nu,inregistreaza-incasare-bancara-factura,
GH-03330,Cum identifici o încasare bancară fără explicații?,altele,asemanator,,nu,,inregistrez-incasare-bancara-explicatii
GH-03331,Ce faci cu o încasare în cont de la un client necunoscut?,altele,publicat,,nu,incasare-cont-client-necunoscut,
GH-03332,Cum se contabilizează o plată trimisă din greșeală?,greseli,publicat,,nu,contabilizeaza-plata-trimisa-greseala,
GH-03333,Cum se înregistrează restituirea unei plăți bancare eronate?,altele,publicat,,nu,inregistreaza-restituirea-plati-bancare-eronate,
GH-03334,Cum se contabilizează o încasare primită din greșeală?,greseli,asemanator,,nu,,contabilizeaza-plata-trimisa-greseala
GH-03335,Cum se înregistrează banii restituiți de bancă după o plată respinsă?,altele,candidat,,nu,,
GH-03336,Cum se înregistrează un ordin de plată anulat?,altele,candidat,,nu,,
GH-03337,Cum se înregistrează o plată aflată în curs la sfârșitul lunii?,altele,candidat,,nu,,
GH-03338,Cum reconciliezi extrasul bancar cu balanța?,casierie,publicat,,nu,cum-reconciliezi-extrasul-bancar-cu-balanta,
GH-03339,Cum verifici contul 5121 cu extrasul de cont?,altele,publicat,,nu,cum-verifici-contul-5121-cu-extrasul-de-cont,
GH-03340,De ce nu corespunde soldul contului 5121 cu soldul băncii?,altele,publicat,,nu,de-ce-nu-corespunde-soldul-contului-5121-cu-soldul-bancii,
GH-03341,Cum corectezi diferențele dintre contabilitate și extrasul bancar?,casierie,publicat,,nu,corectezi-diferentele-dintre-contabilitate-extrasul,
GH-03342,Ce faci dacă ai înregistrat aceeași tranzacție bancară de două ori?,altele,candidat,,nu,,
GH-03343,Cum corectezi o încasare bancară înregistrată pe clientul greșit?,greseli,publicat,,nu,corectezi-incasare-bancara-inregistrata-clientul,
GH-03344,Cum corectezi o plată bancară înregistrată pe furnizorul greșit?,greseli,asemanator,,nu,,corectezi-incasare-bancara-inregistrata-clientul
GH-03345,Cum se înregistrează compensarea automată a unei încasări cu factura clientului?,altele,publicat,,nu,inregistreaza-compensarea-automata-incasari-factura,
GH-03346,Cum aloci o plată bancară la mai multe facturi?,altele,publicat,,nu,aloci-plata-bancara-multe-facturi,
GH-03347,Cum aloci o încasare bancară la mai multe facturi?,altele,publicat,,nu,cum-aloci-o-incasare-bancara-la-mai-multe-facturi,
GH-03348,Cum tratezi o plată parțială a unei facturi prin bancă?,altele,publicat,,nu,cum-tratezi-o-plata-partiala-a-unei-facturi-prin-banca,
GH-03349,Cum tratezi o încasare parțială de la client?,altele,publicat,,nu,tratezi-incasare-partiala-client,
GH-03350,Cum se înregistrează plata unei facturi în avans?,altele,publicat,,nu,inregistreaza-plata-facturi-avans,
GH-03351,Cum se înregistrează o încasare în avans prin bancă?,altele,publicat,,nu,cum-se-inregistreaza-o-incasare-in-avans-prin-banca,
GH-03352,Cum se înregistrează o garanție încasată în contul bancar?,casierie,publicat,,nu,inregistreaza-garantie-incasata-contul-bancar,
GH-03353,Cum se înregistrează o garanție plătită prin bancă?,altele,publicat,,nu,inregistreaza-garantie-platita-banca,
GH-03354,Cum se înregistrează o poprire bancară?,altele,publicat,,nu,inregistreaza-poprire-bancara,
GH-03355,Cum se contabilizează sumele blocate de bancă?,altele,publicat,,nu,contabilizeaza-sumele-blocate-banca,
GH-03356,Cum se înregistrează plata unei popriri către ANAF?,altele,candidat,,nu,,
GH-03357,Cum se contabilizează o executare silită din contul bancar?,casierie,candidat,,nu,,
GH-03358,Cum se înregistrează compensarea obligațiilor fiscale de către ANAF?,altele,candidat,,nu,,
GH-03359,Cum se înregistrează o rambursare primită de la ANAF în contul bancar?,casierie,publicat,,nu,inregistreaza-rambursare-primita-anaf-contul,
GH-03360,Cum se înregistrează plata TVA către ANAF?,tva,candidat,,nu,,
GH-03361,Cum se înregistrează plata impozitului micro prin bancă?,micro,asemanator,,nu,,inregistreaza-plata-impozitului-profit-banca
GH-03362,Cum se înregistrează plata impozitului pe profit prin bancă?,profit,publicat,,nu,inregistreaza-plata-impozitului-profit-banca,
GH-03363,Cum se înregistrează plata contribuțiilor salariale prin bancă?,salarizare,publicat,,nu,inregistreaza-plata-contributiilor-salariale-banca,
GH-03364,Cum se înregistrează plata taxelor locale prin bancă?,altele,publicat,,nu,inregistreaza-plata-taxelor-locale-banca,
GH-03365,Cum se înregistrează o amendă plătită din contul firmei?,control_fiscal,publicat,,nu,inregistreaza-amenda-platita-contul-firmei,
GH-03366,Cum se înregistrează o plată către Trezorerie?,altele,publicat,,nu,inregistreaza-plata-trezorerie,
GH-03367,Cum verifici dacă plata către ANAF a fost alocată corect?,altele,publicat,,nu,verifici-plata-anaf-fost-alocata,
GH-03368,Ce faci dacă ai plătit o obligație fiscală în contul bugetar greșit?,greseli,candidat,,nu,,
GH-03369,Cum se corectează un ordin de plată către ANAF făcut greșit?,greseli,publicat,,nu,corecteaza-ordin-plata-anaf-gresit,
GH-03370,Cum se recuperează o plată făcută de două ori către ANAF?,altele,candidat,,nu,,
GH-03371,Cum se înregistrează plata salariilor prin bancă?,salarizare,publicat,,nu,inregistreaza-plata-salariilor-banca,
GH-03372,Se pot plăti salariile în numerar în 2026?,salarizare,candidat,,nu,,
GH-03373,Este obligatorie plata salariului pe card?,salarizare,publicat,,nu,obligatorie-plata-salariului-card,
GH-03374,Cum se înregistrează plata salariilor în numerar?,salarizare,publicat,,nu,inregistreaza-plata-salariilor-numerar,
GH-03375,Cum se înregistrează plata salariilor prin transfer bancar?,salarizare,publicat,,nu,inregistreaza-plata-salariilor-transfer-bancar,
GH-03376,Ce faci dacă salariul unui angajat este returnat de bancă?,salarizare,publicat,,nu,salariul-angajat-returnat-banca,
GH-03377,Cum se înregistrează salariile neridicate?,salarizare,asemanator,,nu,,inregistreaza-dividendele-neridicate
GH-03378,Cum se plătește ulterior un salariu neridicat din casierie?,salarizare,publicat,,nu,plateste-ulterior-salariu-neridicat-casierie,
GH-03379,Cum se înregistrează un avans salarial plătit prin bancă?,salarizare,candidat,,nu,,
GH-03380,Cum se înregistrează un avans salarial plătit în numerar?,salarizare,asemanator,,nu,,cum-se-inregistreaza-un-avans-platit-in-numerar-furnizorului
GH-03381,Cum se plătesc dividendele prin bancă?,declaratii_speciale,publicat,,nu,platesc-dividendele-banca,
GH-03382,Se pot plăti dividendele în numerar în 2026?,declaratii_speciale,candidat,,nu,,
GH-03383,Care este plafonul pentru plata dividendelor cash către asociat?,declaratii_speciale,candidat,,nu,,
GH-03384,Se pot plăti dividendele în numerar în mai multe zile?,declaratii_speciale,candidat,,nu,,
GH-03385,Cum se înregistrează plata dividendelor către asociat?,declaratii_speciale,publicat,,nu,inregistreaza-plata-dividendelor-asociat,
GH-03386,Cum se înregistrează dividendele neridicate?,declaratii_speciale,publicat,,nu,inregistreaza-dividendele-neridicate,
GH-03387,Poate asociatul încasa dividendele într-un cont bancar personal?,declaratii_speciale,publicat,,nu,asociatul-incasa-dividendele-cont-bancar,
GH-03388,Cum se plătesc dividendele către un asociat nerezident?,declaratii_speciale,publicat,,nu,platesc-dividendele-asociat-nerezident,
GH-03389,Cum se înregistrează plata dividendelor în valută?,declaratii_speciale,publicat,,nu,inregistreaza-plata-dividendelor-valuta,
GH-03390,Cum se înregistrează un cont bancar în euro?,casierie,asemanator,,nu,,inregistreaza-extras-cont-bancar-contabilitate
GH-03391,Cum se înregistrează un cont bancar în dolari?,casierie,asemanator,,nu,,inregistreaza-extras-cont-bancar-contabilitate
GH-03392,Cum se ține contabilitatea conturilor bancare în valută?,casierie,publicat,,nu,contabilitatea-conturilor-bancare-valuta,
GH-03393,La ce curs se înregistrează o încasare bancară în euro?,altele,publicat,,nu,curs-inregistreaza-incasare-bancara-euro,
GH-03394,La ce curs se înregistrează o plată bancară în valută?,casierie,publicat,,nu,curs-inregistreaza-plata-bancara-valuta,
GH-03395,Cum se calculează diferențele de curs la încasarea unei facturi?,greseli,publicat,,nu,calculeaza-diferentele-curs-incasarea-facturi,
GH-03396,Cum se calculează diferențele de curs la plata unei facturi?,greseli,publicat,,nu,calculeaza-diferentele-curs-plata-facturi,
GH-03397,Cum se reevaluează conturile bancare în valută la sfârșitul lunii?,casierie,candidat,,nu,,
GH-03398,Cum se reevaluează casieria în valută la sfârșitul lunii?,casierie,candidat,,nu,,
GH-03399,Care este monografia contabilă pentru diferențele favorabile de curs?,greseli,publicat,,nu,monografia-contabila-diferentele-favorabile-curs,
GH-03400,Care este monografia contabilă pentru diferențele nefavorabile de curs?,greseli,asemanator,,nu,,monografia-contabila-diferentele-favorabile-curs
GH-03401,Cum se verifică soldul contului 5124?,altele,asemanator,,nu,,verifica-soldul-contului-542
GH-03402,Cum se verifică soldul contului 5314?,altele,asemanator,,nu,,verifica-soldul-contului-542
GH-03403,Poate firma avea casierie în euro?,casierie,candidat,,nu,,
GH-03404,Se pot face plăți în numerar în euro între firme în România?,casierie,publicat,,nu,plati-numerar-euro-firme-romania,
GH-03405,Ce curs se folosește pentru verificarea plafonului cash la o plată în valută?,casierie,publicat,,nu,curs-foloseste-verificarea-plafonului-cash,
GH-03406,Cum se înregistrează schimbul valutar făcut prin bancă?,casierie,publicat,,nu,inregistreaza-schimbul-valutar-banca,
GH-03407,Cum se înregistrează schimbul valutar la casa de schimb?,casierie,publicat,,nu,inregistreaza-schimbul-valutar-casa-schimb,
GH-03408,Cum se contabilizează comisionul de schimb valutar?,casierie,publicat,,nu,contabilizeaza-comisionul-schimb-valutar,
GH-03409,Cum se înregistrează transferul între două conturi bancare ale aceleiași firme?,casierie,candidat,,nu,,
GH-03410,Cum se înregistrează transferul din contul în lei în contul în euro?,altele,publicat,,nu,inregistreaza-transferul-contul-lei-contul,
GH-03411,Cum se înregistrează transferul între două bănci?,altele,publicat,,nu,inregistreaza-transferul-doua-banci,
GH-03412,Cum se contabilizează sumele în curs de decontare între două conturi?,altele,candidat,,nu,,
GH-03413,Cum se înregistrează plata cu cardul firmei?,altele,publicat,,nu,inregistreaza-plata-cardul-firmei,
GH-03414,Ce document justifică o plată făcută cu cardul firmei?,altele,publicat,,nu,document-justifica-plata-facuta-cardul,
GH-03415,Cum se înregistrează cumpărăturile făcute online cu cardul firmei?,altele,asemanator,,nu,,inregistreaza-plata-cardul-firmei
GH-03416,Cum se înregistrează plata cu cardul fără factură?,altele,asemanator,,nu,,inregistreaza-plata-cardul-firmei
GH-03417,Ce faci dacă administratorul plătește cheltuieli personale cu cardul firmei?,infiintare,publicat,,nu,administrator-cheltuieli-personale-cardul-firmei,
GH-03418,Cum corectezi o cheltuială personală plătită din contul firmei?,greseli,candidat,,nu,,
GH-03419,Cum se înregistrează o cheltuială a firmei plătită cu cardul personal al administratorului?,infiintare,candidat,,nu,,
GH-03420,Cum recuperează administratorul banii plătiți personal pentru firmă?,infiintare,publicat,,nu,recupereaza-administratorul-banii-platiti-personal,
GH-03421,Cum se înregistrează o factură plătită personal de asociat?,infiintare,publicat,,nu,inregistreaza-factura-platita-personal-asociat,
GH-03422,Cum se înregistrează o factură plătită personal de salariat?,salarizare,asemanator,,nu,,inregistreaza-factura-platita-personal-asociat
GH-03423,Cum se înregistrează plățile prin Revolut Business?,altele,candidat,,nu,,
GH-03424,Cum se contabilizează un cont Revolut Business?,altele,candidat,,nu,,
GH-03425,Cum se înregistrează plățile prin Wise Business?,altele,candidat,,nu,,
GH-03426,Cum se contabilizează un cont Wise al firmei?,altele,asemanator,,nu,,contabilizeaza-cont-paypal-firmei
GH-03427,Contul Revolut al firmei trebuie înregistrat în contabilitate?,altele,publicat,,nu,contul-revolut-firmei-inregistrat-contabilitate,
GH-03428,Cum se reconciliază tranzacțiile Revolut cu contabilitatea?,altele,publicat,,nu,reconciliaza-tranzactiile-revolut-contabilitatea,
GH-03429,Cum se înregistrează comisioanele Revolut?,altele,asemanator,,nu,,inregistreaza-comisioanele-bancare
GH-03430,Cum se înregistrează conversiile valutare în Revolut?,casierie,candidat,,nu,,
GH-03431,Cum se contabilizează plățile prin PayPal?,altele,publicat,,nu,contabilizeaza-platile-paypal,
GH-03432,Cum se contabilizează un cont PayPal al firmei?,altele,publicat,,nu,contabilizeaza-cont-paypal-firmei,
GH-03433,Cum se înregistrează încasările prin Stripe?,industrii,publicat,,nu,inregistreaza-incasarile-stripe,
GH-03434,Cum se contabilizează comisioanele Stripe?,industrii,publicat,,nu,contabilizeaza-comisioanele-stripe,
GH-03435,Cum se înregistrează încasările prin Netopia?,altele,publicat,,nu,inregistreaza-incasarile-netopia,
GH-03436,Cum se înregistrează plățile procesate de un procesator de carduri?,altele,publicat,,nu,inregistreaza-platile-procesate-procesator-carduri,
GH-03437,Cum se contabilizează comisionul procesatorului de plăți?,altele,asemanator,,nu,,contabilizeaza-comisionul-platit-procesatorului-carduri
GH-03438,Cum reconciliezi încasările cu cardul cu facturile,altele,publicat,,nu,reconciliezi-incasarile-cardul-facturile,
GH-03439,Casierie 2026: cum se întocmește corect registrul de casă,casierie,publicat,,nu,casierie-2026-intocmeste-corect-registrul,
GH-03440,Ce documente sunt obligatorii la casierie în 2026,casierie,candidat,,nu,,
GH-03441,Cum se completează registrul de casă zilnic,casierie,candidat,,nu,,
GH-03442,Registrul de casă electronic: este acceptat în 2026,casierie,candidat,,nu,,
GH-03443,Cine poate ține registrul de casă în firmă,casierie,candidat,,nu,,
GH-03444,Plafonul de numerar pentru casierie în 2026,casierie,candidat,,nu,,
GH-03445,Care este limita legală de încasare cu numerar pe zi,casierie,candidat,,nu,,
GH-03446,Cum se aplică plafonul de 5.000 lei la încasările în numerar,casierie,publicat,,nu,aplica-plafonul-5000-lei-incasarile,
GH-03447,Plafonul de numerar pe persoană: cum se interpretează,casierie,candidat,,nu,,
GH-03448,Depășirea plafonului de numerar: ce risc și sancțiuni,casierie,candidat,,nu,,
GH-03449,Amenda pentru încasări peste plafonul de numerar,casierie,publicat,,nu,amenda-incasari-plafonul-numerar,
GH-03450,Cum justific încasările în numerar mari la firmă,casierie,candidat,,nu,,
GH-03451,Încasarea de la clienți cu numerar: cum se înregistrează,casierie,candidat,,nu,,
GH-03452,Cum se întocmește chitanța pentru încasare numerar,casierie,publicat,,nu,intocmeste-chitanta-incasare-numerar,
GH-03453,Chitanța fiscală vs chitanța simplă: când folosesc fiecare,altele,publicat,,nu,chitanta-fiscala-vs-chitanta-simpla,
GH-03454,Dispozitivul de marcat electronic: obligații 2026,altele,publicat,,nu,dispozitivul-marcat-electronic-obligatii-2026,
GH-03455,Cum se încarcă raportul Z în contabilitate,altele,publicat,,nu,incarca-raportul-z-contabilitate,
GH-03456,Raportul Z zilnic: cum se înregistrează în registrul de casă,casierie,publicat,,nu,raportul-z-zilnic-inregistreaza-registrul,
GH-03457,Diferențe între casa de marcat și registrul de casă,casierie,publicat,,nu,diferente-casa-marcat-registrul-casa,
GH-03458,Cum împac casa de marcat cu extrasul de cont,altele,publicat,,nu,impac-casa-marcat-extrasul-cont,
GH-03459,Bonurile de consum din casierie: cum se întocmesc,casierie,candidat,,nu,,
GH-03460,Dispoziția de plată către casierie: cum se emite,casierie,candidat,,nu,,
GH-03461,Cum se acordă avansuri spre decontare 2026,altele,publicat,,nu,acorda-avansuri-spre-decontare-2026,
GH-03462,Decontul de cheltuieli pe bază de documente justificative,altele,candidat,,nu,,
GH-03463,Termenul de decontare a avansurilor acordate,control_fiscal,candidat,,nu,,
GH-03464,Avans nejustificat la termen: ce consecințe sunt,control_fiscal,candidat,,nu,,
GH-03465,Cum se restituie avansul neutilizat la casierie,casierie,publicat,,nu,restituie-avansul-neutilizat-casierie,
GH-03466,Monografia avansurilor spre decontare în 2026,altele,publicat,,nu,monografia-avansurilor-spre-decontare-2026,
GH-03467,Plăți salariale prin casierie: se mai pot face,salarizare,publicat,,nu,plati-salariale-casierie,
GH-03468,Cum se plătește salariul în numerar în 2026,salarizare,publicat,,nu,plateste-salariul-numerar-2026,
GH-03469,Plafonul plăților salariale cu numerar din casierie,salarizare,candidat,,nu,,
GH-03470,Cum se întocmește statul de plată pentru plata în numerar,casierie,publicat,,nu,intocmeste-statul-plata-plata-numerar,
GH-03471,Lipsa de numerar în casierie la inventar: cum se tratează,casierie,candidat,,nu,,
GH-03472,Plusul de numerar în casierie: cum se înregistrează,casierie,publicat,,nu,plusul-numerar-casierie-inregistreaza,
GH-03473,Inventarul casieriei 2026: cum se face corect,casierie,candidat,,nu,,
GH-03474,Cine face parte din comisia de inventariere a casieriei,stocuri,publicat,,nu,parte-comisia-inventariere-casieriei,
GH-03475,Procesul-verbal de inventariere a casieriei: cum arată,stocuri,publicat,,nu,procesul-verbal-inventariere-casieriei-arata,
GH-03476,Cum se recuperează lipsa de la casier,altele,asemanator,,nu,,recupereaza-lipsa-gestionar
GH-03477,Răspunderea casierului pentru lipsuri în gestiune,stocuri,candidat,,nu,,
GH-03478,Contractul de răspundere patrimonială: când e necesar,altele,publicat,,nu,contractul-raspundere-patrimoniala-necesar,
GH-03479,Cum se organizează casieria la mai multe puncte de lucru,casierie,publicat,,nu,organizeaza-casieria-multe-puncte-lucru,
GH-03480,Casierie la firma micro: obligații 2026,casierie,publicat,,nu,casierie-firma-micro-obligatii-2026,
GH-03481,Limitarea plăților în numerar între firme 2026,casierie,publicat,,nu,limitarea-platilor-numerar-firme-2026,
GH-03482,Cum se fac plăți inter-firme peste plafonul de numerar,casierie,publicat,,nu,plati-inter-firme-plafonul-numerar,
GH-03483,Încasări de la persoane fizice: reguli de numerar 2026,casierie,publicat,,nu,incasari-persoane-fizice-reguli-numerar,
GH-03484,Depunerea numerarului la bancă: cum și când,casierie,publicat,,nu,depunerea-numerarului-banca,
GH-03485,Numerarul din casierie la final de zi: ce fac,casierie,publicat,,nu,numerarul-casierie-final-zi,
GH-03486,Se poate ține numerar peste noapte la firmă,casierie,candidat,,nu,,
GH-03487,Probleme cu banca la depunerea numerarului: ce fac,casierie,candidat,,nu,,
GH-03488,Comisioane bancare la depunerea numerarului,casierie,publicat,,nu,comisioane-bancare-depunerea-numerarului,
GH-03489,Cum se deschide un cont bancar pentru firmă 2026,casierie,candidat,,nu,,
GH-03490,Documentele pentru deschiderea contului de firmă,altele,publicat,,nu,documentele-deschiderea-contului-firma,
GH-03491,Cont bancar pentru PFA vs SRL: diferențe,pfa,publicat,,nu,cont-bancar-pfa-vs-srl,
GH-03492,Contul bancar obligatoriu pentru SRL: se poate fără,casierie,candidat,,nu,,
GH-03493,Se poate opera un SRL fără cont bancar,casierie,candidat,,nu,,
GH-03494,Cont bancar la mai multe bănci: evidență și obligații,casierie,publicat,,nu,cont-bancar-multe-banci-evidenta,
GH-03495,Cum se alege banca pentru un SRL nou în 2026,altele,candidat,,nu,,
GH-03496,Deschiderea contului de trezorerie: când e necesar,altele,candidat,,nu,,
GH-03497,Cont de trezorerie vs cont bancar comercial,casierie,publicat,,nu,cont-trezorerie-vs-cont-bancar,
GH-03498,Extrasul de cont: cum se înregistrează în contabilitate,altele,asemanator,,nu,,inregistreaza-extras-cont-bancar-contabilitate
GH-03499,Cum se reconciliază extrasul bancar cu registrul de casă,casierie,candidat,,nu,,
GH-03500,Comisioanele bancare: cum se înregistrează în 2026,altele,publicat,,da,comisioanele-bancare-inregistreaza-2026,
GH-03501,Dobânda la contul curent: tratament contabil,altele,candidat,,nu,,
GH-03502,Cum se înregistrează TVA la comisioanele bancare,tva,asemanator,,nu,,inregistreaza-comisioanele-bancare
GH-03503,Plăți prin transfer bancar: ordinea de efectuare,altele,candidat,,nu,,
GH-03504,Cum se completează un ordin de plată în 2026,altele,candidat,,nu,,
GH-03505,Ordinul de plată refuzat de bancă: ce fac,altele,candidat,,nu,,
GH-03506,Fonduri insuficiente la plată: costuri și consecințe,altele,candidat,,nu,,
GH-03507,Cum se programează plățile pentru a evita penalități,altele,publicat,,nu,programeaza-platile-evita-penalitati,
GH-03508,Plăți în valută prin bancă: cum se înregistrează,casierie,publicat,,nu,plati-valuta-banca-inregistreaza,
GH-03509,Cum se tratează diferențele de curs la plățile în valută,casierie,publicat,,nu,trateaza-diferentele-curs-platile-valuta,
GH-03510,Schimbul valutar la bancă: înregistrare corectă,casierie,publicat,,nu,schimbul-valutar-banca-inregistrare-corecta,
GH-03511,Cum se încasează un cec bancar în 2026,altele,candidat,,nu,,
GH-03512,Cecul: mai este folosit în 2026,altele,candidat,,nu,,
GH-03513,Emiterea unui cec postdatat: riscuri și tratament,altele,candidat,,nu,,
GH-03514,Biletele la ordin și cambia: înregistrare contabilă,altele,publicat,,nu,biletele-ordin-cambia-inregistrare-contabila,
GH-03515,Cum se înregistrează instrumentele de plată la firmă,altele,candidat,,nu,,
GH-03516,Cardul bancar de firmă: cum se ține evidența,altele,publicat,,nu,cardul-bancar-firma-evidenta,
GH-03517,Decontarea cheltuielilor plătite cu cardul de firmă,altele,candidat,,nu,,
GH-03518,Cum se înregistrează plățile online la firmă,altele,candidat,,nu,,
GH-03519,Plăți prin POS la sediu: înregistrare și comisioane,altele,candidat,,nu,,
GH-03520,Comisioanele POS: cum se reflectă în contabilitate,altele,candidat,,nu,,
GH-03521,Cum se fac plăți către buget prin internet banking,altele,publicat,,nu,plati-buget-internet-banking,
GH-03522,Cum se plătesc taxele cu cardul în SPV,spv,candidat,,nu,,
GH-03523,Ghișeul bancar vs plăți online: ce obligații,altele,candidat,,nu,,
GH-03524,Cum se recuperează o plată greșită făcută prin bancă,greseli,publicat,,nu,recupereaza-plata-gresita-facuta-banca,
GH-03525,Plată către un IBAN greșit: cum se recuperează,greseli,publicat,,nu,plata-iban-gresit-recupereaza,
GH-03526,Contul bancar al furnizorului se schimbă: cum verific,casierie,candidat,,nu,,
GH-03527,Riscul de fraudă prin schimbarea IBAN-ului: cum mă feresc,altele,publicat,,nu,riscul-frauda-schimbarea-iban-ului,
GH-03528,Cum blochez o plată suspectă la bancă,altele,publicat,,nu,blochez-plata-suspecta-banca,
GH-03529,Fraudă prin email cu ordin de plată fals: ce fac,altele,publicat,,nu,frauda-email-ordin-plata-fals,
GH-03530,Cum se înregistrează o plată neautorizată din cont,altele,publicat,,nu,inregistreaza-plata-neautorizata-cont,
GH-03531,Conturi blocate de ANAF: ce pot opera,altele,publicat,,nu,conturi-blocate-anaf-opera,
GH-03532,Poprirea pe conturile bancare: cum se aplică 2026,casierie,candidat,,nu,,
GH-03533,Cum se ridică poprirea de pe contul bancar,casierie,publicat,,nu,ridica-poprirea-contul-bancar,
GH-03534,Deblocarea contului după plata datoriei la ANAF,altele,candidat,,nu,,
GH-03535,Contul de firma se blochează: cum mai plătesc salariile,salarizare,candidat,,nu,,
GH-03536,Cum se obține un certificat de atestare fiscală,altele,publicat,,nu,obtine-certificat-atestare-fiscala,
GH-03537,Extras de cont pentru instanță: cum îl obțin,altele,publicat,,nu,extras-cont-instanta-obtin,
GH-03538,Cum se înregistrează dobânda la creditul bancar,altele,publicat,,nu,inregistreaza-dobanda-creditul-bancar,
GH-03539,Rambursarea unui credit bancar: tratament contabil,altele,candidat,,nu,,
GH-03540,Comisioanele pentru credit: se includ în cost,altele,publicat,,nu,comisioanele-credit-includ-cost,
GH-03541,Cum se înregistrează linia de credit utilizată,altele,candidat,,nu,,
GH-03542,Facilitatea de descoperit de cont: tratament fiscal,altele,publicat,,nu,facilitatea-descoperit-cont-tratament-fiscal,
GH-03543,Cum se tratează dobânzile la overdraft,altele,publicat,,nu,trateaza-dobanzile-overdraft,
GH-03544,Garanții bancare: înregistrare și decontare,altele,candidat,,nu,,
GH-03545,Cum se înregistrează scrisoare de garanție bancară,altele,publicat,,nu,inregistreaza-scrisoare-garantie-bancara,
GH-03546,Acreditivul bancar: înregistrare la firmă 2026,altele,candidat,,nu,,
GH-03547,Cum funcționează acreditivul în comerțul exterior,altele,asemanator,,nu,,functioneaza-acreditivul-comertul-exterior-evidenta
GH-03548,Cont bancar în valută pentru import-export,casierie,publicat,,nu,cont-bancar-valuta-import-export,
GH-03549,Cum se transferă bani între conturile proprii,altele,publicat,,nu,transfera-bani-conturile-proprii,
GH-03550,Transferuri firmei/proprietar: cum se înregistrează,altele,asemanator,,nu,,transferuri-firma-proprietar-inregistreaza
GH-03551,Cum se împrumută firma de la asociat 2026,infiintare,asemanator,,nu,,imprumuta-firma-asociat-2026
GH-03552,Împrumut de la asociat: dobândă și tratament fiscal,infiintare,publicat,,nu,imprumut-asociat-dobanda-tratament-fiscal,
GH-03553,Restituirea împrumutului către asociat: înregistrare,infiintare,publicat,,nu,restituirea-imprumutului-asociat-inregistrare,
GH-03554,Împrumutul fără dobândă de la asociat: reguli 2026,infiintare,publicat,,nu,imprumutul-dobanda-asociat-reguli-2026,
GH-03555,Cum se retrag bani din firmă legal în 2026,altele,publicat,,nu,retrag-bani-firma-legal-2026,
GH-03556,Conturi personale vs cont de firmă: delimitare corectă,altele,candidat,,nu,,
GH-03557,Plata cheltuielilor personale din contul firmei: riscuri,altele,candidat,,nu,,
GH-03558,Cum se înregistrează plățile făcute de asociat pentru firmă,infiintare,publicat,,nu,inregistreaza-platile-facute-asociat-firma,
GH-03559,Decontarea cheltuielilor plătite personal de administrator,infiintare,candidat,,nu,,
GH-03560,Avansul de trezorerie acordat administratorului,infiintare,publicat,,nu,avansul-trezorerie-acordat-administratorului,
GH-03561,Cum se justifică sumele ridicate din casierie,casierie,publicat,,nu,justifica-sumele-ridicate-casierie,
GH-03562,Sume nedeclarate la casierie: riscuri fiscale,casierie,candidat,,nu,,
GH-03563,Deducerea cheltuielilor pe bază de bon 2026,altele,candidat,,nu,,
GH-03564,Ce bonuri sunt acceptate ca documente justificative,altele,candidat,,nu,,
GH-03565,Bonul fiscal simplu: limită de deducere,altele,publicat,,nu,bonul-fiscal-simplu-limita-deducere,
GH-03566,Bonurile la facturi de la benzinărie: deducere TVA,tva,candidat,,nu,,
GH-03567,Cum se decontează combustibilul plătit cash,casierie,publicat,,nu,deconteaza-combustibilul-platit-cash,
GH-03568,Cheltuieli mici de la casierie: cum le înregistrez,casierie,publicat,,nu,cheltuieli-mici-casierie-inregistrez,
GH-03569,Cum se ține registrul de casă în valută,casierie,asemanator,,nu,,intocmeste-registrul-casa-2026
GH-03570,Casierie în valută: curs și înregistrare,casierie,publicat,,nu,casierie-valuta-curs-inregistrare,
GH-03571,Cum se face schimbul valutar la casierie,casierie,publicat,,nu,schimbul-valutar-casierie,
GH-03572,Casa de marcat se defectează: procedura corectă,altele,publicat,,nu,casa-marcat-defecteaza-procedura-corecta,
GH-03573,Casă de marcat nouă: înregistrare și obligații,altele,publicat,,nu,casa-marcat-noua-inregistrare-obligatii,
GH-03574,Cum se înlocuiește casa de marcat defectă,altele,publicat,,nu,inlocuieste-casa-marcat-defecta,
GH-03575,Acreditarea casei de marcat: obligații 2026,altele,publicat,,nu,acreditarea-casei-marcat-obligatii-2026,
GH-03576,Amenda pentru nedepunerea raportului Z,control_fiscal,publicat,,nu,amenda-nedepunerea-raportului-z,
GH-03577,Cum se transmite raportul zilnic pentru casele noi,altele,candidat,,nu,,
GH-03578,Facturarea pe bonuri mici: reguli legate de casierie,casierie,candidat,,nu,,
GH-03579,Micro întreprindere cu vânzări cash: înregistrare,casierie,publicat,,nu,micro-intreprindere-vanzari-cash-inregistrare,
GH-03580,Firma micro cu vânzări card: tratament TVA,tva,asemanator,,nu,,firma-micro-vanzari-card-tratament
GH-03581,Casierie la restaurant: particularități 2026,casierie,candidat,,nu,,
GH-03582,Casierie la magazin alimentar: reguli specifice,casierie,candidat,,nu,,
GH-03583,Cum se ține casa la un cabinet medical,altele,publicat,,nu,casa-cabinet-medical,
GH-03584,Casierie la benzinărie: obligații speciale,casierie,candidat,,nu,,
GH-03585,Casierie la o firmă de transport: încasări cash,casierie,publicat,,nu,casierie-firma-transport-incasari-cash,
GH-03586,Cum se gestionează încasările de la curieri,altele,publicat,,nu,gestioneaza-incasarile-curieri,
GH-03587,Încasări prin curier: plată și documente,altele,candidat,,nu,,
GH-03588,Contravaloarea ramburs: înregistrare corectă,altele,candidat,,nu,,
GH-03589,Cum se împacă vânzările online cu casieria,casierie,asemanator,,nu,,impaca-stocul-magazinului-online-vanzarile
GH-03590,Încasări prin procesator de plăți: cum se înregistrează,altele,publicat,,nu,incasari-prin-procesator-de-plati-cum-se-inregistreaza,
GH-03591,Cum se rezervă comisioanele procesatorului de plăți,altele,asemanator,,nu,,comisioanele-procesatorului-plati-woocommerce-inregistreaza
GH-03592,Decontul de la platforma de vânzări online,altele,candidat,,nu,,
GH-03593,Cum se înregistrează încasările din platforme străine,altele,candidat,,nu,,
GH-03594,Hold-ul procesatorului: cum se evidențiază,altele,candidat,,nu,,
GH-03595,Cum se corectează o eroare de încasare în casierie,casierie,publicat,,nu,corecteaza-eroare-incasare-casierie,
GH-03596,Stornarea unei încasări greșite la casierie,casierie,publicat,,nu,stornarea-incasari-gresite-casierie,
GH-03597,Anularea unei chitanțe emise din greșeală,greseli,publicat,,nu,anularea-chitante-emise-greseala,
GH-03598,Cum se corectează un registru de casă greșit,greseli,publicat,,nu,corectare-registru-casa-gresit,
GH-03599,Erori frecvente la casierie și cum le eviți,casierie,asemanator,,nu,,erori-frecvente-contabilitatea-restaurantelor-eviti
GH-03600,Cum se retrată o încasare omisă din anii anteriori,altele,candidat,,nu,,
GH-03601,Controlul de fond la casierie: ce verifică ANAF,casierie,candidat,,nu,,
GH-03602,Documentele pe care le cere comisă de la casierie,casierie,candidat,,nu,,
GH-03603,Notificare ANAF pentru lipsuri de numerar: cum răspund,casierie,candidat,,nu,,
GH-03604,Contestația la decizia de impunere privind numerarul,casierie,candidat,,nu,,
GH-03605,Puncte de vedere ANAF despre plafonul de numerar 2026,casierie,asemanator,,nu,,puncte-vedere-anaf-numerar-2026
GH-03606,Cum pregătesc casieria pentru un control de fond,casierie,publicat,,nu,pregatesc-casieria-control-fond,
GH-03607,Noutăți legislative 2026 la plățile în numerar,casierie,publicat,,nu,noutati-legislative-2026-platile-numerar,
GH-03608,Ce s-a schimbat la casierie și bancă în 2026,casierie,publicat,,nu,s-schimbat-casierie-banca-2026,
GH-03609,Digitalizarea registrului de casă: ce e acceptat,altele,candidat,,nu,,
GH-03610,Semnătura electronică pe documentele de casierie,casierie,candidat,,nu,,
GH-03611,Cum arhivez documentele de casierie în 2026,casierie,candidat,,nu,,
GH-03612,Termenul de păstrare a documentelor de casierie,casierie,candidat,,nu,,
GH-03613,Checklist pentru închiderea casieriei lunar,casierie,publicat,,nu,checklist-inchiderea-casieriei-lunar,
GH-03614,Calendar fiscal 2026: termene legate de plăți și încasări,control_fiscal,candidat,,nu,,
GH-03615,Cum se face note de contabilitate la sfârșitul anului pentru casierie,casierie,candidat,,nu,,
GH-03616,Raportarea sumelor în numărare la bilanț,altele,publicat,,nu,raportarea-sumelor-numarare-bilant,
GH-03617,Casieria în situațiile financiare 2026: ce raportez,casierie,publicat,,nu,casieria-situatiile-financiare-2026-raportez,
GH-03618,Cine este obligat să folosească RO e-Factura în 2026?,spv,candidat,,da,,
GH-03619,Cum se trimite o factură în RO e-Factura în 2026?,spv,candidat,,nu,,
GH-03620,Care este termenul de transmitere a facturii în e-Factura în 2026?,spv,publicat,,da,termenul-transmitere-facturii-factura-2026,
GH-03621,Cum se calculează termenul de transmitere în RO e-Factura?,spv,publicat,,nu,calculeaza-termenul-transmitere-ro-factura,
GH-03622,Ce se întâmplă dacă trimit factura cu întârziere în e-Factura?,spv,publicat,,nu,intampla-trimit-factura-intarziere-factura,
GH-03623,Ce amenzi sunt pentru netransmiterea facturilor în RO e-Factura în 2026?,spv,candidat,,nu,,
GH-03624,Cum verific dacă o factură a fost transmisă corect în e-Factura?,spv,publicat,,nu,verific-factura-fost-transmisa-corect,
GH-03625,Cum verific dacă ANAF a validat factura electronică?,altele,publicat,,nu,verific-anaf-validat-factura-electronica,
GH-03626,De unde descarc factura primită prin RO e-Factura?,spv,publicat,,nu,descarc-factura-primita-ro-factura,
GH-03627,Cum descarc facturile din SPV?,spv,publicat,,nu,descarc-facturile-spv,
GH-03628,Cum descarc automat facturile din RO e-Factura?,spv,publicat,,nu,descarc-automat-facturile-ro-factura,
GH-03629,Cât timp rămân facturile disponibile pentru descărcare în SPV?,spv,publicat,,nu,timp-raman-facturile-disponibile-descarcare,
GH-03630,Ce fac dacă nu am descărcat la timp o factură din e-Factura?,spv,candidat,,nu,,
GH-03631,Cum recuperez o factură veche din RO e-Factura?,spv,candidat,,nu,,
GH-03632,Cum intru în SPV pentru RO e-Factura?,spv,publicat,,nu,intru-spv-ro-factura,
GH-03633,Cum înrolez un SRL în SPV pentru e-Factura?,spv,publicat,,nu,inrolez-srl-spv-factura,
GH-03634,Cum înrolez un PFA în SPV pentru e-Factura?,pfa,publicat,,nu,inrolez-pfa-spv-factura,
GH-03635,Cum înrolez o întreprindere individuală în SPV?,pfa,asemanator,,nu,,infiintez-intreprindere-individuala-2026
GH-03636,Cum înrolez o firmă nouă în RO e-Factura?,spv,candidat,,nu,,
GH-03637,Cum obțin acces la e-Factura pentru prima dată?,spv,publicat,,nu,obtin-acces-factura-prima-data,
GH-03638,Este obligatoriu certificatul digital pentru RO e-Factura?,spv,candidat,,nu,,
GH-03639,Cum folosesc certificatul digital în SPV pentru e-Factura?,spv,publicat,,nu,folosesc-certificatul-digital-spv-factura,
GH-03640,Cum adaug un certificat digital nou în SPV?,spv,candidat,,nu,,
GH-03641,Cum schimb certificatul digital expirat pentru e-Factura?,spv,publicat,,nu,schimb-certificatul-digital-expirat-factura,
GH-03642,Ce fac dacă certificatul digital nu este recunoscut în SPV?,spv,candidat,,nu,,
GH-03643,Poate contabilul transmite facturile în e-Factura pentru client?,spv,publicat,,nu,contabilul-transmite-facturile-factura-client,
GH-03644,Cum împuternicesc contabilul să folosească SPV-ul firmei?,spv,publicat,,nu,imputernicesc-contabilul-foloseasca-spv-ul,
GH-03645,Poate administratorul și contabilul să aibă simultan acces la SPV?,spv,publicat,,nu,administratorul-contabilul-aiba-simultan-acces,
GH-03646,Cum verific cine are acces la SPV-ul firmei?,spv,publicat,,nu,verific-acces-spv-ul-firmei,
GH-03647,Cum retrag accesul unui fost contabil la SPV?,spv,publicat,,nu,retrag-accesul-fost-contabil-spv,
GH-03648,Poate o firmă avea mai multe certificate digitale pentru SPV?,spv,candidat,,nu,,
GH-03649,Cum se autorizează un program de facturare să comunice cu RO e-Factura?,spv,publicat,,nu,autorizeaza-program-facturare-comunice-ro,
GH-03650,Cum funcționează integrarea API cu RO e-Factura?,spv,publicat,,nu,functioneaza-integrarea-api-ro-factura,
GH-03651,Cum obțin token pentru API RO e-Factura?,spv,publicat,,nu,obtin-token-api-ro-factura,
GH-03652,De ce expiră tokenul pentru e-Factura?,spv,publicat,,nu,expira-tokenul-factura,
GH-03653,Ce fac dacă aplicația nu se mai conectează la e-Factura?,spv,publicat,,nu,aplicatia-conecteaza-factura,
GH-03654,De ce nu pot trimite factura în SPV?,spv,candidat,,nu,,
GH-03655,De ce nu apare factura transmisă în e-Factura?,spv,publicat,,nu,apare-factura-transmisa-factura,
GH-03656,Ce înseamnă factura în curs de procesare în RO e-Factura?,spv,publicat,,nu,inseamna-factura-curs-procesare-ro,
GH-03657,Cât durează validarea unei facturi în RO e-Factura?,spv,publicat,,nu,dureaza-validarea-facturi-ro-factura,
GH-03658,Ce fac dacă ANAF respinge factura electronică?,altele,publicat,,nu,anaf-respinge-factura-electronica,
GH-03659,Cum corectez o factură respinsă de RO e-Factura?,spv,asemanator,,nu,,retransmiti-factura-respinsa-anaf-ro
GH-03660,Trebuie să emit alt număr de factură dacă XML-ul a fost respins?,altele,publicat,,nu,emit-alt-numar-factura-xml,
GH-03661,Ce fac dacă am trimis de două ori aceeași factură în e-Factura?,spv,publicat,,nu,trimis-doua-ori-aceeasi-factura,
GH-03662,Cum anulez o factură transmisă în RO e-Factura?,spv,asemanator,,nu,,corectez-factura-deja-transmisa-ro
GH-03663,Se poate șterge o factură deja transmisă în e-Factura?,spv,publicat,,nu,sterge-factura-deja-transmisa-factura,
GH-03664,Cum stornez o factură transmisă în e-Factura?,spv,asemanator,,nu,,corectez-factura-transmisa-gresit-factura
GH-03665,Cum corectez o factură deja transmisă în RO e-Factura?,spv,publicat,,nu,corectez-factura-deja-transmisa-ro,
GH-03666,Cum transmit o factură storno în e-Factura?,spv,asemanator,,nu,,cum-transmit-o-factura-de-corectie-in-ro-e-factura
GH-03667,Cum transmit o factură de corecție în RO e-Factura?,spv,publicat,,nu,cum-transmit-o-factura-de-corectie-in-ro-e-factura,
GH-03668,Cum corectez CUI-ul clientului pe o factură deja transmisă?,greseli,candidat,,nu,,
GH-03669,Cum corectez adresa clientului pe o factură transmisă în e-Factura?,spv,publicat,,nu,corectez-adresa-clientului-factura-transmisa,
GH-03670,Cum corectez cota de TVA pe o factură transmisă în e-Factura?,tva,publicat,,nu,corectez-cota-tva-factura-transmisa,
GH-03671,Cum corectez valoarea unei facturi deja trimise în SPV?,spv,candidat,,nu,,
GH-03672,Cum corectez denumirea produsului pe o factură transmisă?,greseli,candidat,,nu,,
GH-03673,Ce fac dacă am transmis factura către clientul greșit în e-Factura?,spv,candidat,,nu,,
GH-03674,Ce fac dacă am emis factura cu data greșită în e-Factura?,spv,publicat,,nu,emis-factura-data-gresita-factura,
GH-03675,Ce fac dacă am folosit o cotă TVA greșită pe factura electronică?,tva,publicat,,nu,folosit-cota-tva-gresita-factura-electronica,
GH-03676,Cum corectez o factură dintr-o lună anterioară în e-Factura?,spv,publicat,,nu,corectez-factura-dintr-luna-anterioara,
GH-03677,Cum corectez o factură după depunerea D300?,tva,asemanator,,nu,,corectez-factura-depunerea-d394
GH-03678,Cum corectez o factură după depunerea D394?,tva,publicat,,nu,corectez-factura-depunerea-d394,
GH-03679,Factura storno trebuie transmisă separat în e-Factura?,spv,publicat,,nu,factura-storno-trebuie-transmisa-separat-in-e-factura,
GH-03680,Factura de avans se transmite în RO e-Factura?,spv,publicat,,nu,factura-avans-transmite-ro-factura,
GH-03681,Cum se transmite factura finală după o factură de avans?,altele,candidat,,nu,,
GH-03682,Cum se stornează avansul în factura finală în e-Factura?,spv,candidat,,nu,,
GH-03683,Proforma se transmite în RO e-Factura?,spv,publicat,,nu,proforma-transmite-ro-factura,
GH-03684,Bonul fiscal trebuie transmis în e-Factura?,spv,publicat,,nu,bonul-fiscal-transmis-factura,
GH-03685,Chitanța trebuie transmisă în RO e-Factura?,spv,publicat,,nu,chitanta-transmisa-ro-factura,
GH-03686,Avizul de însoțire se transmite în e-Factura?,spv,publicat,,nu,avizul-insotire-transmite-factura,
GH-03687,Factura simplificată se transmite în RO e-Factura?,spv,asemanator,,da,,proforma-transmite-ro-factura
GH-03688,Autofactura se transmite în RO e-Factura?,spv,asemanator,,nu,,proforma-transmite-ro-factura
GH-03689,Factura emisă către o persoană fizică se transmite în e-Factura în 2026?,spv,publicat,,nu,factura-emisa-persoana-fizica-transmite,
GH-03690,Cum funcționează e-Factura B2C în 2026?,spv,candidat,,nu,,
GH-03691,Ce date trebuie trecute în e-Factura pentru o persoană fizică?,spv,publicat,,nu,date-trecute-factura-persoana-fizica,
GH-03692,Ce fac dacă persoana fizică nu îmi comunică CNP-ul?,altele,candidat,,nu,,
GH-03693,Este obligatoriu CNP-ul clientului persoană fizică în e-Factura?,spv,candidat,,nu,,
GH-03694,Cum emit e-Factura către un client persoană fizică fără CNP?,spv,candidat,,nu,,
GH-03695,Factura către un client străin persoană fizică se transmite în e-Factura?,spv,asemanator,,nu,,factura-emisa-persoana-fizica-transmite
GH-03696,Factura către un client din UE se transmite în RO e-Factura?,spv,publicat,,nu,factura-client-ue-transmite-ro,
GH-03697,Factura către un client din afara UE se transmite în RO e-Factura?,spv,publicat,,nu,factura-client-afara-ue-transmite,
GH-03698,Factura de export se transmite în e-Factura?,spv,publicat,,nu,factura-export-transmite-factura,
GH-03699,Factura pentru o livrare intracomunitară se transmite în e-Factura?,ic_ue,publicat,,nu,factura-livrare-intracomunitara-transmite-factura,
GH-03700,Factura pentru servicii intracomunitare se transmite în e-Factura?,ic_ue,publicat,,da,factura-servicii-intracomunitare-transmite-factura,
GH-03701,Factura emisă unei firme din UE cu cod TVA se transmite în e-Factura?,tva,publicat,,nu,factura-emisa-firme-ue-cod,
GH-03702,Factura emisă unei firme străine cu sediu în România se transmite în e-Factura?,spv,publicat,,nu,factura-emisa-firme-straine-sediu,
GH-03703,Cum verific dacă o factură B2B trebuie transmisă în RO e-Factura?,spv,candidat,,nu,,
GH-03704,Ce facturi sunt exceptate de la RO e-Factura în 2026?,spv,candidat,,nu,,
GH-03705,Un PFA trebuie să folosească e-Factura în 2026?,pfa,publicat,,nu,pfa-foloseasca-factura-2026,
GH-03706,O întreprindere individuală trebuie să folosească e-Factura?,pfa,asemanator,,nu,,fundatie-foloseasca-factura
GH-03707,Un SRL neplătitor de TVA trebuie să transmită facturile în e-Factura?,tva,publicat,,nu,srl-neplatitor-tva-transmita-facturile,
GH-03708,O microîntreprindere trebuie să folosească RO e-Factura?,spv,asemanator,,nu,,fundatie-foloseasca-factura
GH-03709,O firmă plătitoare de impozit pe profit trebuie să folosească e-Factura?,profit,publicat,,nu,firma-platitoare-impozit-profit-foloseasca,
GH-03710,O firmă fără salariați trebuie să folosească e-Factura?,salarizare,publicat,,nu,firma-salariati-foloseasca-factura,
GH-03711,O firmă fără activitate trebuie să transmită ceva în e-Factura?,spv,publicat,,nu,firma-activitate-transmita-ceva-factura,
GH-03712,O firmă suspendată trebuie să folosească RO e-Factura?,spv,asemanator,,nu,,firma-salariati-foloseasca-factura
GH-03713,Un PFA la normă de venit trebuie să folosească e-Factura?,pfa,publicat,,nu,pfa-norma-venit-foloseasca-factura,
GH-03714,Un PFA în sistem real trebuie să folosească e-Factura?,pfa,publicat,,nu,pfa-sistem-real-foloseasca-factura,
GH-03715,O profesie liberală trebuie să transmită facturi prin e-Factura?,spv,publicat,,nu,profesie-liberala-transmita-facturi-factura,
GH-03716,Un cabinet medical trebuie să folosească RO e-Factura?,spv,asemanator,,nu,,ong-foloseasca-ro-factura
GH-03717,Un cabinet de avocat trebuie să folosească e-Factura?,spv,publicat,,nu,cabinet-avocat-foloseasca-factura,
GH-03718,Un expert contabil trebuie să transmită facturile prin e-Factura?,spv,candidat,,nu,,
GH-03719,Un ONG trebuie să folosească RO e-Factura?,spv,publicat,,nu,ong-foloseasca-ro-factura,
GH-03720,O asociație trebuie să transmită facturile în e-Factura?,spv,publicat,,nu,asociatie-transmita-facturile-factura,
GH-03721,O fundație trebuie să folosească e-Factura?,spv,publicat,,nu,fundatie-foloseasca-factura,
GH-03722,O instituție publică trebuie să primească facturile prin RO e-Factura?,spv,candidat,,nu,,
GH-03723,Cum emit o factură B2G prin RO e-Factura?,spv,asemanator,,nu,,emit-facturi-recurente-ro-factura
GH-03724,"Care este diferența dintre e-Factura B2B, B2C și B2G?",spv,candidat,,nu,,
GH-03725,Cum emit factura către o primărie prin e-Factura?,spv,candidat,,nu,,
GH-03726,Cum emit factura către o instituție publică?,altele,candidat,,nu,,
GH-03727,Ce date sunt obligatorii pe o factură electronică în 2026?,altele,candidat,,da,,
GH-03728,Ce informații trebuie să conțină XML-ul e-Factura?,spv,candidat,,nu,,
GH-03729,Care este diferența dintre PDF și XML în RO e-Factura?,spv,publicat,,nu,diferenta-dintre-pdf-xml-ro,
GH-03730,Este PDF-ul facturii documentul fiscal oficial după transmiterea în e-Factura?,spv,publicat,,nu,pdf-ul-facturii-documentul-fiscal,
GH-03731,Care este exemplarul original al unei facturi din RO e-Factura?,spv,candidat,,nu,,
GH-03732,Factura primită pe e-mail mai este valabilă dacă există și în e-Factura?,spv,publicat,,nu,factura-primita-mail-valabila-exista,
GH-03733,Pot înregistra contabil factura PDF dacă nu apare în RO e-Factura?,spv,publicat,,nu,inregistra-contabil-factura-pdf-apare,
GH-03734,Pot deduce TVA dintr-o factură care nu a fost transmisă în e-Factura?,tva,publicat,,nu,deduce-tva-dintr-factura-fost,
GH-03735,Pot deduce cheltuiala dacă furnizorul nu a transmis factura în e-Factura?,spv,candidat,,nu,,
GH-03736,Ce face cumpărătorul dacă furnizorul nu transmite factura în e-Factura?,spv,candidat,,nu,,
GH-03737,Cum verific dacă furnizorul a transmis factura în termen?,control_fiscal,candidat,,nu,,
GH-03738,Ce fac dacă factura din e-mail diferă de factura din e-Factura?,spv,asemanator,,nu,,pdf-ul-facturii-difera-xml
GH-03739,Care factură este valabilă dacă PDF-ul diferă de XML-ul din e-Factura?,spv,publicat,,nu,factura-valabila-pdf-ul-difera,
GH-03740,Cum verific automat diferențele dintre PDF și XML-ul e-Factura?,spv,publicat,,nu,verific-automat-diferentele-dintre-pdf,
GH-03741,Cum verific dacă factura din e-Factura este deja înregistrată în contabilitate?,spv,candidat,,nu,,
GH-03742,Cum evit înregistrarea de două ori a aceleiași facturi din e-Factura?,spv,publicat,,nu,evit-inregistrarea-doua-ori-aceleiasi,
GH-03743,Cum detectez facturile duplicate descărcate din SPV?,spv,publicat,,nu,detectez-facturile-duplicate-descarcate-spv,
GH-03744,Cum import automat facturile primite în contabilitate?,altele,publicat,,nu,import-automat-facturile-primite-contabilitate,
GH-03745,Cum import XML-ul e-Factura în programul de contabilitate?,spv,publicat,,nu,import-xml-ul-factura-programul,
GH-03746,Cum contabilizez automat facturile primite din e-Factura?,spv,asemanator,,nu,,descarc-automat-facturile-ro-factura
GH-03747,Cum generează programul contabil notele contabile din e-Factura?,spv,publicat,,nu,cum-genereaza-programul-contabil-notele-contabile-din-e-factura,
GH-03748,Cum verific conturile contabile propuse pentru facturile importate?,altele,candidat,,nu,,
GH-03749,Cum automatizez preluarea facturilor furnizorilor din SPV?,spv,publicat,,nu,automatizez-preluarea-facturilor-furnizorilor-spv,
GH-03750,Cum automatizez trimiterea facturilor emise în e-Factura?,spv,candidat,,nu,,
GH-03751,Cum verific ce facturi emise nu au fost încă trimise în SPV?,spv,publicat,,nu,verific-facturi-emise-fost-inca,
GH-03752,Cum verific ce facturi au fost respinse de e-Factura?,spv,publicat,,nu,verific-facturi-fost-respinse-factura,
GH-03753,Cum verific facturile aflate în așteptare la ANAF?,altele,publicat,,nu,verific-facturile-aflate-asteptare-anaf,
GH-03754,Cum verific dacă toate facturile lunii au ajuns în e-Factura?,spv,publicat,,nu,verific-facturile-lunii-ajuns-factura,
GH-03755,Cum reconciliez registrul de vânzări cu RO e-Factura?,spv,publicat,,nu,reconciliez-registrul-vanzari-ro-factura,
GH-03756,Cum reconciliez registrul de cumpărări cu RO e-Factura?,spv,publicat,,nu,reconciliez-registrul-cumparari-ro-factura,
GH-03757,Cum verific e-Factura cu D300?,tva,candidat,,nu,,
GH-03758,Cum verific e-Factura cu D394?,tva,candidat,,nu,,
GH-03759,Cum verific e-Factura cu balanța contabilă?,spv,asemanator,,nu,,verific-d390-balanta-contabila
GH-03760,Cum verific dacă o factură din SPV lipsește din jurnalul de cumpărări?,spv,candidat,,nu,,
GH-03761,Cum verific dacă o factură emisă lipsește din jurnalul de vânzări?,altele,candidat,,nu,,
GH-03762,Cum verific facturile primite după închiderea lunii?,altele,publicat,,nu,verific-facturile-primite-inchiderea-lunii,
GH-03763,Cum tratez o factură primită în e-Factura după depunerea D300?,tva,candidat,,nu,,
GH-03764,Cum tratez o factură din luna trecută descărcată în luna curentă?,altele,publicat,,nu,tratez-factura-luna-trecuta-descarcata,
GH-03765,Ce dată contează contabil pentru o factură primită prin e-Factura?,spv,candidat,,nu,,
GH-03766,Ce dată contează fiscal pentru o factură transmisă cu întârziere?,altele,candidat,,nu,,
GH-03767,Data încărcării în e-Factura schimbă exigibilitatea TVA?,tva,candidat,,nu,,
GH-03768,Data comunicării prin e-Factura schimbă dreptul de deducere a TVA?,tva,publicat,,nu,data-comunicarii-factura-schimba-dreptul,
GH-03769,Cum se tratează o factură din e-Factura la TVA la încasare?,tva,publicat,,nu,trateaza-factura-factura-tva-incasare,
GH-03770,Cum identific dacă furnizorul aplică TVA la încasare din factura electronică?,tva,publicat,,nu,identificare-furnizor-tva-la-incasare-factura-electronica,
GH-03771,Cum se transmite o factură cu TVA la încasare în e-Factura?,tva,publicat,,da,transmite-factura-tva-incasare-factura,
GH-03772,Cum se marchează taxarea inversă în e-Factura?,spv,publicat,,nu,marcheaza-taxarea-inversa-factura,
GH-03773,Cum emit o factură cu taxare inversă în RO e-Factura?,ic_ue,publicat,,nu,emit-factura-taxare-inversa-ro,
GH-03774,Cum se declară o factură cu taxare inversă în XML?,ic_ue,publicat,,nu,cum-se-declara-o-factura-cu-taxare-inversa-in-xml,
GH-03775,Cum emit o factură scutită de TVA în e-Factura?,tva,publicat,,nu,emit-factura-scutita-tva-factura,
GH-03776,Cum se indică motivul scutirii de TVA în XML-ul e-Factura?,tva,publicat,,nu,indica-motivul-scutirii-tva-xml,
GH-03777,Cum emit o factură cu mai multe cote de TVA în e-Factura?,tva,publicat,,nu,emit-factura-multe-cote-tva,
GH-03778,Cum emit o factură cu produse taxabile și scutite în același document?,altele,candidat,,nu,,
GH-03779,Cum se trece discountul pe factura electronică?,altele,publicat,,nu,trece-discountul-factura-electronica,
GH-03780,Cum se trece reducerea comercială în XML-ul e-Factura?,spv,candidat,,nu,,
GH-03781,Cum se trec taxele suplimentare în e-Factura?,spv,candidat,,nu,,
GH-03782,Cum se facturează transportul în RO e-Factura?,spv,asemanator,,nu,,factureaza-garantia-sgr-factura
GH-03783,Cum se facturează ambalajele cu garanție în e-Factura?,spv,publicat,,nu,factureaza-ambalajele-garantie-factura,
GH-03784,Cum se facturează garanția SGR în e-Factura?,spv,publicat,,nu,factureaza-garantia-sgr-factura,
GH-03785,Cum se emit facturi în valută prin RO e-Factura?,casierie,asemanator,,nu,,emit-facturi-recurente-ro-factura
GH-03786,Ce curs valutar se folosește pentru factura în valută din e-Factura?,casierie,candidat,,nu,,
GH-03787,Cum se declară TVA în lei pe o factură în euro în e-Factura?,tva,candidat,,nu,,
GH-03788,Pot emite e-Factura în euro către un client din România?,spv,publicat,,nu,emite-factura-euro-client-romania,
GH-03789,Cum se rotunjesc valorile în XML-ul e-Factura?,spv,candidat,,nu,,
GH-03790,De ce apar diferențe de un ban la validarea e-Factura?,spv,publicat,,nu,apar-diferente-ban-validarea-factura,
GH-03791,Cum corectez erorile de rotunjire din XML-ul e-Factura?,spv,publicat,,nu,corectez-erorile-rotunjire-xml-ul,
GH-03792,Ce înseamnă eroarea de totaluri în RO e-Factura?,spv,asemanator,,nu,,inseamna-factura-curs-procesare-ro
GH-03793,Ce înseamnă eroarea de cod TVA în e-Factura?,tva,publicat,,nu,inseamna-eroarea-cod-tva-factura,
GH-03794,Ce înseamnă eroarea de identificare a cumpărătorului în e-Factura?,spv,publicat,,nu,inseamna-eroarea-identificare-cumparatorului-factura,
GH-03795,Ce înseamnă eroarea de unitate de măsură în e-Factura?,spv,asemanator,,nu,,inseamna-eroarea-cod-tva-factura
GH-03796,Ce coduri de unități de măsură se folosesc în e-Factura?,spv,publicat,,nu,coduri-unitati-masura-folosesc-factura,
GH-03797,Ce coduri de TVA se folosesc în XML-ul e-Factura?,tva,publicat,,nu,coduri-tva-folosesc-xml-ul,
GH-03798,Ce înseamnă codurile de scutire TVA din e-Factura?,tva,publicat,,nu,inseamna-codurile-scutire-tva-factura,
GH-03799,Cum aleg codul corect de scutire pentru factura electronică?,altele,publicat,,nu,aleg-codul-corect-scutire-factura,
GH-03800,"Ce fac dacă XML-ul este valid sintactic, dar factura are date fiscale greșite?",greseli,candidat,,nu,,
GH-03801,Cum verific XML-ul e-Factura înainte de transmitere?,spv,publicat,,nu,verific-xml-ul-factura-inainte,
GH-03802,Cum validez o factură cu validatorul ANAF?,altele,candidat,,nu,,
GH-03803,Cum verific dacă XML-ul respectă standardul RO_CIUS?,altele,publicat,,nu,verific-xml-ul-respecta-standardul,
GH-03804,Ce este RO_CIUS și de ce contează la e-Factura?,spv,publicat,,nu,ro-cius-conteaza-factura,
GH-03805,Ce versiune RO_CIUS se folosește în 2026?,altele,publicat,,nu,versiune-ro-cius-foloseste-2026,
GH-03806,Cum aflu dacă ANAF a schimbat schema XML pentru e-Factura?,spv,publicat,,nu,aflu-anaf-schimbat-schema-xml,
GH-03807,Ce fac dacă o actualizare ANAF blochează transmiterea facturilor?,altele,candidat,,nu,,
GH-03808,Cum tratez facturile când SPV sau e-Factura nu funcționează?,spv,publicat,,nu,tratez-facturile-spv-factura-functioneaza,
GH-03809,Ce fac dacă sistemul RO e-Factura este indisponibil în ultima zi de transmitere?,spv,publicat,,nu,sistemul-ro-factura-indisponibil-ultima,
GH-03810,Cum dovedesc că e-Factura nu a funcționat când trebuia să transmit factura?,spv,candidat,,nu,,
GH-03811,Se prelungește termenul dacă sistemul ANAF este indisponibil?,control_fiscal,publicat,,nu,prelungeste-termenul-sistemul-anaf-indisponibil,
GH-03812,Cum verific perioadele de indisponibilitate publicate de ANAF?,altele,publicat,,nu,verific-perioadele-indisponibilitate-publicate-anaf,
GH-03813,Ce documente păstrez pentru a demonstra transmiterea facturii în termen?,control_fiscal,publicat,,nu,documente-pastrez-demonstra-transmiterea-facturii,
GH-03814,Trebuie arhivate XML-urile facturilor electronice?,altele,candidat,,nu,,
GH-03815,Cât timp trebuie păstrate facturile din RO e-Factura?,spv,candidat,,nu,,
GH-03816,Este suficientă arhiva ANAF pentru păstrarea facturilor?,altele,candidat,,nu,,
GH-03817,Cum arhivez local facturile primite și trimise prin e-Factura?,spv,publicat,,nu,arhivez-local-facturile-primite-trimise,
GH-03818,Trebuie păstrat și PDF-ul sau este suficient XML-ul?,altele,publicat,,nu,pastrat-pdf-ul-suficient-xml,
GH-03819,Cum organizez arhiva e-Factura pentru un control ANAF?,spv,candidat,,nu,,
GH-03820,Cum găsesc rapid o factură veche în arhiva e-Factura?,spv,publicat,,nu,gasesc-rapid-factura-veche-arhiva,
GH-03821,Cum caut o factură în SPV după număr?,spv,publicat,,nu,caut-factura-spv-numar,
GH-03822,Cum caut facturile unui anumit furnizor în e-Factura?,spv,publicat,,nu,caut-facturile-anumit-furnizor-factura,
GH-03823,Cum identific factura după indexul de încărcare ANAF?,altele,candidat,,nu,,
GH-03824,Ce este indexul de încărcare în RO e-Factura?,spv,candidat,,nu,,
GH-03825,Ce este ID-ul de descărcare din e-Factura?,spv,publicat,,nu,id-ul-descarcare-factura,
GH-03826,Cum verific statusul unei facturi după indexul de încărcare?,altele,publicat,,nu,verific-statusul-facturi-indexul-incarcare,
GH-03827,Cum demonstrez clientului că factura a fost transmisă în e-Factura?,spv,candidat,,nu,,
GH-03828,Trebuie să mai trimit clientului factura pe e-mail?,altele,candidat,,nu,,
GH-03829,Pot trimite PDF-ul clientului înainte de validarea în e-Factura?,spv,publicat,,nu,trimite-pdf-ul-clientului-inainte,
GH-03830,Când se consideră comunicată factura către client?,altele,candidat,,nu,,
GH-03831,Poate clientul refuza o factură transmisă prin RO e-Factura?,spv,publicat,,nu,clientul-refuza-factura-transmisa-ro,
GH-03832,Cum contestă clientul o factură greșită primită în e-Factura?,spv,candidat,,nu,,
GH-03833,Există buton de refuz al facturii în RO e-Factura?,spv,publicat,,nu,exista-buton-refuz-facturii-ro,
GH-03834,Cum se corectează o factură refuzată comercial de client?,altele,candidat,,nu,,
GH-03835,Cum tratez o factură primită pentru bunuri pe care nu le-am cumpărat?,altele,candidat,,nu,,
GH-03836,Ce fac dacă primesc în e-Factura o factură emisă abuziv pe firma mea?,spv,candidat,,nu,,
GH-03837,Cum contabilizez o factură contestată primită prin e-Factura?,spv,publicat,,nu,contabilizez-factura-contestata-primita-factura,
GH-03838,Ce fac dacă primesc aceeași factură de două ori cu XML-uri diferite?,altele,publicat,,nu,primesc-aceeasi-factura-doua-ori,
GH-03839,Cum identific versiunea corectă a unei facturi rectificate?,altele,candidat,,nu,,
GH-03840,Cum se leagă factura storno de factura inițială în XML?,altele,publicat,,nu,cum-se-leaga-factura-storno-de-factura-initiala-in-xml,
GH-03841,Cum se menționează factura inițială într-o factură de corecție?,altele,candidat,,nu,,
GH-03842,Cum emit e-Factura pentru servicii cu plată în avans?,spv,candidat,,nu,,
GH-03843,Cum emit facturi recurente prin RO e-Factura?,spv,publicat,,nu,emit-facturi-recurente-ro-factura,
GH-03844,Cum automatizez facturarea lunară și transmiterea în SPV?,spv,publicat,,nu,automatizez-facturarea-lunara-transmiterea-spv,
GH-03845,Cum emit automat sute de facturi în RO e-Factura?,spv,publicat,,nu,emit-automat-sute-facturi-ro,
GH-03846,Cum gestionez e-Factura pentru un magazin online?,spv,publicat,,nu,gestionez-factura-magazin-online,
GH-03847,Cum transmit facturile unui magazin online în e-Factura?,spv,publicat,,nu,transmit-facturile-magazin-online-factura,
GH-03848,Cum gestionez e-Factura pentru comenzile ramburs?,spv,candidat,,nu,,
GH-03849,Cum corelez plata ramburs cu factura din e-Factura?,spv,candidat,,nu,,
GH-03850,Cum gestionez retururile unui magazin online în e-Factura?,spv,publicat,,nu,gestionez-retururile-magazin-online-factura,
GH-03851,Cum emit storno pentru un retur din e-commerce?,altele,publicat,,nu,emit-storno-retur-commerce,
GH-03852,Cum gestionez e-Factura pentru marketplace-uri?,spv,candidat,,nu,,
GH-03853,Cine transmite e-Factura când vând prin eMAG Marketplace?,spv,publicat,,nu,transmite-factura-vand-emag-marketplace,
GH-03854,Cum se facturează comisionul unui marketplace în e-Factura?,spv,candidat,,nu,,
GH-03855,Cum gestionez facturile pentru vânzări prin platforme online?,altele,candidat,,nu,,
GH-03856,Cum emit e-Factura pentru abonamente?,spv,publicat,,nu,emit-factura-abonamente,
GH-03857,Cum emit e-Factura pentru chirii?,spv,publicat,,nu,emit-factura-chirii,
GH-03858,Cum emit e-Factura pentru servicii de consultanță?,spv,asemanator,,nu,,emit-factura-servicii-transport
GH-03859,Cum emit e-Factura pentru servicii IT?,spv,asemanator,,nu,,emit-factura-servicii-transport
GH-03860,Cum emit e-Factura pentru servicii medicale?,spv,asemanator,,nu,,emit-factura-servicii-transport
GH-03861,Cum emit e-Factura pentru servicii de transport?,spv,publicat,,nu,emit-factura-servicii-transport,
GH-03862,Cum emit e-Factura pentru construcții?,spv,asemanator,,nu,,emit-factura-abonamente
GH-03863,Cum emit e-Factura pentru avansuri și situații de lucrări?,spv,candidat,,nu,,
GH-03864,Cum emit e-Factura pentru vânzarea unui mijloc fix,mijloace_fixe,candidat,,nu,,
GH-03865,e-Factura 2026: cine este obligat să o folosească,spv,candidat,,da,,
GH-03866,Se mai poate emite factură pe hârtie în 2026,altele,publicat,,nu,emite-factura-hartie-2026,
GH-03867,e-Factura obligatorie pentru toate firmele în 2026: ce trebuie să știu,spv,publicat,,nu,factura-obligatorie-firmele-2026-stiu,
GH-03868,PFA și e-Factura 2026: de la ce dată e obligatorie,pfa,candidat,,nu,,
GH-03869,Întreprinderea individuală și facturarea electronică 2026,pfa,publicat,,nu,intreprinderea-individuala-facturarea-electronica-2026,
GH-03870,Cum mă înscriu în SPV ca să folosesc e-Factura,spv,candidat,,nu,,
GH-03871,Obligația de a primi facturi prin SPV 2026,spv,candidat,,nu,,
GH-03872,Cum activez accesul la e-Factura în SPV,spv,publicat,,nu,activez-accesul-factura-spv,
GH-03873,e-Factura pentru firmele neplătitoare de TVA 2026,tva,publicat,,nu,factura-firmele-neplatitoare-tva-2026,
GH-03874,Firma micro și e-Factura obligatorie 2026: ce se aplică,spv,candidat,,nu,,
GH-03875,Factura simplificată în e-Factura: cum se transmite,spv,publicat,,da,factura-simplificata-factura-transmite,
GH-03876,e-Factura B2B 2026: obligații și termen de transmitere,spv,publicat,,nu,factura-b2b-2026-obligatii-termen,
GH-03877,e-Factura B2C către persoane fizice: este obligatorie,spv,publicat,,nu,factura-b2c-persoane-fizice-obligatorie,
GH-03878,Cum transmit factura către o persoană fizică prin SPV,spv,publicat,,nu,transmit-factura-persoana-fizica-spv,
GH-03879,Termenul de transmitere a facturii în e-Factura,spv,publicat,,da,termenul-transmitere-facturii-factura,
GH-03880,Cât timp am să transmit o factură în e-Factura,spv,candidat,,nu,,
GH-03881,Am depus e-Factura cu întârziere: ce amendă risc,spv,candidat,,nu,,
GH-03882,Amenda pentru netransmiterea în e-Factura: cât este 2026,spv,candidat,,nu,,
GH-03883,Sancțiuni pentru facturi emise fără e-Factura în 2026,spv,publicat,,nu,sanctiuni-facturi-emise-factura-2026,
GH-03884,Cum se aplică amenzile la e-Factura pentru firmele mici,spv,candidat,,nu,,
GH-03885,Cum corectez o factură transmisă greșit în e-Factura,spv,publicat,,nu,corectez-factura-transmisa-gresit-factura,
GH-03886,Stornarea unei facturi în e-Factura: procedura corectă,spv,publicat,,nu,stornarea-facturi-factura-procedura-corecta,
GH-03887,Cum se face o notă de credit în e-Factura,spv,candidat,,nu,,
GH-03888,e-Factura rectificativă: când și cum o emt,spv,asemanator,,nu,,e-factura-rectificativa-cand-si-cum-o-emiti
GH-03889,Cum emit o factură de corecție în e-Factura,spv,publicat,,nu,emit-factura-corectie-factura,
GH-03890,Am transmis o factură cu date greșite: cum procedez,greseli,candidat,,nu,,
GH-03891,e-Factura respinsă de SPV: motive frecvente,spv,publicat,,nu,factura-respinsa-spv-motive-frecvente,
GH-03892,De ce mi-a fost respinsă factura în e-Factura,spv,publicat,,nu,fost-respinsa-factura-factura-2,
GH-03893,Erori frecvente la validarea în e-Factura,spv,candidat,,nu,,
GH-03894,Cum retransmit o factură respinsă de ANAF,altele,publicat,,nu,retransmit-factura-respinsa-anaf,
GH-03895,Formatul XML pentru e-Factura: schema obligatorie 2026,spv,publicat,,nu,formatul-xml-factura-schema-obligatorie,
GH-03896,Cum validez un fișier XML pentru e-Factura,spv,candidat,,nu,,
GH-03897,Cum semnez electronic factura înainte de transmitere,altele,publicat,,nu,mnez-electronic-factura-inainte-transmitere,
GH-03898,Certificatul digital pentru e-Factura: ce fel folosesc,spv,candidat,,nu,,
GH-03899,Se poate folosi tokenul bancar pentru e-Factura,spv,candidat,,nu,,
GH-03900,Cum obțin un certificat calificat pentru e-Factura,spv,publicat,,nu,obtin-certificat-calificat-factura,
GH-03901,Rolul și persoana împuternicită în e-Factura,spv,publicat,,nu,rolul-persoana-imputernicita-factura,
GH-03902,Cum deleg accesul la e-Factura către contabil,spv,publicat,,nu,deleg-accesul-factura-contabil,
GH-03903,Împuternicirea pentru SPV: cum o fac corect,spv,asemanator,,nu,,imputernicirea-spv-corect
GH-03904,Cum adaug un user nou în SPV pentru e-Factura,spv,publicat,,nu,adaug-user-nou-spv-factura,
GH-03905,Diferența între SPV și e-Factura: ce e fiecare,spv,candidat,,nu,,
GH-03906,Ce este SPV și cum mă înregistrez în 2026,spv,publicat,,nu,spv-ma-inregistrez-2026,
GH-03907,Cum mă înregistrez pentru prima dată în SPV,spv,asemanator,,nu,,ma-inscriu-spv-prima-data
GH-03908,Documentele pentru înscrierea în SPV,spv,candidat,,nu,,
GH-03909,SPV pentru PFA: cum se activează,pfa,publicat,,nu,spv-pfa-activeaza,
GH-03910,SPV pentru SRL nou înființat: pași 2026,spv,publicat,,nu,spv-srl-nou-infiintat-pasi,
GH-03911,Am pierdut accesul la SPV: cum îl recuperez,spv,asemanator,,nu,,pierdut-accesul-cont-spv-recuperez
GH-03912,Cum resetez parola în SPV,spv,publicat,,nu,resetez-parola-spv,
GH-03913,Probleme de logare în SPV: ce fac,spv,candidat,,nu,,
GH-03914,Cum văd facturile primite în SPV,spv,publicat,,nu,vad-facturile-primite-spv,
GH-03915,Descărcarea facturilor primite din e-Factura,spv,publicat,,nu,descarcarea-facturilor-primite-factura,
GH-03916,Cum descarc facturile în masă din SPV,spv,publicat,,nu,descarc-facturile-masa-spv (+1 dubluri),
GH-03917,Arhivarea facturilor electronice: obligații 2026,altele,candidat,,nu,,
GH-03918,Termenul de păstrare a facturilor electronice,control_fiscal,candidat,,nu,,
GH-03919,Cum gestionez facturile primite prin e-Factura în contabilitate,spv,publicat,,nu,gestionez-facturile-primite-factura-contabilitate,
GH-03920,Importul facturilor din SPV în programul de contabilitate,spv,candidat,,nu,,
GH-03921,e-Factura și decontul de TVA: cum se leagă,tva,publicat,,nu,factura-decontul-tva-leaga,
GH-03922,Cum corelez e-Factura cu D394 în 2026,tva,candidat,,nu,,
GH-03923,e-Factura și D300: ce verific înainte de depunere,tva,candidat,,nu,,
GH-03924,Se mai depune D394 dacă folosesc e-Factura,tva,publicat,,nu,depune-d394-folosesc-factura,
GH-03925,Cum raportez facturile de la furnizori neînregistrați în e-Factura,spv,candidat,,nu,,
GH-03926,Am primit o factură de la un furnizor care nu e în e-Factura,spv,candidat,,nu,,
GH-03927,Furnizorul nu a transmis factura în e-Factura: ce fac,spv,publicat,,nu,furnizorul-transmis-factura-factura,
GH-03928,Cum reclam lipsa unei facturi în e-Factura,spv,candidat,,nu,,
GH-03929,Am primit factură pe hârtie de la un furnizor în 2026: legal,altele,candidat,,nu,,
GH-03930,e-Factura pentru servicii intracomunitare: cum se transmite,ic_ue,asemanator,,da,,factura-servicii-intracomunitare-transmite-factura
GH-03931,Factura pentru livrări intracomunitare în e-Factura,ic_ue,publicat,,nu,factura-livrari-intracomunitare-factura,
GH-03932,Cum transmit o factură către un client din UE în e-Factura,spv,publicat,,nu,transmit-factura-client-ue-factura,
GH-03933,e-Factura pentru export: ce mențiuni,spv,publicat,,nu,factura-export-mentiuni,
GH-03934,e-Factura pentru importul de servicii din afara UE,spv,publicat,,nu,factura-importul-servicii-afara-ue,
GH-03935,Taxare inversă în e-Factura: cum se reflectă,ic_ue,publicat,,nu,taxare-inversa-factura-reflecta,
GH-03936,Cum se marchează taxarea inversă în fișierul e-Factura,spv,publicat,,nu,marcheaza-taxarea-inversa-fisierul-factura-2 (+1 dubluri),
GH-03937,e-Factura pentru operațiuni triunghiulare,spv,publicat,,nu,factura-operatiuni-triunghiulare,
GH-03938,e-Factura pentru vânzări online în UE,spv,candidat,,nu,,
GH-03939,Facturare electronică OSS și e-Factura: cum se corelează,spv,candidat,,nu,,
GH-03940,e-Factura pentru livrări scutite: ce cod folosesc,spv,publicat,,nu,factura-livrari-scutite-cod-folosesc,
GH-03941,Cum se transmite o factură cu TVA 0 în e-Factura,tva,publicat,,nu,transmite-factura-tva-0-factura,
GH-03942,e-Factura pentru avansuri încasate,spv,publicat,,nu,e-factura-pentru-avansuri-incasate,
GH-03943,Cum emit factura de avans în e-Factura,spv,asemanator,,nu,,emit-factura-corectie-factura
GH-03944,e-Factura pentru decontări periodice,spv,candidat,,nu,,
GH-03945,Factura recapitulativă în e-Factura: se poate,spv,asemanator,,nu,,factura-centralizatoare-recapitulativa-factura
GH-03946,e-Factura în regim de autofacturare: cum procedez,spv,publicat,,nu,factura-regim-autofacturare-procedez,
GH-03947,Autofactura în e-Factura: obligații și format,spv,candidat,,nu,,
GH-03948,e-Factura pentru facturile emise de un terț,spv,candidat,,nu,,
GH-03949,Cum transmit factura emisă de altcineva în numele meu,altele,publicat,,nu,transmit-factura-emisa-altcineva-numele,
GH-03950,e-Factura la firma cu mai multe puncte de lucru,spv,publicat,,nu,factura-firma-multe-puncte-lucru,
GH-03951,Cum gestionez mai multe CUI-uri în e-Factura,spv,candidat,,nu,,
GH-03952,e-Factura pentru o firmă cu activitate sezonieră,spv,candidat,,nu,,
GH-03953,e-Factura la PFA cu activitate suspendată,pfa,candidat,,nu,,
GH-03954,e-Factura pentru firmele în insolvență,spv,candidat,,nu,,
GH-03955,e-Factura la o firmă în lichidare,spv,publicat,,nu,factura-firma-lichidare,
GH-03956,Cum se transmite ultima factură a unei firme radiate,altele,candidat,,nu,,
GH-03957,e-Factura după radierea firmei: se mai poate,spv,publicat,,nu,factura-radierea-firmei,
GH-03958,e-Factura și facturile din perioada de inactivitate,spv,candidat,,nu,,
GH-03959,Cum procedez cu facturile emise înainte de obligativitate,altele,candidat,,nu,,
GH-03960,e-Factura pentru facturile din anii anteriori,spv,publicat,,nu,factura-facturile-anii-anteriori,
GH-03961,Regularizarea facturilor vechi prin e-Factura,spv,publicat,,nu,regularizarea-facturilor-vechi-factura,
GH-03962,e-Factura și bonurile fiscale: diferențe,spv,candidat,,nu,,
GH-03963,Când e obligatorie factura și când e suficient bonul,altele,asemanator,,nu,,obligatorie-factura-suficient-bonul-fiscal
GH-03964,Factura fiscală vs factura electronică,altele,publicat,,nu,factura-fiscala-vs-factura-electronica,
GH-03965,e-Factura pentru încasări cu cardul: cum se emite,spv,publicat,,nu,factura-incasari-cardul-emite,
GH-03966,Cum se emite factura la cererea clientului prin e-Factura,spv,publicat,,nu,emite-factura-cererea-clientului-factura-2 (+1 dubluri),
GH-03967,Identificarea clientului în e-Factura: CUI sau CNP,spv,candidat,,nu,,
GH-03968,Client persoană fizică în e-Factura: ce date completez,spv,candidat,,nu,,
GH-03969,Cum completez adresa clientului în e-Factura,spv,candidat,,nu,,
GH-03970,Date obligatorii pe factura electronică 2026,altele,publicat,,da,date-obligatorii-factura-electronica-2026,
GH-03971,Mențiunile obligatorii în fișierul e-Factura,spv,publicat,,nu,mentiunile-obligatorii-fisierul-factura,
GH-03972,Cum se reflectă discountul în e-Factura,spv,asemanator,,nu,,taxare-inversa-factura-reflecta
GH-03973,Reducerea comercială pe factură în e-Factura,spv,candidat,,nu,,
GH-03974,e-Factura pentru facturarea în valută,casierie,publicat,,nu,factura-facturarea-valuta,
GH-03975,Cum se înregistrează cursul valutar pe factura electronică,casierie,candidat,,nu,,
GH-03976,e-Factura cu TVA la încasare: cum se transmite,tva,publicat,,da,factura-tva-incasare-transmite,
GH-03977,Factura în regim TVA la încasare în e-Factura,tva,publicat,,nu,factura-regim-tva-incasare-factura,
GH-03978,Cum se corectează o factură cu TVA la încasare,tva,publicat,,nu,corecteaza-factura-tva-incasare,
GH-03979,e-Factura pentru facturi sub 100 de euro,spv,candidat,,nu,,
GH-03980,Factura simplificată în e-Factura: plafon,spv,candidat,,nu,,
GH-03981,e-Factura pentru facturarea către bugetul de stat,spv,publicat,,nu,factura-facturarea-bugetul-stat,
GH-03982,Cum transmit factura către instituții publice,altele,publicat,,nu,transmit-factura-institutii-publice,
GH-03983,e-Factura în relația cu primăriile: obligații,spv,publicat,,nu,factura-relatia-primariile-obligatii,
GH-03984,Factura pentru achiziții publice în e-Factura,spv,candidat,,nu,,
GH-03985,e-Factura și SEAP: cum se leagă,spv,asemanator,,nu,,factura-decontul-tva-leaga
GH-03986,Cum transmit o factură pentru o achiziție publică,altele,publicat,,nu,transmit-factura-achizitie-publica,
GH-03987,e-Factura la firmele care lucrează cu instituții de stat,spv,candidat,,nu,,
GH-03988,e-Factura pentru decontarea cheltuielilor de deplasare,spv,publicat,,nu,factura-decontarea-cheltuielilor-deplasare,
GH-03989,Cum se justifică un avans prin e-Factura,spv,candidat,,nu,,
GH-03990,Integrarea e-Factura cu programul de gestiune,stocuri,publicat,,nu,integrarea-factura-programul-gestiune,
GH-03991,Cum conectez sistemul meu la e-Factura prin API,spv,publicat,,nu,conectez-sistemul-factura-api,
GH-03992,API-ul e-Factura: ce permit și cum se folosesc,spv,publicat,,nu,api-ul-factura-permit-folosesc,
GH-03993,Cum automatizez descărcarea facturilor din SPV,spv,asemanator,,nu,,automatizez-preluarea-facturilor-furnizorilor-spv
GH-03994,Programe care se conectează la e-Factura: cum aleg,spv,publicat,,nu,programe-conecteaza-factura-aleg,
GH-03995,Cum trimit facturi automat în e-Factura,spv,publicat,,nu,trimit-facturi-automat-factura,
GH-03996,Rolul middleware-ului între ERP și e-Factura,spv,candidat,,nu,,
GH-03997,Cum verific dacă factura a ajuns la destinatar în e-Factura,spv,publicat,,nu,verific-factura-ajuns-destinatar-factura,
GH-03998,Statusul facturii în e-Factura: ce înseamnă fiecare,spv,publicat,,nu,statusul-facturii-factura-inseamna-fiecare,
GH-03999,Termenul de validare a facturii în SPV,spv,candidat,,nu,,
GH-04000,Cum aflu dacă clientul a primit factura electronică,altele,publicat,,nu,aflu-clientul-primit-factura-electronica,
GH-04001,Notificările din SPV: cum le gestionez,spv,publicat,,nu,notificarile-spv-gestionez,
GH-04002,Cum primesc alerte pentru facturile primite în SPV,spv,publicat,,nu,primesc-alerte-facturile-primite-spv,
GH-04003,Raportul de facturi transmise și primite din e-Factura,spv,candidat,,nu,,
GH-04004,Cum generez un raport lunar din e-Factura,spv,candidat,,nu,,
GH-04005,Extragerea datelor din e-Factura pentru analiză,spv,candidat,,nu,,
GH-04006,Statistici și controale interne folosind e-Factura,spv,candidat,,nu,,
GH-04007,Cum evit blocarea contului SPV în perioada de vârf,spv,candidat,,nu,,
GH-04008,Cele mai frecvente erori XML și cum le rezolv,altele,publicat,,nu,frecvente-erori-xml-rezolv,
GH-04009,Probleme la semnarea electronică a facturii,altele,candidat,,nu,,
GH-04010,De ce nu se descarcă factura din SPV,spv,publicat,,nu,descarca-factura-spv,
GH-04011,Eroare de conexiune la SPV: ce fac,spv,candidat,,nu,,
GH-04012,Cum depun o reclamație legată de e-Factura,spv,candidat,,nu,,
GH-04013,Suport tehnic pentru e-Factura: unde apelez,spv,publicat,,nu,suport-tehnic-factura-apelez,
GH-04014,Ghid practic e-Factura pentru contabili 2026,spv,candidat,,nu,,
GH-04015,Tutorial e-Factura pas cu pas pentru începători,spv,candidat,,nu,,
GH-04016,Cum fac prima factură în e-Factura,spv,publicat,,nu,prima-factura-factura,
GH-04017,Cum testez transmisia în e-Factura înainte de termen,spv,candidat,,nu,,
GH-04018,Mediu de test pentru e-Factura: se poate,spv,candidat,,nu,,
GH-04019,e-Factura și e-Transport: ce legătură există,spv,publicat,,nu,factura-transport-legatura-exista,
GH-04020,e-Transport 2026: obligații pentru firme,altele,candidat,,nu,,
GH-04021,Cum se leagă e-Factura cu RO e-Transport,spv,publicat,,nu,leaga-factura-ro-transport,
GH-04022,e-TVA 2026: decont precompletat și corelarea cu e-Factura,tva,candidat,,nu,,
GH-04023,Cum verific decontul precompletat e-TVA,tva,publicat,,nu,verific-decontul-precompletat-tva,
GH-04024,Raportul e-TVA și explicarea diferențelor,tva,candidat,,nu,,
GH-04025,Cum răspund la o notificare de conformare e-TVA,tva,asemanator,,nu,,raspund-notificare-conformare
GH-04026,"Noutăți 2026 la digitalizarea ANAF: e-Factura, e-TVA, e-Transport",tva,publicat,,nu,noutati-2026-digitalizarea-anaf-factura,
GH-04027,Ce se schimbă la e-Factura în 2026,spv,publicat,,nu,schimba-factura-2026,
GH-04028,e-Factura 500: erori de server SPV și cum le tratez,spv,publicat,,nu,factura-500-erori-server-spv,
GH-04029,Cum pregătesc firma pentru controalele privind e-Factura,spv,publicat,,nu,pregatesc-firma-controalele-privind-factura,
GH-04030,Control ANAF pe e-Factura: ce verifică,spv,publicat,,nu,control-anaf-factura-verifica,
GH-04031,Notificare ANAF despre facturi netransmise: cum răspund,control_fiscal,publicat,,nu,notificare-anaf-facturi-netransmise-raspund,
GH-04032,Contestația la amenda pentru e-Factura: procedura,spv,candidat,,nu,,
GH-04033,Puncte de vedere ANAF despre e-Factura 2026,spv,asemanator,,nu,,puncte-vedere-anaf-salarizare-2026
GH-04034,Checklist de conformare e-Factura pentru firme mici,spv,publicat,,nu,checklist-conformare-factura-firme-mici,
GH-04035,Cum formez angajații pentru e-Factura,spv,candidat,,nu,,
GH-04036,Costuri și beneficii ale trecerii la factura electronică,altele,candidat,,nu,,
GH-04037,Cum digitalizez facturarea fără costuri mari,altele,publicat,,nu,digitalizez-facturarea-costuri-mari,
GH-04038,e-Factura pentru contabili: ghid de buzunar 2026,spv,candidat,,nu,,
GH-04039,Cine trebuie să depună D406 SAF-T în 2026?,declaratii_speciale,candidat,,nu,,
GH-04040,Ce firme sunt obligate să depună SAF-T în 2026?,declaratii_speciale,candidat,,nu,,
GH-04041,Un SRL micro trebuie să depună D406 SAF-T în 2026?,declaratii_speciale,candidat,,nu,,
GH-04042,O firmă plătitoare de impozit pe profit trebuie să depună SAF-T?,declaratii_speciale,publicat,,nu,firma-platitoare-impozit-profit-depuna,
GH-04043,Un SRL neplătitor de TVA trebuie să depună D406?,declaratii_speciale,asemanator,,nu,,srl-neplatitor-tva-depuna-d301
GH-04044,O firmă fără salariați trebuie să depună SAF-T?,declaratii_speciale,candidat,,nu,,
GH-04045,O firmă fără activitate trebuie să depună D406?,declaratii_speciale,candidat,,nu,,
GH-04046,O firmă cu activitatea suspendată trebuie să depună SAF-T?,declaratii_speciale,candidat,,nu,,
GH-04047,Un PFA trebuie să depună D406 SAF-T?,declaratii_speciale,candidat,,nu,,
GH-04048,O întreprindere individuală trebuie să depună SAF-T?,declaratii_speciale,publicat,,nu,intreprindere-individuala-depuna-saft,
GH-04049,Un ONG trebuie să depună D406?,declaratii_speciale,publicat,,nu,ong-depuna-d406,
GH-04050,O asociație trebuie să depună SAF-T?,declaratii_speciale,asemanator,,nu,,intreprindere-individuala-depuna-saft
GH-04051,O fundație trebuie să depună D406?,declaratii_speciale,candidat,,nu,,
GH-04052,O societate pe acțiuni trebuie să depună SAF-T?,declaratii_speciale,candidat,,nu,,
GH-04053,O firmă nou-înființată trebuie să depună SAF-T din prima lună?,declaratii_speciale,publicat,,nu,firma-nou-infiintata-depuna-saft,
GH-04054,De când apare obligația SAF-T pentru o firmă nouă?,declaratii_speciale,candidat,,nu,,
GH-04055,Cum verific dacă firma mea are obligația depunerii D406?,declaratii_speciale,candidat,,nu,,
GH-04056,Care este termenul de depunere a D406 în 2026?,declaratii_speciale,publicat,,nu,termenul-depunere-d406-2026,
GH-04057,D406 se depune lunar sau trimestrial?,declaratii_speciale,asemanator,,nu,,d390-se-depune-lunar-sau-trimestrial
GH-04058,Cine depune SAF-T lunar?,declaratii_speciale,candidat,,nu,,
GH-04059,Cine depune SAF-T trimestrial?,declaratii_speciale,candidat,,nu,,
GH-04060,Perioada de raportare SAF-T este aceeași cu perioada fiscală pentru TVA?,declaratii_speciale,candidat,,nu,,
GH-04061,Un plătitor trimestrial de TVA depune SAF-T trimestrial?,declaratii_speciale,candidat,,nu,,
GH-04062,Un neplătitor de TVA depune SAF-T lunar sau trimestrial?,declaratii_speciale,candidat,,nu,,
GH-04063,Ce se întâmplă cu perioada SAF-T dacă firma trece de la TVA trimestrial la lunar?,declaratii_speciale,asemanator,,nu,,perioada-saft-firma-trece-tva
GH-04064,Cum se depune prima declarație D406?,declaratii_speciale,candidat,,nu,,
GH-04065,Ce informații trebuie să conțină fișierul SAF-T?,declaratii_speciale,asemanator,,nu,,informatii-contina-saft-active
GH-04066,Ce module sunt incluse în D406 SAF-T?,declaratii_speciale,candidat,,nu,,
GH-04067,Ce date contabile se raportează prin SAF-T?,declaratii_speciale,candidat,,nu,,
GH-04068,Ce conturi contabile se raportează în D406?,declaratii_speciale,publicat,,nu,conturi-contabile-raporteaza-d406,
GH-04069,Trebuie raportate toate conturile din balanță în SAF-T?,declaratii_speciale,publicat,,nu,trebuie-raportate-toate-conturile-din-balanta-in-saf-t,
GH-04070,Cum se mapează planul de conturi în SAF-T?,declaratii_speciale,publicat,,nu,cum-se-mapeaza-planul-de-conturi-in-saf-t,
GH-04071,Ce faci dacă un cont contabil nu are corespondent în nomenclatorul SAF-T?,declaratii_speciale,publicat,,nu,cont-contabil-corespondent-nomenclatorul-saft,
GH-04072,Cum se verifică maparea conturilor pentru D406?,declaratii_speciale,publicat,,nu,verifica-maparea-conturilor-d406,
GH-04073,Cum se corectează un cont mapat greșit în SAF-T?,declaratii_speciale,publicat,,nu,corecteaza-cont-mapat-gresit-saft,
GH-04074,Ce nomenclatoare ANAF se folosesc pentru SAF-T în 2026?,declaratii_speciale,publicat,,nu,nomenclatoare-anaf-folosesc-saft-2026,
GH-04075,Cum se actualizează nomenclatoarele SAF-T?,declaratii_speciale,candidat,,nu,,
GH-04076,Ce se întâmplă dacă ANAF modifică schema SAF-T?,declaratii_speciale,publicat,,nu,intampla-anaf-modifica-schema-saft,
GH-04077,Cum verific ce versiune a schemei SAF-T este valabilă?,declaratii_speciale,publicat,,nu,verific-versiune-schemei-saft-valabila,
GH-04078,Cum se generează XML-ul D406?,declaratii_speciale,publicat,,nu,genereaza-xml-ul-d406,
GH-04079,Cum se validează fișierul D406 înainte de depunere?,declaratii_speciale,publicat,,nu,valideaza-fisierul-d406-inainte-depunere,
GH-04080,Cum se folosește DUKIntegrator pentru SAF-T?,declaratii_speciale,candidat,,nu,,
GH-04081,De ce nu se validează fișierul D406?,declaratii_speciale,publicat,,nu,valideaza-fisierul-d406,
GH-04082,Cum repar erorile de validare SAF-T?,declaratii_speciale,publicat,,nu,repar-erorile-validare-saft,
GH-04083,Ce înseamnă eroare de structură în D406?,declaratii_speciale,candidat,,nu,,
GH-04084,Ce înseamnă eroare de mapare în SAF-T?,declaratii_speciale,candidat,,nu,,
GH-04085,Ce înseamnă eroare de tax code în D406?,declaratii_speciale,candidat,,nu,,
GH-04086,Cum aleg codul de taxă corect în SAF-T?,declaratii_speciale,publicat,,nu,cum-aleg-codul-de-taxa-corect-in-saf-t,
GH-04087,Cum se raportează cotele de TVA în D406?,declaratii_speciale,publicat,,nu,raporteaza-cotele-tva-d406,
GH-04088,Cum se raportează operațiunile scutite de TVA în SAF-T?,declaratii_speciale,candidat,,nu,,
GH-04089,Cum se raportează taxarea inversă în D406?,declaratii_speciale,asemanator,,nu,,raporteaza-chitantele-d406
GH-04090,Cum se raportează TVA la încasare în SAF-T?,declaratii_speciale,publicat,,nu,raporteaza-tva-incasare-saft,
GH-04091,Cum se raportează pro-rata TVA în D406?,declaratii_speciale,publicat,,nu,raporteaza-pro-rata-tva-d406,
GH-04092,Cum se raportează TVA nedeductibilă în SAF-T?,declaratii_speciale,asemanator,,nu,,raporteaza-tva-incasare-saft
GH-04093,Cum se raportează TVA deductibilă 50% pentru autoturisme în D406?,declaratii_speciale,publicat,,nu,raporteaza-tva-deductibila-50-autoturisme,
GH-04094,Cum se raportează facturile emise în SAF-T?,declaratii_speciale,publicat,,nu,raporteaza-facturile-emise-saft,
GH-04095,Cum se raportează facturile primite în D406?,declaratii_speciale,publicat,,nu,raporteaza-facturile-primite-d406,
GH-04096,Cum se raportează facturile storno în SAF-T?,declaratii_speciale,asemanator,,nu,,raporteaza-facturile-valuta-saft
GH-04097,Cum se raportează facturile de avans în D406?,declaratii_speciale,publicat,,nu,raporteaza-facturile-avans-d406,
GH-04098,Cum se raportează facturile de corecție în SAF-T?,declaratii_speciale,publicat,,nu,raporteaza-facturile-corectie-saft,
GH-04099,Cum se raportează autofacturile în D406?,declaratii_speciale,publicat,,nu,raporteaza-autofacturile-d406,
GH-04100,Cum se raportează facturile în valută în SAF-T?,declaratii_speciale,publicat,,nu,raporteaza-facturile-valuta-saft,
GH-04101,Cum se raportează facturile intracomunitare în D406?,declaratii_speciale,asemanator,,nu,,raporteaza-facturile-primite-d406
GH-04102,Cum se raportează importurile în SAF-T?,declaratii_speciale,publicat,,nu,raporteaza-importurile-saft,
GH-04103,Cum se raportează exporturile în D406?,declaratii_speciale,publicat,,nu,raporteaza-exporturile-d406,
GH-04104,Cum se raportează achizițiile intracomunitare în SAF-T?,declaratii_speciale,publicat,,nu,raporteaza-achizitiile-intracomunitare-saft,
GH-04105,Cum se raportează livrările intracomunitare în D406?,declaratii_speciale,asemanator,,nu,,raporteaza-chitantele-d406
GH-04106,Cum se raportează operațiunile cu taxare inversă în SAF-T?,declaratii_speciale,publicat,,nu,cum-se-raporteaza-operatiunile-cu-taxare-inversa-in-saf-t,
GH-04107,Cum se raportează bonurile fiscale în D406?,declaratii_speciale,publicat,,nu,raporteaza-bonurile-fiscale-d406,
GH-04108,Cum se raportează încasările prin casa de marcat în SAF-T?,declaratii_speciale,publicat,,nu,raporteaza-incasarile-casa-marcat-saft,
GH-04109,Cum se raportează chitanțele în D406?,declaratii_speciale,publicat,,nu,raporteaza-chitantele-d406,
GH-04110,Cum se raportează extrasele bancare în SAF-T?,declaratii_speciale,asemanator,,nu,,raporteaza-clientii-saft
GH-04111,Cum se raportează plățile prin bancă în D406?,declaratii_speciale,publicat,,nu,raporteaza-platile-banca-d406,
GH-04112,Cum se raportează încasările prin bancă în SAF-T?,declaratii_speciale,asemanator,,nu,,raporteaza-incasarile-casa-marcat-saft
GH-04113,Cum se raportează plățile în numerar în D406?,declaratii_speciale,asemanator,,nu,,raporteaza-platile-banca-d406
GH-04114,Cum se raportează încasările în numerar în SAF-T?,declaratii_speciale,asemanator,,nu,,raporteaza-clientii-saft
GH-04115,Cum se raportează avansurile de trezorerie în D406?,declaratii_speciale,publicat,,nu,raporteaza-avansurile-trezorerie-d406,
GH-04116,Cum se raportează compensările în SAF-T?,declaratii_speciale,publicat,,nu,raporteaza-compensarile-saft,
GH-04117,Cum se raportează deconturile de cheltuieli în D406?,declaratii_speciale,publicat,,nu,raporteaza-deconturile-cheltuieli-d406,
GH-04118,Cum se raportează clienții în SAF-T?,declaratii_speciale,publicat,,nu,raporteaza-clientii-saft,
GH-04119,Cum se raportează furnizorii în D406?,declaratii_speciale,publicat,,da,raporteaza-furnizorii-d406,
GH-04120,Cum se raportează un client persoană fizică în SAF-T?,declaratii_speciale,publicat,,nu,raporteaza-client-persoana-fizica-saft,
GH-04121,Cum se raportează un furnizor persoană fizică în D406?,declaratii_speciale,publicat,,nu,raporteaza-furnizor-persoana-fizica-d406,
GH-04122,Cum se raportează clienții străini în SAF-T?,declaratii_speciale,publicat,,nu,cum-se-raporteaza-clientii-straini-in-saf-t,
GH-04123,Cum se raportează furnizorii din UE în D406?,declaratii_speciale,publicat,,da,cum-se-raporteaza-furnizorii-din-ue-in-d406,
GH-04124,Cum se raportează furnizorii din afara UE în SAF-T?,declaratii_speciale,publicat,,nu,raporteaza-furnizorii-afara-ue-saft,
GH-04125,Ce faci dacă un client nu are CUI în SAF-T?,declaratii_speciale,asemanator,,nu,,cont-contabil-corespondent-nomenclatorul-saft
GH-04126,Cum se raportează partenerii fără cod fiscal în D406?,declaratii_speciale,publicat,,nu,cum-se-raporteaza-partenerii-fara-cod-fiscal-in-d406,
GH-04127,Cum se raportează stocurile în SAF-T?,declaratii_speciale,publicat,,nu,raporteaza-stocurile-saft,
GH-04128,Trebuie raportate stocurile lunar în D406?,declaratii_speciale,candidat,,nu,,
GH-04129,Când se depune secțiunea SAF-T Stocuri?,declaratii_speciale,publicat,,nu,depune-sectiunea-saft-stocuri,
GH-04130,Cum se depune D406 Stocuri la solicitarea ANAF?,declaratii_speciale,publicat,,nu,depune-d406-stocuri-solicitarea-anaf,
GH-04131,În cât timp trebuie depus SAF-T Stocuri după solicitarea ANAF?,declaratii_speciale,candidat,,nu,,
GH-04132,Ce informații trebuie să conțină secțiunea Stocuri din D406?,declaratii_speciale,publicat,,nu,informatii-contina-sectiunea-stocuri-d406,
GH-04133,Cum se raportează NIR-urile în SAF-T?,declaratii_speciale,asemanator,,nu,,raporteaza-nir-urile-saft-d406
GH-04134,Cum se raportează intrările de marfă în D406?,declaratii_speciale,asemanator,,nu,,raporteaza-facturile-avans-d406
GH-04135,Cum se raportează ieșirile de marfă în SAF-T?,declaratii_speciale,publicat,,nu,raporteaza-iesirile-marfa-saft,
GH-04136,Cum se raportează transferurile între gestiuni în D406?,declaratii_speciale,publicat,,nu,raporteaza-transferurile-gestiuni-d406,
GH-04137,Cum se raportează inventarul în SAF-T?,declaratii_speciale,asemanator,,nu,,raporteaza-clientii-saft
GH-04138,Cum se raportează diferențele de inventar în D406?,declaratii_speciale,publicat,,nu,raporteaza-diferentele-inventar-d406,
GH-04139,Cum se raportează mărfurile deteriorate în SAF-T?,declaratii_speciale,asemanator,,nu,,raporteaza-clientii-saft
GH-04140,Cum se raportează casarea stocurilor în D406?,declaratii_speciale,publicat,,nu,raporteaza-casarea-stocurilor-d406,
GH-04141,Cum se raportează produsele finite în SAF-T?,declaratii_speciale,publicat,,nu,raporteaza-produsele-finite-saft,
GH-04142,Cum se raportează producția în D406?,declaratii_speciale,publicat,,nu,raporteaza-productia-d406,
GH-04143,Cum se raportează consumurile de materii prime în SAF-T?,declaratii_speciale,candidat,,nu,,
GH-04144,Cum se raportează mărfurile în custodie în D406?,declaratii_speciale,publicat,,nu,raporteaza-marfurile-custodie-d406,
GH-04145,Cum se raportează stocurile aflate la terți în SAF-T?,declaratii_speciale,asemanator,,nu,,raporteaza-stocurile-saft
GH-04146,Cum se raportează gestiunea global-valorică în D406?,declaratii_speciale,publicat,,nu,raporteaza-gestiunea-global-valorica-d406,
GH-04147,Cum se raportează gestiunea cantitativ-valorică în SAF-T?,declaratii_speciale,asemanator,,nu,,raporteaza-clientii-saft
GH-04148,Cum se raportează mijloacele fixe în D406?,declaratii_speciale,asemanator,,nu,,raporteaza-reevaluarea-mijloacelor-fixe-d406
GH-04149,Când se depune D406 Active?,declaratii_speciale,publicat,,nu,depune-d406-active,
GH-04150,D406 Active se depune lunar sau anual?,declaratii_speciale,publicat,,nu,d406-active-depune-lunar-anual,
GH-04151,Ce informații trebuie să conțină SAF-T Active?,declaratii_speciale,publicat,,nu,informatii-contina-saft-active,
GH-04152,Cum se raportează achiziția unui mijloc fix în D406?,declaratii_speciale,asemanator,,nu,,raporteaza-vanzarea-mijloc-fix-d406
GH-04153,Cum se raportează amortizarea în SAF-T?,declaratii_speciale,asemanator,,nu,,raporteaza-clientii-saft
GH-04154,Cum se raportează vânzarea unui mijloc fix în D406?,declaratii_speciale,publicat,,nu,raporteaza-vanzarea-mijloc-fix-d406,
GH-04155,Cum se raportează casarea unui mijloc fix în SAF-T?,declaratii_speciale,publicat,,nu,raporteaza-casarea-mijloc-fix-saft,
GH-04156,Cum se raportează reevaluarea mijloacelor fixe în D406?,declaratii_speciale,publicat,,nu,raporteaza-reevaluarea-mijloacelor-fixe-d406,
GH-04157,Cum se raportează modernizarea unui mijloc fix în SAF-T?,declaratii_speciale,publicat,,nu,raporteaza-modernizarea-mijloc-fix-saft,
GH-04158,Cum se raportează activele complet amortizate în D406?,declaratii_speciale,publicat,,nu,raporteaza-activele-complet-amortizate-d406,
GH-04159,Cum se raportează leasingul financiar în SAF-T?,declaratii_speciale,publicat,,nu,raporteaza-leasingul-financiar-saft,
GH-04160,Cum se raportează imobilizările necorporale în D406?,declaratii_speciale,asemanator,,nu,,raporteaza-chitantele-d406
GH-04161,Cum se raportează amortizarea fiscală diferită de amortizarea contabilă în SAF-T?,declaratii_speciale,asemanator,,nu,,raporteaza-saft-amortizarea-fiscala-diferita
GH-04162,Cum verific D406 cu balanța contabilă?,declaratii_speciale,publicat,,nu,verific-d406-balanta-contabila,
GH-04163,De ce nu corespunde SAF-T cu balanța?,declaratii_speciale,asemanator,,nu,,corespunde-balanta-fisele-cont
GH-04164,Cum verific totalul debitelor și creditelor din D406?,declaratii_speciale,candidat,,nu,,
GH-04165,Cum verific soldurile conturilor din SAF-T?,declaratii_speciale,publicat,,nu,verific-soldurile-conturilor-saft,
GH-04166,Cum verific SAF-T cu jurnalul de vânzări?,declaratii_speciale,publicat,,nu,verific-saft-jurnalul-vanzari,
GH-04167,Cum verific D406 cu jurnalul de cumpărări?,declaratii_speciale,publicat,,nu,verific-d406-jurnalul-cumparari,
GH-04168,Cum verific SAF-T cu D300?,declaratii_speciale,publicat,,nu,verific-saft-d300,
GH-04169,Cum verific D406 cu D394?,declaratii_speciale,publicat,,nu,verific-d406-d394,
GH-04170,Cum verific SAF-T cu D390?,declaratii_speciale,publicat,,nu,verific-saft-d390,
GH-04171,Cum verific D406 cu e-Factura?,declaratii_speciale,candidat,,nu,,
GH-04172,Cum verific SAF-T cu registrul mijloacelor fixe?,declaratii_speciale,publicat,,nu,verific-saft-registrul-mijloacelor-fixe,
GH-04173,Cum verific SAF-T cu gestiunea stocurilor?,declaratii_speciale,publicat,,nu,verific-saft-gestiunea-stocurilor,
GH-04174,Cum verific SAF-T cu extrasele bancare?,declaratii_speciale,publicat,,nu,verific-saft-extrasele-bancare,
GH-04175,Cum verific SAF-T cu registrul de casă?,declaratii_speciale,publicat,,nu,verific-saft-registrul-casa,
GH-04176,Ce diferențe între SAF-T și D300 pot atrage atenția ANAF?,declaratii_speciale,asemanator,,nu,,diferente-d300-d394-atrage-atentia
GH-04177,Ce diferențe între SAF-T și D394 trebuie verificate?,declaratii_speciale,publicat,,nu,diferente-saft-d394-verificate,
GH-04178,Ce diferențe între e-Factura și D406 trebuie corectate?,declaratii_speciale,publicat,,nu,diferente-factura-d406-corectate,
GH-04179,Ce faci dacă balanța s-a modificat după depunerea D406?,declaratii_speciale,candidat,,nu,,
GH-04180,Trebuie rectificat SAF-T dacă modific contabilitatea unei luni anterioare?,declaratii_speciale,candidat,,nu,,
GH-04181,Cum se depune D406 rectificativă?,declaratii_speciale,publicat,,nu,depune-d406-rectificativa,
GH-04182,Când trebuie depusă o declarație D406 rectificativă?,declaratii_speciale,publicat,,nu,depusa-declaratie-d406-rectificativa,
GH-04183,Cum corectez o factură omisă din SAF-T?,declaratii_speciale,publicat,,nu,corectez-factura-omisa-saft,
GH-04184,Cum corectez un client declarat greșit în D406?,declaratii_speciale,asemanator,,nu,,corectez-partener-declarat-gresit-d394
GH-04185,Cum corectez un furnizor declarat greșit în SAF-T?,declaratii_speciale,asemanator,,nu,,corectez-saft-depus-gresit
GH-04186,Cum corectez o cotă de TVA greșită în D406?,declaratii_speciale,candidat,,nu,,
GH-04187,Cum corectez un cont contabil greșit în SAF-T?,declaratii_speciale,asemanator,,nu,,corectez-saft-depus-gresit
GH-04188,Cum corectez un sold inițial greșit în D406?,declaratii_speciale,candidat,,nu,,
GH-04189,Cum corectez o tranzacție duplicată în SAF-T?,declaratii_speciale,candidat,,nu,,
GH-04190,Cum corectez o perioadă SAF-T deja depusă?,declaratii_speciale,publicat,,nu,corectez-perioada-saft-deja-depusa,
GH-04191,Pot depune mai multe rectificative D406 pentru aceeași perioadă?,declaratii_speciale,publicat,,nu,depune-multe-rectificative-d406-aceeasi,
GH-04192,Cum verific dacă rectificativa SAF-T a fost acceptată?,declaratii_speciale,candidat,,nu,,
GH-04193,Ce faci dacă D406 a fost respinsă de ANAF?,declaratii_speciale,publicat,,nu,d406-fost-respinsa-anaf,
GH-04194,Cum verific recipisa D406?,declaratii_speciale,asemanator,,nu,,verific-recipisa-d394
GH-04195,Ce înseamnă avertizările din recipisa SAF-T?,declaratii_speciale,candidat,,nu,,
GH-04196,D406 cu avertizări este considerată depusă?,declaratii_speciale,publicat,,nu,d406-avertizari-considerata-depusa,
GH-04197,Ce faci dacă recipisa SAF-T conține erori?,declaratii_speciale,candidat,,nu,,
GH-04198,Cum verific statusul declarației D406 în SPV?,declaratii_speciale,publicat,,nu,verific-statusul-declaratiei-d406-spv,
GH-04199,Ce faci dacă D406 nu apare în SPV după depunere?,declaratii_speciale,publicat,,nu,d406-apare-spv-depunere,
GH-04200,Ce amendă există pentru nedepunerea D406?,declaratii_speciale,publicat,,nu,amenda-exista-nedepunerea-d406,
GH-04201,Ce amendă există pentru depunerea cu întârziere a SAF-T?,declaratii_speciale,candidat,,nu,,
GH-04202,Ce sancțiuni există pentru D406 incorectă?,declaratii_speciale,candidat,,nu,,
GH-04203,Ce se întâmplă dacă depui SAF-T după termen?,declaratii_speciale,publicat,,nu,intampla-depui-saft-termen,
GH-04204,Se poate corecta D406 înainte de un control ANAF?,declaratii_speciale,publicat,,nu,corecta-d406-inainte-control-anaf,
GH-04205,Ce documente trebuie păstrate pentru justificarea SAF-T?,declaratii_speciale,publicat,,nu,documente-pastrate-justificarea-saft,
GH-04206,Ce verifică ANAF într-un fișier SAF-T?,declaratii_speciale,candidat,,nu,,
GH-04207,Poate ANAF compara automat SAF-T cu e-Factura?,declaratii_speciale,publicat,,nu,anaf-compara-automat-saft-factura,
GH-04208,Poate ANAF compara D406 cu D300 și D394?,declaratii_speciale,publicat,,nu,anaf-compara-d406-d300-d394,
GH-04209,Cum pregătesc SAF-T pentru un control fiscal?,declaratii_speciale,asemanator,,nu,,pregatesc-saft-curat-control
GH-04210,Ce verificări trebuie făcute înainte de depunerea D406?,declaratii_speciale,publicat,,nu,verificari-facute-inainte-depunerea-d406,
GH-04211,Cum organizez verificarea lunară SAF-T înainte de depunere?,declaratii_speciale,publicat,,nu,organizez-verificarea-lunara-saft-inainte,
GH-04212,Cum automatizez generarea declarației D406?,declaratii_speciale,publicat,,nu,cum-automatizez-generarea-declaratiei-d406,
GH-04213,Cum automatizez verificarea SAF-T cu balanța?,declaratii_speciale,candidat,,nu,,
GH-04214,Cum automatizez maparea conturilor pentru D406?,declaratii_speciale,publicat,,nu,automatizez-maparea-conturilor-d406,
GH-04215,Cum verific automat tax codes în SAF-T?,declaratii_speciale,candidat,,nu,,
GH-04216,Cum detectez automat diferențele dintre SAF-T și D300?,declaratii_speciale,candidat,,nu,,
GH-04217,Cum detectez facturile lipsă din D406?,declaratii_speciale,candidat,,nu,,
GH-04218,Cum detectez tranzacțiile duplicate din SAF-T?,declaratii_speciale,candidat,,nu,,
GH-04219,Cum verific automat clienții și furnizorii din D406?,declaratii_speciale,candidat,,nu,,
GH-04220,Cum gestionez SAF-T pentru mai multe firme de contabilitate?,declaratii_speciale,publicat,,nu,gestionez-saft-multe-firme-contabilitate,
GH-04221,Cum pregătește un cabinet contabil D406 pentru sute de clienți?,declaratii_speciale,publicat,,nu,pregateste-cabinet-contabil-d406-sute,
GH-04222,Cum verific rapid ce clienți au D406 nedepusă?,declaratii_speciale,publicat,,nu,verific-rapid-clienti-d406-nedepusa,
GH-04223,Cum urmăresc termenele SAF-T pentru toate firmele din portofoliu?,declaratii_speciale,publicat,,nu,urmaresc-termenele-saft-firmele-portofoliu,
GH-04224,Cum preiau o firmă de la alt contabil și verific SAF-T depus anterior?,declaratii_speciale,candidat,,nu,,
GH-04225,Ce verific la SAF-T când schimb programul de contabilitate?,declaratii_speciale,candidat,,nu,,
GH-04226,Cum migrez datele SAF-T într-un program contabil nou?,declaratii_speciale,publicat,,nu,migrez-datele-saft-program-contabil,
GH-04227,Ce fac dacă programul vechi a generat D406 greșit?,declaratii_speciale,candidat,,nu,,
GH-04228,Cum verific istoricul declarațiilor SAF-T depuse de fostul contabil?,declaratii_speciale,candidat,,nu,,
GH-04229,Cum refac SAF-T pentru perioade contabile vechi?,declaratii_speciale,publicat,,nu,refac-saft-perioade-contabile-vechi,
GH-04230,Cum tratez SAF-T la fuziunea a două societăți?,declaratii_speciale,candidat,,nu,,
GH-04231,Cum tratez D406 la divizarea unei societăți?,declaratii_speciale,candidat,,nu,,
GH-04232,Cum se depune SAF-T la dizolvarea unei firme?,declaratii_speciale,candidat,,nu,,
GH-04233,Cum se depune D406 în perioada de lichidare?,declaratii_speciale,candidat,,nu,,
GH-04234,Cum se tratează SAF-T la schimbarea anului fiscal?,declaratii_speciale,asemanator,,nu,,saft-schimbarea-anului-fiscal
GH-04235,Cum se raportează în D406 o firmă cu exercițiu financiar diferit de anul calendaristic?,declaratii_speciale,publicat,,nu,raporteaza-d406-firma-exercitiu-financiar,
GH-04236,Cine trebuie să depună D205 în 2026?,declaratii_speciale,publicat,,nu,depuna-d205-2026,
GH-04237,Pentru ce venituri se depune declarația D205?,declaratii_speciale,publicat,,nu,d205-pentru-ce-venituri-se-depune,
GH-04238,Se declară dividendele în D205?,declaratii_speciale,publicat,,nu,declara-dividendele-d205-2,
GH-04239,Cine declară dividendele în D205?,declaratii_speciale,publicat,,nu,declara-dividendele-d205,
GH-04240,Ce dividende trebuie raportate în D205?,declaratii_speciale,publicat,,nu,ce-dividende-trebuie-raportate-d205,
GH-04241,Care este termenul de depunere a D205 în 2026?,declaratii_speciale,asemanator,,da,,termenul-depunere-d406-2026
GH-04242,Pentru ce an se depune D205 în 2026?,declaratii_speciale,candidat,,nu,,
GH-04243,Cum se completează D205 pentru dividende?,declaratii_speciale,candidat,,nu,,
GH-04244,Cum se generează declarația D205 pentru dividende?,declaratii_speciale,candidat,,nu,,
GH-04245,Cum se validează declarația D205?,declaratii_speciale,publicat,,nu,valideaza-declaratia-d205,
GH-04246,Cum se depune D205 electronic?,declaratii_speciale,publicat,,nu,depune-d205-electronic,
GH-04247,Cum verific recipisa D205?,declaratii_speciale,asemanator,,nu,,verific-recipisa-d394
GH-04248,Ce faci dacă D205 este respinsă?,declaratii_speciale,candidat,,nu,,
GH-04249,Cum corectezi o D205 cu erori?,declaratii_speciale,publicat,,nu,corectezi-d205-erori,
GH-04250,Cum se depune D205 rectificativă?,declaratii_speciale,publicat,,nu,depune-d205-rectificativa,
GH-04251,Când trebuie depusă D205 rectificativă?,declaratii_speciale,asemanator,,nu,,depusa-d101-rectificativa
GH-04252,Cum corectez CNP-ul asociatului în D205?,declaratii_speciale,publicat,,nu,corectez-cnp-ul-asociatului-d205,
GH-04253,Cum corectez suma dividendelor în D205?,declaratii_speciale,publicat,,nu,corectez-suma-dividendelor-d205,
GH-04254,Cum corectez impozitul pe dividende declarat greșit în D205?,declaratii_speciale,publicat,,nu,corectez-impozit-dividende-gresit-d205,
GH-04255,Cum corectez un beneficiar omis din D205?,declaratii_speciale,publicat,,nu,corectez-beneficiar-omis-d205,
GH-04256,Cum elimin din D205 un beneficiar introdus din greșeală?,declaratii_speciale,publicat,,nu,elimin-d205-beneficiar-introdus-greseala,
GH-04257,Cum declar în D205 dividendele plătite parțial?,declaratii_speciale,publicat,,nu,declar-d205-dividendele-platite-partial,
GH-04258,Cum declar dividendele distribuite într-un an și plătite în anul următor?,declaratii_speciale,publicat,,nu,declar-dividendele-distribuite-an-platite,
GH-04259,"În ce an se declară în D205 dividendele distribuite, dar neplătite?",declaratii_speciale,publicat,,nu,an-declara-d205-dividendele-distribuite,
GH-04260,Se declară în D205 dividendele neplătite până la sfârșitul anului?,declaratii_speciale,publicat,,nu,declara-d205-dividendele-neplatite-pana,
GH-04261,Cum se declară în D205 impozitul pentru dividende neachitate până la sfârșitul anului?,declaratii_speciale,publicat,,nu,declara-d205-impozitul-dividende-neachitate,
GH-04262,Cum se declară dividendele interimare în D205?,declaratii_speciale,publicat,,nu,declara-dividendele-interimare-d205,
GH-04263,Cum se declară regularizarea dividendelor interimare în D205?,declaratii_speciale,publicat,,nu,declara-regularizarea-dividendelor-interimare-d205,
GH-04264,Cum se declară dividendele anuale după dividende interimare?,declaratii_speciale,publicat,,nu,declara-dividendele-anuale-dividende-interimare,
GH-04265,Cum se declară restituirea dividendelor interimare în D205?,declaratii_speciale,publicat,,nu,declara-restituirea-dividendelor-interimare-d205,
GH-04266,Cum se corectează D205 dacă asociatul restituie dividende?,declaratii_speciale,publicat,,nu,corecteaza-d205-asociatul-restituie-dividende,
GH-04267,Cum se declară dividendele pentru mai mulți asociați în D205?,declaratii_speciale,publicat,,nu,declara-dividendele-multi-asociati-d205,
GH-04268,Cum se declară dividendele când asociații au procente diferite?,declaratii_speciale,publicat,,nu,declara-dividendele-asociatii-procente-diferite,
GH-04269,Cum se declară dividendele unui asociat care a cesionat părțile sociale?,declaratii_speciale,candidat,,nu,,
GH-04270,Cum se declară dividendele cuvenite unui fost asociat?,declaratii_speciale,publicat,,nu,declara-dividendele-cuvenite-fost-asociat,
GH-04271,Cum se declară dividendele unui asociat decedat?,declaratii_speciale,publicat,,nu,declara-dividendele-asociat-decedat,
GH-04272,Cum se declară dividendele plătite moștenitorilor?,declaratii_speciale,asemanator,,nu,,declara-dividendele-platite-valuta
GH-04273,Cum se declară dividendele acordate în natură în D205?,declaratii_speciale,asemanator,,nu,,declara-dividendele-interimare-d205
GH-04274,Cum se declară dividendele compensate cu o datorie a asociatului?,declaratii_speciale,publicat,,nu,declara-dividendele-compensate-datorie-asociatului,
GH-04275,Cum se declară dividendele plătite prin bancă în D205?,declaratii_speciale,asemanator,,nu,,declara-dividendele-platite-numerar-d205
GH-04276,Cum se declară dividendele plătite în numerar în D205?,declaratii_speciale,publicat,,nu,declara-dividendele-platite-numerar-d205,
GH-04277,Cum se declară dividendele plătite în mai multe tranșe?,declaratii_speciale,publicat,,nu,declara-dividendele-platite-multe-transe,
GH-04278,Cum se declară dividendele plătite în valută?,declaratii_speciale,publicat,,nu,declara-dividendele-platite-valuta,
GH-04279,Ce curs valutar se folosește pentru dividendele plătite în valută?,declaratii_speciale,candidat,,nu,,
GH-04280,Cum se declară dividendele unei persoane fizice rezidente?,declaratii_speciale,publicat,,nu,declara-dividendele-persoane-fizice-rezidente,
GH-04281,Se declară în D205 dividendele plătite unei persoane juridice?,declaratii_speciale,candidat,,nu,,
GH-04282,Se declară în D205 dividendele plătite unui asociat nerezident?,declaratii_speciale,publicat,,nu,declara-d205-dividendele-platite-asociat,
GH-04283,D205 sau D207 pentru dividendele plătite nerezidenților?,declaratii_speciale,publicat,,nu,d205-d207-dividendele-platite-nerezidentilor,
GH-04284,Cum se declară dividendele unui asociat cu rezidență fiscală în alt stat?,declaratii_speciale,publicat,,nu,declara-dividendele-asociat-rezidenta-fiscala,
GH-04285,Ce declarație se depune pentru dividendele plătite unui nerezident?,declaratii_speciale,publicat,,nu,declaratie-depune-dividendele-platite-nerezident,
GH-04286,Cum verific D205 cu contul 457?,declaratii_speciale,asemanator,,nu,,verific-d205-contul-446
GH-04287,De ce nu corespunde D205 cu soldul contului 457?,declaratii_speciale,asemanator,,nu,,de-ce-nu-corespunde-soldul-contului-5121-cu-soldul-bancii
GH-04288,Cum verific D205 cu contul 446?,declaratii_speciale,publicat,,nu,verific-d205-contul-446,
GH-04289,Cum verific impozitul pe dividende din D205 cu D100?,declaratii_speciale,publicat,,nu,verific-impozit-dividende-d205-d100,
GH-04290,De ce diferă impozitul pe dividende din D205 de D100?,declaratii_speciale,candidat,,nu,,
GH-04291,Cum reconciliez D205 cu balanța contabilă?,declaratii_speciale,candidat,,nu,,
GH-04292,Cum verific dividendele din D205 cu hotărârile AGA?,declaratii_speciale,candidat,,nu,,
GH-04293,Cum verific D205 cu extrasele bancare?,declaratii_speciale,asemanator,,nu,,verific-saft-extrasele-bancare
GH-04294,Cum verific D205 cu registrul de casă?,declaratii_speciale,asemanator,,nu,,verific-saft-registrul-casa
GH-04295,Cum verific dacă toți asociații au fost incluși în D205?,declaratii_speciale,candidat,,nu,,
GH-04296,Cum verific dacă suma dividendelor din D205 este corectă?,declaratii_speciale,candidat,,nu,,
GH-04297,Cum verific impozitul reținut pentru fiecare beneficiar din D205?,declaratii_speciale,publicat,,nu,verific-impozitul-retinut-fiecare-beneficiar,
GH-04298,"Ce faci dacă D100 pentru dividende a fost depusă corect, dar D205 este greșită?",declaratii_speciale,candidat,,nu,,
GH-04299,Trebuie rectificată D100 dacă rectific D205?,declaratii_speciale,publicat,,nu,rectificata-d100-rectific-d205,
GH-04300,Trebuie rectificată D205 dacă am corectat D100?,declaratii_speciale,publicat,,nu,rectificata-d205-corectat-d100,
GH-04301,Cum corectez diferențele dintre D100 și D205?,declaratii_speciale,publicat,,nu,corectez-diferentele-dintre-d100-d205,
GH-04302,"Ce faci dacă impozitul pe dividende a fost plătit, dar beneficiarul lipsește din D205?",declaratii_speciale,publicat,,nu,impozitul-dividende-fost-platit-dar,
GH-04303,"Ce faci dacă dividendele au fost plătite, dar impozitul nu a fost declarat?",declaratii_speciale,publicat,,nu,dividendele-fost-platite-dar-impozitul,
GH-04304,Ce faci dacă impozitul pe dividende a fost calculat cu o cotă greșită?,declaratii_speciale,publicat,,nu,impozit-dividende-cota-gresita,
GH-04305,Cum corectez impozitul pe dividende calculat greșit?,declaratii_speciale,publicat,,nu,corectez-impozitul-dividende-calculat-gresit,
GH-04306,Ce penalități sunt pentru nedepunerea D205?,declaratii_speciale,publicat,,nu,penalitati-nedepunerea-d205,
GH-04307,Ce se întâmplă dacă depun D205 după termen?,declaratii_speciale,asemanator,,nu,,intampla-depui-d101-termen
GH-04308,Există amendă pentru D205 depusă cu,declaratii_speciale,asemanator,,nu,,exista-amenda-d205-depusa-intarziere
GH-04309,SAF-T D406 2026: cine este obligat să depună declarația,declaratii_speciale,publicat,,nu,saf-t-d406-2026-cine-este-obligat-sa-depuna-declaratia,
GH-04310,De la ce dată e obligatoriu SAF-T pentru firmele mici,declaratii_speciale,publicat,,nu,data-obligatoriu-saft-firmele-mici,
GH-04311,D406 SAF-T pentru microîntreprinderi 2026: obligații,declaratii_speciale,candidat,,nu,,
GH-04312,SAF-T pentru firmele nou înființate: de când depun,declaratii_speciale,publicat,,nu,saft-firmele-nou-infiintate-depun,
GH-04313,Cum mă pregătesc pentru prima depunere SAF-T,declaratii_speciale,publicat,,nu,ma-pregatesc-prima-depunere-saft,
GH-04314,Etapele de implementare SAF-T 2026: calendarul obligațiilor,declaratii_speciale,candidat,,nu,,
GH-04315,SAF-T pentru PFA și întreprinderi individuale 2026,declaratii_speciale,candidat,,nu,,
GH-04316,Firmele neplătitoare de TVA și SAF-T: se aplică,declaratii_speciale,publicat,,nu,firmele-neplatitoare-tva-saft-aplica,
GH-04317,Obligația SAF-T după cifra de afaceri 2026,declaratii_speciale,publicat,,nu,obligatia-saft-cifra-afaceri-2026,
GH-04318,Cum depun prima dată D406 în SPV,declaratii_speciale,publicat,,nu,depun-prima-data-d406-spv,
GH-04319,Termenul de depunere a SAF-T: lunar sau anual,declaratii_speciale,publicat,,nu,termenul-depunere-saft-lunar-anual,
GH-04320,D406 SAF-T lunar vs anual: cine ce depune,declaratii_speciale,candidat,,nu,,
GH-04321,Cum se depune SAF-T pentru perioadele de tranziție,declaratii_speciale,publicat,,nu,depune-saft-perioadele-tranzitie,
GH-04322,Fișierele SAF-T: ce include declarația D406,declaratii_speciale,candidat,,nu,,
GH-04323,Structura fișierului SAF-T: ce trebuie să conțină,declaratii_speciale,publicat,,nu,structura-fisierului-saft-contina,
GH-04324,SAF-T versiune nouă 2026: ce s-a schimbat în schemă,declaratii_speciale,candidat,,nu,,
GH-04325,Cum validez un fișier SAF-T înainte de depunere,declaratii_speciale,publicat,,nu,validez-fisier-saft-inainte-depunere,
GH-04326,Validarea D406 în SPV: erori frecvente,declaratii_speciale,candidat,,nu,,
GH-04327,De ce mi-a fost respins SAF-T: motive și soluții,declaratii_speciale,candidat,,nu,,
GH-04328,Erori XML la D406 și cum le rezolv,declaratii_speciale,candidat,,nu,,
GH-04329,Cum corectez un SAF-T depus greșit,declaratii_speciale,publicat,,nu,corectez-saft-depus-gresit,
GH-04330,D406 rectificativă: procedura corectă,declaratii_speciale,publicat,,nu,d406-rectificativa-procedura-corecta,
GH-04331,Am depus SAF-T cu date incomplete: ce fac,declaratii_speciale,publicat,,nu,am-depus-saf-t-cu-date-incomplete,
GH-04332,Cum retransmit un SAF-T respins,declaratii_speciale,publicat,,nu,retransmit-saft-respins,
GH-04333,Amenda pentru nedepunerea SAF-T: cât este 2026,declaratii_speciale,asemanator,,da,,amenda-nedepunerea-saft-2026
GH-04334,Sancțiuni pentru SAF-T depus cu întârziere,declaratii_speciale,candidat,,nu,,
GH-04335,Cum se aplică amenzile SAF-T pentru firmele mici,declaratii_speciale,candidat,,nu,,
GH-04336,D406 SAF-T: ce conține fișierul Master Files,declaratii_speciale,asemanator,,nu,,saf-t-ce-contine-fisierul
GH-04337,SAF-T și registrul de mijloace fixe: cum se raportează,declaratii_speciale,publicat,,nu,saft-registrul-mijloace-fixe-raporteaza,
GH-04338,SAF-T pentru stocuri: cum se reflectă în D406,declaratii_speciale,publicat,,nu,saft-stocuri-reflecta-d406,
GH-04339,SAF-T și nomenclatorul de clienți și furnizori,declaratii_speciale,publicat,,nu,saf-t-nomenclator-clienti-furnizori,
GH-04340,Cum se reflectă facturile în SAF-T,declaratii_speciale,publicat,,nu,reflecta-facturile-saft,
GH-04341,SAF-T și TVA: cum se corelează cu D300,declaratii_speciale,publicat,,nu,saft-tva-coreleaza-d300,
GH-04342,SAF-T și D394: ce verifici diferențe,declaratii_speciale,publicat,,nu,saft-d394-verifici-diferente,
GH-04343,SAF-T și e-Factura: cum se leagă în 2026,declaratii_speciale,candidat,,nu,,
GH-04344,Cum export datele din programul de contabilitate în SAF-T,declaratii_speciale,publicat,,nu,export-datele-programul-contabilitate-saft,
GH-04345,Programe care generează SAF-T: cum aleg,declaratii_speciale,candidat,,nu,,
GH-04346,Cum conectez ERP-ul la SAF-T,declaratii_speciale,candidat,,nu,,
GH-04347,Conversia datelor din balanță în SAF-T,declaratii_speciale,publicat,,nu,conversia-datelor-balanta-saft,
GH-04348,SAF-T din Excel: se poate genera manual,declaratii_speciale,publicat,,nu,saft-excel-genera-manual,
GH-04349,Cum pregătesc datele pentru primul SAF-T,declaratii_speciale,publicat,,nu,pregatesc-datele-primul-saft,
GH-04350,Rolul contabilului în generarea SAF-T,declaratii_speciale,publicat,,nu,rolul-contabilului-generarea-saft,
GH-04351,Cum deleg generarea SAF-T către un furnizor de software,declaratii_speciale,publicat,,nu,deleg-generarea-saft-furnizor-software,
GH-04352,SAF-T pentru firmele cu mai multe puncte de lucru,declaratii_speciale,publicat,,nu,saft-firmele-multe-puncte-lucru,
GH-04353,Cum gestionez mai multe CUI-uri în SAF-T,declaratii_speciale,candidat,,nu,,
GH-04354,SAF-T pentru firmele din grup: consolidare,declaratii_speciale,publicat,,nu,saft-firmele-grup-consolidare,
GH-04355,SAF-T pentru firma cu activitate sezonieră,declaratii_speciale,candidat,,nu,,
GH-04356,SAF-T la firma în insolvență 2026,declaratii_speciale,asemanator,,nu,,saft-d406-firma-aflata-insolventa
GH-04357,SAF-T după radierea firmei: se mai depune,declaratii_speciale,candidat,,nu,,
GH-04358,SAF-T pentru perioada de inactivitate,declaratii_speciale,candidat,,nu,,
GH-04359,SAF-T pentru firmele care aplică IFRS: particularități,declaratii_speciale,candidat,,nu,,
GH-04360,SAF-T și diferențele de conversie din valută,declaratii_speciale,candidat,,nu,,
GH-04361,SAF-T pentru operațiuni intracomunitare: cum se raportează,declaratii_speciale,publicat,,nu,saft-operatiuni-intracomunitare-raporteaza,
GH-04362,SAF-T și taxarea inversă: cum se reflectă,declaratii_speciale,publicat,,nu,saft-taxarea-inversa-reflecta,
GH-04363,SAF-T pentru vânzările online și OSS,declaratii_speciale,publicat,,nu,saft-vanzarile-online-oss,
GH-04364,SAF-T pentru firmele din HoReCa: particularități,declaratii_speciale,publicat,,nu,saft-firmele-horeca-particularitati,
GH-04365,SAF-T pentru producție: raportarea stocurilor,declaratii_speciale,candidat,,nu,,
GH-04366,D205 2026: cine este obligat să depună declarația,declaratii_speciale,publicat,,nu,d205-2026-cine-depune,
GH-04367,Cum se completează D205 pentru dividende distribuite,declaratii_speciale,candidat,,nu,,
GH-04368,Termenul de depunere a D205 în 2026,declaratii_speciale,asemanator,,da,,termenul-depunere-d390-2026
GH-04369,D205 pentru dividende interimare: cum se raportează,declaratii_speciale,candidat,,nu,,
GH-04370,Cum se declară dividendele distribuite dar neplătite,declaratii_speciale,publicat,,nu,declara-dividendele-distribuite-dar-neplatite,
GH-04371,Monografia impozitului pe dividende în 2026,declaratii_speciale,publicat,,nu,monografia-impozitului-dividende-2026,
GH-04372,Cota impozitului pe dividende în 2026: cât este,declaratii_speciale,publicat,,nu,cota-impozitului-dividende-2026,
GH-04373,Cum se calculează impozitul pe dividende pentru SRL,declaratii_speciale,publicat,,nu,calculeaza-impozitul-dividende-srl,
GH-04374,D205 și D100: cum se leagă pentru dividende,declaratii_speciale,publicat,,nu,d205-si-d100-legatura-dividende (+1 dubluri),
GH-04375,Cum se plătește impozitul pe dividende la buget,declaratii_speciale,candidat,,nu,,
GH-04376,Termenul de plată a impozitului pe dividende,declaratii_speciale,asemanator,,nu,,termenul-plata-impozitului-veniturile-dividende
GH-04377,Amenda pentru nedepunerea D205 la termen,declaratii_speciale,candidat,,nu,,
GH-04378,D205 rectificativă: cum corectez dividendele declarate,declaratii_speciale,publicat,,nu,d205-rectificativa-corectez-dividendele-declarate,
GH-04379,Am declarat greșit dividendele în D205: ce fac,declaratii_speciale,publicat,,nu,declarat-gresit-dividendele-d205,
GH-04380,Cum se completează D205 pentru un beneficiar nerezident,declaratii_speciale,publicat,,nu,completeaza-d205-beneficiar-nerezident,
GH-04381,D205 pentru dividende către persoane fizice: date necesare,declaratii_speciale,publicat,,nu,d205-dividende-persoane-fizice-date,
GH-04382,Dividende distribuite către asociați nerezidenți: fiscalitate,declaratii_speciale,candidat,,nu,,
GH-04383,Impozitul pe dividende pentru nerezidenți: cota aplicabilă,declaratii_speciale,publicat,,nu,impozitul-dividende-nerezidenti-cota-aplicabila,
GH-04384,D205 pentru dividende plătite în cursul anului următor,declaratii_speciale,candidat,,nu,,
GH-04385,Cum se tratează dividendele neîncasate de asociați,declaratii_speciale,candidat,,nu,,
GH-04386,D205 pentru dividende în natură: cum se declară,declaratii_speciale,candidat,,nu,,
GH-04387,Dividende din profit reinvestit: tratament fiscal 2026,declaratii_speciale,publicat,,nu,dividende-profit-reinvestit-tratament-fiscal,
GH-04388,D205 pentru SRL micro vs profit: se schimbă ceva,declaratii_speciale,candidat,,nu,,
GH-04389,Cum se declară dividendele la firma micro,declaratii_speciale,publicat,,nu,declara-dividendele-firma-micro,
GH-04390,Dividendele și condiția de microîntreprindere,declaratii_speciale,candidat,,nu,,
GH-04391,D205 pentru firma cu un singur asociat,declaratii_speciale,candidat,,nu,,
GH-04392,Cum se împart dividendele între asociați: documente,declaratii_speciale,publicat,,nu,impart-dividendele-asociati-documente,
GH-04393,Hotărârea AGA pentru distribuirea dividendelor,declaratii_speciale,publicat,,nu,hotararea-aga-distribuirea-dividendelor,
GH-04394,Monografia distribuirii dividendelor în 2026,declaratii_speciale,publicat,,nu,monografia-distribuirii-dividendelor-2026,
GH-04395,D205 și plata dividendelor: ordinea operațiilor,declaratii_speciale,publicat,,nu,d205-plata-dividendelor-ordinea-operatiilor,
GH-04396,Cum se corelează D205 cu D112 pentru administrator,declaratii_speciale,publicat,,nu,coreleaza-d205-d112-administrator,
GH-04397,Dividende penalizatoare față de salariu: cum aleg,declaratii_speciale,candidat,,nu,,
GH-04398,D205 pentru dividende interimare din 2026,declaratii_speciale,candidat,,nu,,
GH-04399,Cum se regularizează dividendele la finalul anului,declaratii_speciale,publicat,,nu,regularizeaza-dividendele-finalul-anului,
GH-04400,Diferența între dividende interimare și finale la D205,declaratii_speciale,publicat,,nu,diferenta-dividende-interimare-finale-d205,
GH-04401,D205 pentru venituri asimilate dividendelor,declaratii_speciale,candidat,,nu,,
GH-04402,Cum se declară veniturile asimilate dividendelor în 2026,declaratii_speciale,publicat,,nu,declara-veniturile-asimilate-dividendelor-2026,
GH-04403,D205 pentru distribuiri către părți afiliate,declaratii_speciale,candidat,,nu,,
GH-04404,Cum tratez dividendele plătite prin compensare,declaratii_speciale,publicat,,nu,tratez-dividendele-platite-compensare,
GH-04405,D205 la lichidarea firmei: cum se depune,declaratii_speciale,publicat,,nu,d205-lichidarea-firmei-depune,
GH-04406,Dividendele din rezerve: tratament D205,declaratii_speciale,publicat,,nu,dividendele-rezerve-tratament-d205,
GH-04407,Cum se declară dividendele din câștiguri reportate,declaratii_speciale,candidat,,nu,,
GH-04408,Erori frecvente la completarea D205,declaratii_speciale,candidat,,nu,,
GH-04409,Cum verific corectitudinea D205 față de balanță,declaratii_speciale,candidat,,nu,,
GH-04410,Contestația la decizia pe impozitul pe dividende,declaratii_speciale,publicat,,nu,contestatia-decizia-impozitul-dividende,
GH-04411,Puncte de vedere ANAF despre D205 în 2026,declaratii_speciale,publicat,,nu,puncte-vedere-anaf-d205-2026,
GH-04412,Noutăți 2026 la D205 și impozitul pe dividende,declaratii_speciale,candidat,,nu,,
GH-04413,Ce s-a schimbat în Codul fiscal la dividende în 2026,declaratii_speciale,asemanator,,nu,,s-schimbat-codul-fiscal-tva
GH-04414,D205 pentru dividende cu plata eșalonată,declaratii_speciale,candidat,,nu,,
GH-04415,Cum declar dividendele virate pe un cont de trezorerie,declaratii_speciale,publicat,,nu,declar-dividendele-virate-cont-trezorerie,
GH-04416,D205 și dividendele unor persoane care nu au CUI,declaratii_speciale,candidat,,nu,,
GH-04417,Cum obțin CUI de la asociați pentru D205,declaratii_speciale,publicat,,nu,obtin-cui-asociati-d205,
GH-04418,Datele obligatorii pentru fiecare beneficiar în D205,declaratii_speciale,candidat,,nu,,
GH-04419,Cum raportez mai mulți beneficiari în D205,declaratii_speciale,publicat,,nu,raportez-multi-beneficiari-d205,
GH-04420,D205 pentru dividende sub plafonul de raportare,declaratii_speciale,candidat,,nu,,
GH-04421,Cum import datele pentru D205 din program,declaratii_speciale,publicat,,nu,import-datele-d205-program,
GH-04422,Generarea automată a D205: recomandări,declaratii_speciale,publicat,,nu,generarea-automata-d205-recomandari,
GH-04423,Termenul de corecție a D205 după depunere,declaratii_speciale,candidat,,nu,,
GH-04424,Diferența între D205 și D100 pentru dividende,declaratii_speciale,candidat,,nu,,
GH-04425,Cum leagă contabilul D205 de D101 la final de an,declaratii_speciale,publicat,,nu,leaga-contabilul-d205-d101-final,
GH-04426,Cum pregătesc D205 pentru controlul de fond,declaratii_speciale,candidat,,nu,,
GH-04427,Documentele justificative pentru dividendele declarate,declaratii_speciale,candidat,,nu,,
GH-04428,Checklist pentru declararea dividendelor 2026,declaratii_speciale,candidat,,nu,,
GH-04429,Calendar fiscal 2026: termene pentru SAF-T și D205,declaratii_speciale,publicat,,nu,calendar-fiscal-2026-termene-saft,
GH-04430,"Digitalizarea declarării: SAF-T, e-Factura, e-TVA în 2026",declaratii_speciale,publicat,,nu,digitalizarea-declararii-saft-factura-tva,
GH-04431,Cum formez echipa pentru noile declarații SAF-T,declaratii_speciale,candidat,,nu,,
GH-04432,Costurile implementării SAF-T pentru firmele mici,declaratii_speciale,candidat,,nu,,
GH-04433,Beneficii ale SAF-T pentru controlul intern al firmei,declaratii_speciale,publicat,,nu,beneficii-saft-controlul-intern-firmei,
GH-04434,SAF-T ca instrument de analiză a datelor firmei,declaratii_speciale,publicat,,nu,saft-instrument-analiza-datelor-firmei,
GH-04435,Cum depun simultan SAF-T și celelalte declarații,declaratii_speciale,publicat,,nu,depun-simultan-saft-celelalte-declaratii,
GH-04436,Erori frecvente la declarațiile speciale în 2026,altele,candidat,,nu,,
GH-04437,Plan de conformare pentru SAF-T într-o firmă mică,declaratii_speciale,candidat,,nu,,
GH-04438,Ce risc dacă nu depun SAF-T deloc,declaratii_speciale,publicat,,nu,risc-depun-saft-deloc,
GH-04439,SAF-T pentru firma care își schimbă programul de contabilitate,declaratii_speciale,candidat,,nu,,
GH-04440,Cum migrez datele SAF-T de la un program la altul,declaratii_speciale,publicat,,nu,migrez-datele-saft-program-altul,
GH-04441,SAF-T și arhivarea fișierelor depuse,declaratii_speciale,candidat,,nu,,
GH-04442,Cât timp păstrez fișierele SAF-T depuse,declaratii_speciale,publicat,,nu,timp-pastrez-fisierele-saft-depuse,
GH-04443,SAF-T pentru operațiunile cu numerar: cum se reflectă,declaratii_speciale,candidat,,nu,,
GH-04444,SAF-T și registrul de casă: corelații,declaratii_speciale,candidat,,nu,,
GH-04445,SAF-T pentru conturile bancare: cum se raportează,declaratii_speciale,asemanator,,nu,,saft-operatiuni-intracomunitare-raporteaza
GH-04446,SAF-T și salariile: secțiunea de personal,declaratii_speciale,asemanator,,nu,,saft-salariile-exista-sectiune-personal
GH-04447,Cum se reflectă concediile medicale în SAF-T,declaratii_speciale,asemanator,,nu,,reflecta-facturile-saft
GH-04448,SAF-T pentru contribuabilii mijlocii: obligații,declaratii_speciale,candidat,,nu,,
GH-04449,SAF-T pentru contribuabilii mari: termene speciale,declaratii_speciale,publicat,,nu,saft-contribuabilii-mari-termene-speciale,
GH-04450,Cum obțin sprijin de la ANAF pentru SAF-T,declaratii_speciale,publicat,,nu,obtin-sprijin-anaf-saft,
GH-04451,Ghidul ANAF pentru SAF-T: ce trebuie să citesc,declaratii_speciale,publicat,,nu,ghidul-anaf-saft-citesc,
GH-04452,Interpretarea erorilor ANAF la SAF-T,declaratii_speciale,candidat,,nu,,
GH-04453,SAF-T și auditul intern: cum îl folosesc,declaratii_speciale,publicat,,nu,saft-auditul-intern-folosesc,
GH-04454,SAF-T pentru detecția fraudelor interne,declaratii_speciale,candidat,,nu,,
GH-04455,Cum pregătesc un SAF-T curat pentru un control,declaratii_speciale,publicat,,nu,pregatesc-saft-curat-control,
GH-04456,SAF-T și reconcilierea contabilă,declaratii_speciale,candidat,,nu,,
GH-04457,Diferențe între SAF-T și balanța de verificare,declaratii_speciale,publicat,,nu,diferente-saft-balanta-verificare,
GH-04458,SAF-T pentru firmele cu tranzacții numeroase,declaratii_speciale,candidat,,nu,,
GH-04459,Cum optimizez generarea SAF-T lunar,declaratii_speciale,publicat,,nu,optimizez-generarea-saft-lunar-2 (+1 dubluri),
GH-04460,SAF-T pentru retailerii cu volum mare de facturi,declaratii_speciale,publicat,,nu,saft-retailerii-volum-mare-facturi,
GH-04461,D205 pentru dividende plătite la agenție de turism,declaratii_speciale,candidat,,nu,,
GH-04462,D205 pentru dividende din vânzarea de active: se aplică,declaratii_speciale,candidat,,nu,,
GH-04463,Cum declar dividendele distribuite în lanț de firme,declaratii_speciale,publicat,,nu,declar-dividendele-distribuite-lant-firme,
GH-04464,D205 pentru dividende la o holding: particularități,declaratii_speciale,publicat,,nu,d205-dividende-holding-particularitati,
GH-04465,Dividende interimare la D205: condiții de raportare,declaratii_speciale,publicat,,nu,dividende-interimare-d205-conditii-raportare,
GH-04466,Cum corectez o bază de impozitare a dividendelor declarată greșit,declaratii_speciale,publicat,,nu,corectez-baza-impozitare-dividendelor-declarata,
GH-04467,D205 pentru dividende cu reținere la sursă,declaratii_speciale,publicat,,nu,d205-dividende-retinere-sursa,
GH-04468,Cum se aplică reținerea la sursă la dividende în 2026,declaratii_speciale,publicat,,nu,aplica-retinerea-sursa-dividende-2026,
GH-04469,D205 pentru dividende către o persoană juridică străină,declaratii_speciale,publicat,,nu,d205-dividende-persoana-juridica-straina,
GH-04470,Convenții de dublă impunere la dividende: D205,declaratii_speciale,publicat,,nu,conventii-dubla-impunere-dividende-d205,
GH-04471,Cum completez D205 pentru beneficiari din afara UE,declaratii_speciale,publicat,,nu,d205-beneficiari-din-afara-ue,
GH-04472,D205 pentru dividende plătite în valută,declaratii_speciale,publicat,,nu,d205-dividende-platite-valuta,
GH-04473,Cum raportez cursul valutar la dividende în D205,declaratii_speciale,publicat,,nu,raportez-cursul-valutar-dividende-d205,
GH-04474,D205 și diferențele de curs la plata dividendelor,declaratii_speciale,publicat,,nu,d205-diferentele-curs-plata-dividendelor,
GH-04475,Regularizarea dividendelor necâștigate din anii anteriori,declaratii_speciale,candidat,,nu,,
GH-04476,D205 pentru dividende restituite de asociați,declaratii_speciale,candidat,,nu,,
GH-04477,Cum tratez dividendele returnate: D205,declaratii_speciale,publicat,,nu,tratez-dividendele-returnate-d205,
GH-04478,Dividende din anii anteriori distribuite acum: D205,declaratii_speciale,publicat,,nu,dividende-anii-anteriori-distribuite-acum,
GH-04479,D205 pentru o distribuire parțială din rezultat,declaratii_speciale,publicat,,nu,d205-distribuire-partiala-rezultat,
GH-04480,Cum se declară dividendele în perioada de probe,declaratii_speciale,publicat,,nu,declara-dividendele-perioada-probe,
GH-04481,D205 pentru firma nou înființată cu primul profit,declaratii_speciale,candidat,,nu,,
GH-04482,Cum declar dividendele în primul an de activitate,declaratii_speciale,candidat,,nu,,
GH-04483,D205 și rezervele obligatorii: ce se imput,declaratii_speciale,publicat,,nu,d205-rezervele-obligatorii-imput,
GH-04484,Impozitul pe dividende și rezerva legală: corelație,declaratii_speciale,publicat,,nu,impozitul-dividende-rezerva-legala-corelatie,
GH-04485,D205 pentru dividende după acekăt în capital,declaratii_speciale,candidat,,nu,,
GH-04486,Cum se reflectă dividendele în situațiile financiare,declaratii_speciale,publicat,,nu,reflecta-dividendele-situatiile-financiare,
GH-04487,D205 pentru dividende plătite lunar într-un an,declaratii_speciale,publicat,,nu,d205-dividende-platite-lunar-an,
GH-04488,Cum gestionez mai multe distribui pentru același an,altele,publicat,,nu,gestionez-multe-distribui-acelasi-an,
GH-04489,D205 și declarația unică pentru persoanele fizice,declaratii_speciale,publicat,,nu,d205-declaratia-unica-persoanele-fizice,
GH-04490,Cum corelez D205 cu declarația unică a asociatului,declaratii_speciale,publicat,,nu,corelez-d205-declaratia-unica-asociatului,
GH-04491,D205 pentru dividende încasate de un PFA,declaratii_speciale,publicat,,nu,d205-dividende-incasate-pfa,
GH-04492,Cum se impozitează dividendele la un PFA în 2026,declaratii_speciale,publicat,,nu,impoziteaza-dividendele-pfa-2026,
GH-04493,D205 pentru dividende încasate de un salariat,declaratii_speciale,publicat,,nu,d205-dividende-incasate-salariat,
GH-04494,Dubla impozitare dividende: impozit pe venit și CASS,declaratii_speciale,publicat,,nu,dubla-impozitare-dividende-impozit-venit,
GH-04495,Cum se calculează CASS la dividendele din D205,declaratii_speciale,candidat,,nu,,
GH-04496,Plafonul CASS pentru dividende în 2026,declaratii_speciale,publicat,,nu,plafonul-cass-dividende-2026,
GH-04497,D205 și contribuția la sănătate a asociaților,declaratii_speciale,publicat,,nu,d205-contributia-sanatate-asociatilor,
GH-04498,Cum raportez dividendele pentru CASS în declarația asociaților,declaratii_speciale,publicat,,nu,raportez-dividendele-cass-declaratia-asociatilor,
GH-04499,D205 pentru dividende distribuite de un SRL cu doi asociați,declaratii_speciale,candidat,,nu,,
GH-04500,Cum împart corect dividendele pentru D205,declaratii_speciale,publicat,,nu,impart-corect-dividendele-d205,
GH-04501,D205 pentru dividende plătite parțial prin casă și bancă,declaratii_speciale,publicat,,nu,d205-dividende-platite-partial-casa,
GH-04502,Cum se declară plata dividendelor prin compensare cu împrumutul,declaratii_speciale,publicat,,nu,declara-plata-dividendelor-compensare-imprumutul,
GH-04503,D205 pentru dividende achitate prin bunuri,declaratii_speciale,publicat,,nu,d205-dividende-achitate-bunuri,
GH-04504,Tratamentul fiscal al dividendelor în natură 2026,declaratii_speciale,candidat,,nu,,
GH-04505,D205 pentru dividende plătite prin aplicarea de active,declaratii_speciale,publicat,,nu,d205-dividende-platite-aplicarea-active,
GH-04506,Cum se evaluează dividendele în natură pentru impozit,declaratii_speciale,publicat,,nu,evalueaza-dividendele-natura-impozit,
GH-04507,D205 și lichidarea unui asociat: cum se declară,declaratii_speciale,asemanator,,nu,,d205-retragerea-asociat-declara
GH-04508,Dividendele la retragerea unui asociat: D205,declaratii_speciale,candidat,,nu,,
GH-04509,Cum tratez situația specială a ieșirii unui asociat,infiintare,candidat,,nu,,
GH-04510,D205 pentru dividende stabilite prin hotărâre judecătorească,declaratii_speciale,publicat,,nu,d205-dividende-stabilite-hotarare-judecatoreasca,
GH-04511,Cum declar dividendele impuse legal,declaratii_speciale,publicat,,nu,declar-dividendele-impuse-legal,
GH-04512,Termenul de prescripție pentru impozitul pe dividende,declaratii_speciale,publicat,,nu,termenul-prescriptie-impozitul-dividende,
GH-04513,Controlul ANAF pe dividende: ce verifică inspectorii,declaratii_speciale,asemanator,,nu,,controlul-anaf-amortizare-verifica-inspectorii
GH-04514,Documentele pentru controlul dividendelor distribuite,declaratii_speciale,candidat,,nu,,
GH-04515,Cum demonstrez distribuirea reală a dividendelor,declaratii_speciale,publicat,,nu,demonstrez-distribuirea-reala-dividendelor,
GH-04516,Notificare ANAF despre dividende nedee clarate: cum răspund,declaratii_speciale,candidat,,nu,,
GH-04517,Contestația împotriva diferențelor de impozit pe dividende,declaratii_speciale,publicat,,nu,contestatia-impotriva-diferentelor-impozit-dividende,
GH-04518,Puncte de vedere ANAF privind dividendele 2026,declaratii_speciale,publicat,,nu,puncte-vedere-anaf-privind-dividendele,
GH-04519,Cum verific corectitudinea D205 prin reconcilieri,declaratii_speciale,candidat,,nu,,
GH-04520,Erori frecvente la raportarea dividendelor,declaratii_speciale,candidat,,nu,,
GH-04521,Raportul între D205 și extrasul de cont pentru dividende,declaratii_speciale,publicat,,nu,raportul-d205-extrasul-cont-dividende,
GH-04522,Checklist de conformare pentru dividende 2026,declaratii_speciale,publicat,,nu,checklist-conformare-dividende-2026,
GH-04523,Ghid practic pentru noii contabili D205,declaratii_speciale,publicat,,nu,ghid-practic-noii-contabili-d205,
GH-04524,Cum explică un contabil impozitul pe dividende unui antreprenor,declaratii_speciale,candidat,,nu,,
GH-04525,Simulare: cât plătește un asociat din dividende în 2026,declaratii_speciale,publicat,,nu,simulare-plateste-asociat-dividende-2026,
GH-04526,Dividende pentru un SRL care trece de la micro la profit,declaratii_speciale,candidat,,nu,,
GH-04527,D205 pentru un SRL care și-a schimbat asociații,declaratii_speciale,candidat,,nu,,
GH-04528,Cum afectează cesiunea de părți sociale D205,declaratii_speciale,candidat,,nu,,
GH-04529,D205 când asociații se schimbă în cursul anului,declaratii_speciale,candidat,,nu,,
GH-04530,"## IMPOZIT MIC (1%, plafon, ieșire din regim)",altele,candidat,,nu,,
GH-04531,ANAF aduce amenda dacă nu declar ieșirea din micro la timp,micro,asemanator,,nu,,anaf-aplica-amenda-declari-iesirea
GH-04532,Micro și bonurile fiscale: cum se cumulează veniturile,micro,candidat,,nu,,
GH-04533,Impozit micro la firmele care fac consultanță,micro,candidat,,da,,
GH-04534,Balanța și impozitul micro: cum îl calculez,micro,publicat,,da,balanta-si-impozitul-micro-cum-il-calculez,
GH-04535,Diferențe de curs în calculul plafonului micro,micro,publicat,,da,diferente-curs-calculul-plafonului-micro,
GH-04536,Micro pentru agențiile de publicitate 2026,micro,asemanator,,nu,,micro-agentii-publicitate-2026
GH-04537,"## IMPOZIT PE PROFIT (16%, D101, cheltuieli deductibile/nedeductibile, amortizare)",profit,candidat,,nu,,
GH-04538,Prima declarație 101 depusă pentru firma nouă: cum procedez,altele,publicat,,da,prima-declaratie-101-depusa-firma,
GH-04539,Dividendele primite de la altă firmă română: deductibile,declaratii_speciale,asemanator,,nu,,veniturile-dividende-primite-alta-firma
GH-04540,Bonificația pentru profit reinvestit: condiții de aplicare,profit,candidat,,da,,
GH-04541,Am plătit impozit pe profit în plus: cum îl recuperez,profit,publicat,,da,platit-impozit-profit-plus-recuperez (+1 dubluri),
GH-04542,Cum înființez un SRL în 2026?,infiintare,asemanator,,nu,,infiintez-pfa-2026
GH-04543,Ce acte sunt necesare pentru înființarea unui SRL în 2026?,infiintare,candidat,,nu,,
GH-04544,Cât costă înființarea unui SRL în 2026?,infiintare,publicat,,nu,costa-infiintarea-srl-2026,
GH-04545,Cât durează înființarea unui SRL în 2026?,infiintare,publicat,,nu,dureaza-infiintarea-srl-2026,
GH-04546,Cum înființez un SRL online în 2026?,infiintare,candidat,,nu,,
GH-04547,Pot înființa singur un SRL fără avocat?,infiintare,publicat,,nu,infiinta-singur-srl-avocat,
GH-04548,Care sunt pașii pentru deschiderea unui SRL de la zero?,altele,candidat,,nu,,
GH-04549,Ce trebuie să fac după ce primesc certificatul de înregistrare al SRL-ului?,altele,candidat,,nu,,
GH-04550,Ce declarații trebuie depuse după înființarea unui SRL?,infiintare,publicat,,nu,declaratii-depuse-infiintarea-srl,
GH-04551,Cum înregistrez fiscal un SRL nou în 2026?,altele,candidat,,nu,,
GH-04552,Cum verific vectorul fiscal al unui SRL nou?,altele,candidat,,nu,,
GH-04553,Ce regim fiscal are un SRL nou înființat în 2026?,infiintare,candidat,,nu,,
GH-04554,Poate un SRL nou să fie microîntreprindere în 2026?,altele,candidat,,nu,,
GH-04555,Ce condiții trebuie să îndeplinească un SRL nou pentru impozit micro?,micro,candidat,,nu,,
GH-04556,Când devine un SRL nou plătitor de impozit pe profit?,profit,publicat,,nu,devine-srl-nou-platitor-impozit,
GH-04557,Cum aleg între micro și impozit pe profit la înființarea firmei?,profit,publicat,,nu,aleg-micro-impozit-profit-infiintarea,
GH-04558,Trebuie depus D700 după înființarea unui SRL?,infiintare,publicat,,nu,depus-d700-infiintarea-srl,
GH-04559,Când se depune D700 pentru o firmă nouă?,altele,candidat,,nu,,
GH-04560,Cum modific vectorul fiscal al unui SRL nou?,altele,candidat,,nu,,
GH-04561,Cum verific la ANAF dacă firma este înregistrată corect fiscal?,altele,publicat,,nu,verific-anaf-firma-inregistrata-corect,
GH-04562,Când trebuie deschis contul bancar al unui SRL nou?,casierie,candidat,,nu,,
GH-04563,Este obligatoriu cont bancar pentru un SRL în 2026?,casierie,candidat,,nu,,
GH-04564,Ce capital social trebuie pentru înființarea unui SRL în 2026?,infiintare,candidat,,nu,,
GH-04565,Cum se înregistrează contabil capitalul social la înființarea firmei?,infiintare,publicat,,nu,inregistreaza-contabil-capitalul-social-infiintarea,
GH-04566,Cum se depune capitalul social la un SRL nou?,infiintare,publicat,,nu,depune-capitalul-social-srl-nou,
GH-04567,Poate fi retras capitalul social după înființarea firmei?,infiintare,publicat,,nu,retras-capitalul-social-infiintarea-firmei,
GH-04568,Cum aleg denumirea unui SRL?,altele,asemanator,,nu,,schimb-denumirea-srl
GH-04569,Cum verific dacă o denumire de firmă este disponibilă?,altele,candidat,,nu,,
GH-04570,Cum rezerv denumirea unui SRL la Registrul Comerțului?,altele,candidat,,nu,,
GH-04571,Ce fac dacă denumirea dorită pentru SRL este deja ocupată?,altele,candidat,,nu,,
GH-04572,Cum aleg codul CAEN principal la înființarea unui SRL?,infiintare,publicat,,nu,aleg-codul-caen-principal-infiintarea,
GH-04573,Câte coduri CAEN poate avea un SRL?,altele,asemanator,,da,,cate-coduri-caen-srl-2026
GH-04574,Pot adăuga mai multe coduri CAEN de la înființarea firmei?,infiintare,candidat,,nu,,
GH-04575,Trebuie autorizate toate codurile CAEN ale unui SRL?,altele,publicat,,nu,autorizate-codurile-caen-srl,
GH-04576,Cum autorizez activitățile unui SRL?,altele,candidat,,nu,,
GH-04577,Pot factura o activitate dacă nu am codul CAEN autorizat?,altele,publicat,,nu,factura-activitate-codul-caen-autorizat,
GH-04578,Ce se întâmplă dacă firma desfășoară o activitate fără cod CAEN autorizat?,altele,candidat,,nu,,
GH-04579,Cum aleg codul CAEN pentru servicii IT?,altele,candidat,,nu,,
GH-04580,Ce cod CAEN aleg pentru consultanță?,altele,candidat,,nu,,
GH-04581,Ce cod CAEN aleg pentru magazin online?,industrii,candidat,,nu,,
GH-04582,Ce cod CAEN aleg pentru marketing și publicitate?,altele,publicat,,nu,cod-caen-aleg-marketing-publicitate,
GH-04583,Ce cod CAEN aleg pentru servicii de contabilitate?,altele,candidat,,nu,,
GH-04584,Ce cod CAEN aleg pentru închirierea imobilelor?,altele,candidat,,nu,,
GH-04585,Cum actualizez codurile CAEN ale unei firme existente?,altele,candidat,,nu,,
GH-04586,Cum schimb codul CAEN principal al unui SRL?,altele,candidat,,nu,,
GH-04587,Cum adaug un cod CAEN nou la un SRL?,altele,asemanator,,nu,,adaug-cod-caen-nou-firma
GH-04588,Cum elimin un cod CAEN din actul constitutiv?,altele,publicat,,nu,elimin-cod-caen-actul-constitutiv,
GH-04589,Ce documente sunt necesare pentru modificarea obiectului de activitate?,altele,candidat,,nu,,
GH-04590,Cum înființez un PFA în 2026?,pfa,publicat,,nu,infiintez-pfa-2026,
GH-04591,Ce acte sunt necesare pentru deschiderea unui PFA?,pfa,asemanator,,nu,,acte-necesare-radierea-pfa
GH-04592,Cât costă înființarea unui PFA în 2026?,pfa,asemanator,,nu,,costa-infiintarea-srl-2026
GH-04593,Cât durează deschiderea unui PFA?,pfa,publicat,,nu,dureaza-deschiderea-pfa,
GH-04594,Cum înființez un PFA online?,pfa,asemanator,,nu,,infiintez-pfa-2026
GH-04595,Ce coduri CAEN poate avea un PFA?,pfa,candidat,,nu,,
GH-04596,Cum aleg între PFA și SRL în 2026?,pfa,publicat,,nu,aleg-pfa-srl-2026,
GH-04597,Cum aleg între PFA și întreprindere individuală?,pfa,publicat,,nu,aleg-pfa-intreprindere-individuala,
GH-04598,Care este diferența dintre PFA și II?,pfa,asemanator,,nu,,diferenta-dintre-pfa-intreprinderea-individuala
GH-04599,Cum înființez o întreprindere individuală în 2026?,pfa,publicat,,da,infiintez-intreprindere-individuala-2026,
GH-04600,Ce acte sunt necesare pentru o întreprindere individuală?,pfa,candidat,,nu,,
GH-04601,Cum înființez o întreprindere familială?,pfa,publicat,,nu,infiintez-intreprindere-familiala,
GH-04602,Ce trebuie făcut fiscal după înființarea unui PFA?,pfa,publicat,,nu,fiscal-infiintarea-pfa,
GH-04603,Trebuie depusă D212 imediat după înființarea unui PFA?,pfa,publicat,,nu,depusa-d212-imediat-infiintarea-pfa,
GH-04604,Cum aleg norma de venit sau sistemul real la înființarea PFA?,pfa,publicat,,nu,aleg-norma-venit-sistemul-real,
GH-04605,Cum înregistrez un PFA în SPV?,pfa,asemanator,,nu,,inregistrez-pfa-nou-spv
GH-04606,Cum înregistrez un SRL nou în SPV?,spv,asemanator,,nu,,inregistrez-pfa-nou-spv
GH-04607,Cum obțin acces SPV pentru o firmă nouă?,spv,publicat,,nu,obtin-acces-spv-firma-noua,
GH-04608,Când trebuie configurată e-Factura pentru un SRL nou?,spv,publicat,,nu,configurata-factura-srl-nou,
GH-04609,Cum înscriu o firmă nouă în RO e-Factura?,spv,candidat,,nu,,
GH-04610,Un SRL nou neplătitor de TVA trebuie să folosească e-Factura?,tva,publicat,,nu,srl-nou-neplatitor-tva-foloseasca,
GH-04611,Un PFA nou trebuie să folosească e-Factura?,pfa,asemanator,,nu,,pfa-foloseasca-factura-2026
GH-04612,Cum obțin certificat digital pentru firma nouă?,altele,publicat,,nu,obtin-certificat-digital-firma-noua,
GH-04613,Poate contabilul înrola firma nouă în SPV?,spv,candidat,,nu,,
GH-04614,Ce documente trebuie să primească contabilul după înființarea firmei?,infiintare,candidat,,nu,,
GH-04615,Ce registre sunt obligatorii pentru un SRL nou?,altele,publicat,,nu,registre-obligatorii-srl-nou,
GH-04616,Ce registre sunt obligatorii pentru un PFA nou?,pfa,asemanator,,nu,,registre-obligatorii-srl-nou
GH-04617,Ce trebuie configurat în contabilitate în prima lună de activitate?,altele,candidat,,nu,,
GH-04618,Cum se înregistrează primele cheltuieli făcute înainte de înființarea firmei?,infiintare,candidat,,nu,,
GH-04619,Pot deduce cheltuielile făcute înainte de înființarea SRL-ului?,infiintare,publicat,,nu,deduce-cheltuielile-facute-inainte-infiintarea,
GH-04620,Cum înregistrez taxele și cheltuielile de constituire ale firmei?,altele,candidat,,nu,,
GH-04621,Poate asociatul plăti cheltuielile firmei din banii personali?,infiintare,publicat,,nu,asociatul-plati-cheltuielile-firmei-banii,
GH-04622,Cum înregistrez banii aduși de asociat într-un SRL nou?,infiintare,publicat,,nu,inregistrez-banii-adusi-asociat-srl,
GH-04623,Cum creditez firma nouă prin contul 455?,altele,publicat,,nu,creditez-firma-noua-contul-455,
GH-04624,Cum înregistrez prima factură emisă de un SRL?,altele,publicat,,nu,inregistrez-prima-factura-emisa-srl,
GH-04625,Când trebuie angajat primul salariat într-un SRL micro?,salarizare,candidat,,nu,,
GH-04626,Ce se întâmplă dacă SRL-ul nou nu angajează salariat la termen?,salarizare,publicat,,nu,intampla-srl-ul-nou-angajeaza,
GH-04627,Cum înființez un SRL cu asociat unic?,infiintare,publicat,,nu,infiintez-srl-asociat-unic,
GH-04628,Poate o persoană să fie asociat unic în mai multe SRL-uri?,infiintare,asemanator,,nu,,aceeasi-persoana-asociat-multe-srl
GH-04629,Cum înființez un SRL cu doi asociați?,infiintare,publicat,,nu,infiintez-srl-doi-asociati,
GH-04630,Cum se stabilesc procentele asociaților la înființarea firmei?,infiintare,candidat,,nu,,
GH-04631,Poate administratorul să fie diferit de asociat?,infiintare,candidat,,nu,,
GH-04632,Poate un cetățean străin să înființeze SRL în România?,infiintare,candidat,,da,,
GH-04633,Poate o firmă străină să fie asociat într-un SRL românesc?,infiintare,publicat,,nu,firma-straina-asociat-srl-romanesc,
GH-04634,Cum înființez un SRL cu asociat persoană juridică?,infiintare,publicat,,nu,infiintez-srl-asociat-persoana-juridica-2,
GH-04635,Ce documente sunt necesare pentru un asociat străin?,infiintare,candidat,,nu,,
GH-04636,Cum stabilesc sediul social al unui SRL?,altele,asemanator,,nu,,prelungesc-sediul-social-srl
GH-04637,Pot pune sediul social al firmei în apartamentul propriu?,altele,publicat,,nu,pune-sediul-social-firmei-apartamentul,
GH-04638,Pot avea sediul social la domiciliul administratorului?,infiintare,publicat,,nu,sediul-social-domiciliul-administratorului,
GH-04639,Este necesar acordul vecinilor pentru sediul social?,altele,candidat,,nu,,
GH-04640,Cum prelungesc sediul social al unui SRL?,altele,publicat,,nu,prelungesc-sediul-social-srl,
GH-04641,Ce se întâmplă dacă expiră sediul social al firmei?,altele,publicat,,nu,intampla-expira-sediul-social-firmei,
GH-04642,Cum schimb sediul social al unui SRL?,altele,asemanator,,nu,,prelungesc-sediul-social-srl
GH-04643,Ce acte sunt necesare pentru schimbarea sediului social?,altele,asemanator,,nu,,acte-necesare-schimbarea-administratorului
GH-04644,Cum schimb sediul social în alt județ?,altele,publicat,,nu,schimb-sediul-social-alt-judet,
GH-04645,Se schimbă CUI-ul dacă mut sediul firmei în alt județ?,altele,publicat,,nu,schimba-cui-ul-mut-sediul,
GH-04646,Ce trebuie declarat la ANAF după schimbarea sediului social?,altele,candidat,,nu,,
GH-04647,Trebuie depus D700 după schimbarea sediului social?,altele,candidat,,nu,,
GH-04648,Cum actualizez sediul firmei în SPV?,spv,candidat,,nu,,
GH-04649,Cum actualizez adresa firmei pe facturi după schimbarea sediului?,altele,candidat,,nu,,
GH-04650,De la ce dată folosesc noua adresă pe facturi?,altele,candidat,,nu,,
GH-04651,Cum deschid un punct de lucru pentru un SRL?,altele,publicat,,nu,deschid-punct-lucru-srl,
GH-04652,Ce acte sunt necesare pentru deschiderea unui punct de lucru?,altele,candidat,,nu,,
GH-04653,Când trebuie declarat punctul de lucru la ANAF?,altele,publicat,,nu,declarat-punctul-lucru-anaf,
GH-04654,Cum declar fiscal un sediu secundar?,altele,candidat,,nu,,
GH-04655,Trebuie depus D700 pentru un punct de lucru?,altele,candidat,,nu,,
GH-04656,Când primește un punct de lucru cod fiscal separat?,altele,publicat,,nu,primeste-punct-lucru-cod-fiscal,
GH-04657,Cum înregistrez salariații unui punct de lucru?,salarizare,publicat,,nu,inregistrez-salariatii-punct-lucru,
GH-04658,Cum închid un punct de lucru?,altele,candidat,,nu,,
GH-04659,Ce declarații trebuie depuse după închiderea unui sediu secundar?,altele,publicat,,nu,declaratii-depuse-inchiderea-sediu-secundar,
GH-04660,Cum schimb denumirea unui SRL?,altele,publicat,,nu,schimb-denumirea-srl,
GH-04661,Ce acte sunt necesare pentru schimbarea denumirii firmei?,altele,asemanator,,nu,,acte-necesare-schimbarea-administratorului
GH-04662,Se schimbă CUI-ul dacă schimb denumirea firmei?,altele,candidat,,nu,,
GH-04663,Ce trebuie actualizat după schimbarea denumirii SRL-ului?,altele,candidat,,nu,,
GH-04664,Trebuie anunțată ANAF după schimbarea denumirii firmei?,altele,candidat,,nu,,
GH-04665,Cum actualizez denumirea firmei în SPV și e-Factura?,spv,candidat,,nu,,
GH-04666,Cum schimb administratorul unui SRL?,infiintare,publicat,,nu,schimb-administratorul-srl,
GH-04667,Ce acte sunt necesare pentru schimbarea administratorului?,infiintare,publicat,,nu,acte-necesare-schimbarea-administratorului,
GH-04668,De la ce dată produce efecte schimbarea administratorului?,infiintare,publicat,,nu,data-produce-efecte-schimbarea-administratorului,
GH-04669,Trebuie anunțată ANAF când se schimbă administratorul?,infiintare,candidat,,nu,,
GH-04670,Cum schimb accesul în SPV după schimbarea administratorului?,spv,publicat,,nu,schimb-accesul-spv-schimbarea-administratorului,
GH-04671,Cum retrag certificatul digital al fostului administrator?,infiintare,candidat,,nu,,
GH-04672,Cum numesc un administrator nou într-un SRL?,infiintare,candidat,,nu,,
GH-04673,Poate fi numit administrator un neasociat?,infiintare,publicat,,nu,numit-administrator-neasociat,
GH-04674,Poate fi administrator un cetățean străin?,infiintare,publicat,,nu,administrator-cetatean-strain,
GH-04675,Cum prelungesc mandatul administratorului?,infiintare,candidat,,nu,,
GH-04676,Ce se întâmplă dacă mandatul administratorului expiră?,infiintare,asemanator,,nu,,intampla-mandatul-administratorului-srl-expira
GH-04677,Cum schimb durata mandatului administratorului?,infiintare,publicat,,nu,schimb-durata-mandatului-administratorului,
GH-04678,Cum adaug un asociat nou într-un SRL?,infiintare,candidat,,nu,,
GH-04679,Cum scot un asociat dintr-un SRL?,infiintare,publicat,,nu,scot-asociat-dintr-srl,
GH-04680,Cum se face cesiunea părților sociale în 2026?,altele,publicat,,nu,cesiunea-partilor-sociale-2026,
GH-04681,Ce acte sunt necesare pentru cesiunea părților sociale?,altele,publicat,,nu,acte-necesare-cesiunea-partilor-sociale,
GH-04682,Cum vând părțile sociale ale unui SRL?,altele,candidat,,nu,,
GH-04683,Cum cumpăr părți sociale într-o firmă existentă?,altele,candidat,,nu,,
GH-04684,Ce taxe apar la cesiunea părților sociale?,altele,candidat,,nu,,
GH-04685,Cum se înregistrează contabil cesiunea părților sociale?,altele,candidat,,nu,,
GH-04686,Cesiunea părților sociale se înregistrează în contabilitatea firmei?,altele,publicat,,nu,cesiunea-partilor-sociale-inregistreaza-contabilitatea,
GH-04687,Ce obligații fiscale are asociatul care își vinde părțile sociale?,infiintare,candidat,,nu,,
GH-04688,Cum se declară câștigul din cesiunea părților sociale?,altele,candidat,,nu,,
GH-04689,Trebuie notificată ANAF la cesiunea părților sociale?,altele,candidat,,nu,,
GH-04690,Ce trebuie verificat fiscal înainte de cesiunea unei firme?,altele,publicat,,nu,verificat-fiscal-inainte-cesiunea-firme,
GH-04691,Cum verific datoriile unei firme înainte să cumpăr părțile sociale?,altele,candidat,,nu,,
GH-04692,Cum verific situația fiscală a unui SRL înainte de preluare?,altele,candidat,,nu,,
GH-04693,Ce documente contabile trebuie predate la schimbarea asociaților?,infiintare,candidat,,nu,,
GH-04694,Ce trebuie predat noului administrator la preluarea firmei?,infiintare,publicat,,nu,predat-noului-administrator-preluarea-firmei,
GH-04695,Cum se face predarea contabilității la schimbarea administratorului?,infiintare,publicat,,nu,predarea-contabilitatii-schimbarea-administratorului,
GH-04696,Cum schimb procentul de participare al asociaților?,infiintare,candidat,,nu,,
GH-04697,Cum majorez capitalul social al unui SRL?,infiintare,asemanator,,nu,,majorezi-capitalul-social-srl
GH-04698,Cum se înregistrează contabil majorarea capitalului social?,infiintare,candidat,,nu,,
GH-04699,Cum majorez capitalul social din profitul nerepartizat?,infiintare,publicat,,nu,majorez-capitalul-social-profitul-nerepartizat,
GH-04700,Cum majorez capitalul social din rezerve?,infiintare,asemanator,,nu,,majorez-capitalul-social-profitul-nerepartizat
GH-04701,Cum majorez capitalul social prin aport în numerar?,casierie,candidat,,nu,,
GH-04702,Cum majorez capitalul social prin aport în natură?,infiintare,candidat,,nu,,
GH-04703,Cum transform împrumutul asociatului în capital social?,infiintare,publicat,,nu,transform-imprumutul-asociatului-capital-social,
GH-04704,Cum se înregistrează conversia contului 455 în capital social?,infiintare,candidat,,nu,,
GH-04705,Cum reduc capitalul social al unui SRL?,infiintare,asemanator,,nu,,majorezi-capitalul-social-srl
GH-04706,Ce condiții trebuie îndeplinite pentru reducerea capitalului social?,infiintare,candidat,,nu,,
GH-04707,Cum se contabilizează reducerea capitalului social?,infiintare,publicat,,nu,contabilizeaza-reducerea-capitalului-social,
GH-04708,Pot restitui asociaților capitalul social redus?,infiintare,candidat,,nu,,
GH-04709,Ce taxe apar la restituirea capitalului social?,infiintare,publicat,,nu,taxe-apar-restituirea-capitalului-social,
GH-04710,Cum modific actul constitutiv al unui SRL?,altele,publicat,,nu,modific-actul-constitutiv-srl,
GH-04711,Când trebuie actualizat actul constitutiv?,altele,candidat,,nu,,
GH-04712,Cum depun un act constitutiv actualizat la Registrul Comerțului?,altele,publicat,,nu,depun-act-constitutiv-actualizat-registrul,
GH-04713,Ce modificări ale firmei trebuie înregistrate la Registrul Comerțului?,altele,publicat,,nu,modificari-firmei-inregistrate-registrul-comertului,
GH-04714,Ce modificări trebuie declarate separat la ANAF?,altele,candidat,,nu,,
GH-04715,Cum corectez o mențiune înregistrată greșit la Registrul Comerțului?,greseli,publicat,,nu,corectez-mentiune-inregistrata-gresit-registrul,
GH-04716,Cum corectez datele firmei din evidența ANAF?,greseli,publicat,,nu,corectez-datele-firmei-evidenta-anaf,
GH-04717,Cum depun D700 pentru modificarea vectorului fiscal?,altele,candidat,,nu,,
GH-04718,Ce modificări fiscale se declară prin D700 în 2026?,altele,candidat,,nu,,
GH-04719,Cum trec un SRL de la micro la impozit pe profit?,profit,publicat,,nu,trec-srl-micro-impozit-profit,
GH-04720,Cum modific regimul fiscal al firmei după depășirea plafonului micro?,micro,candidat,,nu,,
GH-04721,Cum înregistrez firma în scopuri de TVA?,tva,candidat,,nu,,
GH-04722,Cum devine un SRL plătitor de TVA în 2026?,tva,asemanator,,nu,,inchid-srl-platitor-tva
GH-04723,Cum solicit înregistrarea voluntară în scopuri de TVA?,tva,asemanator,,nu,,inregistrarea-voluntara-scopuri-tva-2026
GH-04724,Ce trebuie făcut după depășirea plafonului de scutire TVA?,tva,candidat,,nu,,
GH-04725,Cum schimb perioada fiscală TVA de la trimestru la lună?,tva,candidat,,da,,
GH-04726,Cum schimb perioada fiscală TVA de la lună la trimestru?,tva,candidat,,da,,
GH-04727,Cum intru în sistemul TVA la încasare?,tva,publicat,,da,intrare-sistem-tva-la-incasare,
GH-04728,Cum ies din sistemul TVA la încasare?,tva,publicat,,nu,ies-sistemul-tva-incasare,
GH-04729,Cum anulez codul de TVA al unei firme?,tva,asemanator,,nu,,verific-codul-tva-firme
GH-04730,Cum reactivez codul de TVA după anulare?,tva,publicat,,nu,reactivez-codul-tva-anulare,
GH-04731,Cum suspend activitatea unui SRL în 2026?,altele,asemanator,,nu,,suspend-activitatea-srl-pas-pas
GH-04732,Ce acte sunt necesare pentru suspendarea activității firmei?,altele,candidat,,nu,,
GH-04733,Cât timp poate fi suspendată activitatea unui SRL?,altele,candidat,,nu,,
GH-04734,Ce declarații fiscale se depun în perioada de suspendare?,altele,publicat,,nu,declaratii-fiscale-depun-perioada-suspendare,
GH-04735,Mai trebuie depus D300 dacă firma este suspendată?,tva,publicat,,nu,depus-d300-firma-suspendata,
GH-04736,Mai trebuie depus D112 dacă firma este suspendată?,salarizare,publicat,,nu,depus-d112-firma-suspendata,
GH-04737,Mai trebuie depus D406 SAF-T dacă firma este suspendată?,declaratii_speciale,publicat,,nu,mai-trebuie-depus-d406-saf-t-daca-firma-este-suspendata,
GH-04738,Ce se întâmplă cu e-Factura când firma își suspendă activitatea?,spv,asemanator,,nu,,intampla-salariatii-firma-suspenda-activitatea
GH-04739,Poate o firmă suspendată să emită facturi?,altele,publicat,,nu,firma-suspendata-emita-facturi,
GH-04740,Poate o firmă suspendată să încaseze facturi vechi?,altele,asemanator,,nu,,firma-suspendata-emita-facturi
GH-04741,Poate o firmă suspendată să plătească datorii?,altele,publicat,,nu,firma-suspendata-plateasca-datorii,
GH-04742,Cum se contabilizează operațiunile din perioada de suspendare?,altele,publicat,,nu,contabilizeaza-operatiunile-perioada-suspendare,
GH-04743,Ce se întâmplă cu salariații când firma își suspendă activitatea?,salarizare,publicat,,nu,intampla-salariatii-firma-suspenda-activitatea,
GH-04744,Ce se întâmplă cu regimul micro când firma își suspendă activitatea?,micro,publicat,,nu,intampla-regimul-micro-firma-suspenda,
GH-04745,Cum reiau activitatea unui SRL suspendat?,altele,candidat,,nu,,
GH-04746,Ce acte sunt necesare pentru reluarea activității?,altele,candidat,,nu,,
GH-04747,Ce declarații trebuie depuse după reactivarea firmei?,altele,candidat,,nu,,
GH-04748,Cum reactivez vectorul fiscal după reluarea activității?,altele,candidat,,nu,,
GH-04749,Cum reactivez accesul fiscal al unei firme după suspendare?,altele,publicat,,nu,reactivez-accesul-fiscal-firme-suspendare,
GH-04750,Cum suspend activitatea unui PFA?,pfa,candidat,,nu,,
GH-04751,Cât timp poate fi suspendat un PFA?,pfa,candidat,,nu,,
GH-04752,Ce obligații fiscale are un PFA în perioada de suspendare?,pfa,publicat,,nu,obligatii-fiscale-pfa-perioada-suspendare (+1 dubluri),
GH-04753,Cum reiau activitatea unui PFA suspendat?,pfa,candidat,,nu,,
GH-04754,Cum radiez un PFA în 2026?,pfa,publicat,,nu,radiez-pfa-2026,
GH-04755,Ce acte sunt necesare pentru radierea unui PFA?,pfa,publicat,,nu,acte-necesare-radierea-pfa,
GH-04756,Ce declarații trebuie depuse după radierea unui PFA?,pfa,publicat,,nu,declaratii-depuse-radierea-pfa,
GH-04757,Mai depun D212 după radierea PFA?,pfa,publicat,,nu,depun-d212-radierea-pfa,
GH-04758,Cum declar veniturile finale după închiderea PFA?,pfa,publicat,,nu,cum-declar-veniturile-finale-dupa-inchiderea-pfa,
GH-04759,Ce fac cu mijloacele fixe la radierea PFA?,pfa,candidat,,nu,,
GH-04760,Ce fac cu stocurile la închiderea PFA?,pfa,publicat,,nu,stocurile-inchiderea-pfa,
GH-04761,Ce fac cu TVA la radierea unui PFA plătitor de TVA?,pfa,asemanator,,nu,,tva-radierea-pfa-platitor-tva
GH-04762,Cum închid o întreprindere individuală?,pfa,candidat,,da,,
GH-04763,Ce declarații depun după radierea unei întreprinderi individuale?,pfa,candidat,,nu,,
GH-04764,Cum închid definitiv un SRL în 2026?,altele,candidat,,nu,,
GH-04765,Care sunt pașii pentru închiderea unui SRL fără activitate?,altele,candidat,,nu,,
GH-04766,Cum închid un SRL care nu are datorii?,altele,asemanator,,da,,inchid-srl-stocuri
GH-04767,Cum închid un SRL care are datorii?,altele,asemanator,,da,,inchid-srl-stocuri
GH-04768,Pot radia un SRL cu datorii la ANAF?,altele,candidat,,nu,,
GH-04769,Pot închide o firmă care are datorii către asociați?,infiintare,publicat,,nu,inchide-firma-datorii-asociati,
GH-04770,Cum închid un SRL cu sold în contul 455?,altele,publicat,,nu,inchid-srl-sold-contul-455,
GH-04771,Cum închid un SRL cu bani în contul bancar?,casierie,publicat,,nu,inchid-srl-bani-contul-bancar,
GH-04772,Cum închid un SRL cu numerar în casierie?,casierie,publicat,,nu,inchid-srl-numerar-casierie,
GH-04773,Cum închid un SRL care mai are stocuri?,stocuri,publicat,,nu,inchid-srl-stocuri,
GH-04774,Cum închid un SRL care mai are mijloace fixe?,mijloace_fixe,publicat,,nu,inchid-srl-mijloace-fixe,
GH-04775,Cum închid un SRL care deține un autoturism?,altele,publicat,,nu,cum-inchid-srl-care-detine-autoturism,
GH-04776,Cum închid un SRL care deține un imobil?,altele,publicat,,nu,inchid-srl-detine-imobil,
GH-04777,Cum închid un SRL cu facturi neîncasate?,altele,publicat,,nu,inchid-srl-facturi-neincasate,
GH-04778,Cum închid un SRL cu datorii către furnizori?,altele,publicat,,nu,inchid-srl-datorii-furnizori,
GH-04779,Cum închid un SRL cu salariați?,salarizare,publicat,,nu,inchid-srl-salariati,
GH-04780,Ce se întâmplă cu contractele de muncă la lichidarea firmei?,infiintare,candidat,,nu,,
GH-04781,Ce se întâmplă cu concediile neefectuate când firma se închide?,altele,publicat,,nu,intampla-concediile-neefectuate-firma-inchide,
GH-04782,Cum închid un SRL micro?,micro,publicat,,nu,cum-inchid-srl-micro,
GH-04783,Cum închid un SRL plătitor de impozit pe profit?,profit,publicat,,nu,inchid-srl-platitor-impozit-profit,
GH-04784,Cum închid un SRL plătitor de TVA?,tva,publicat,,nu,inchid-srl-platitor-tva,
GH-04785,Cum închid un SRL neplătitor de TVA?,tva,publicat,,nu,inchid-srl-neplatitor-tva,
GH-04786,Cum închid o firmă care aplică TVA la încasare?,tva,publicat,,nu,inchidere-firma-tva-la-incasare,
GH-04787,Cum închid o firmă cu TVA trimestrial?,tva,publicat,,nu,cum-inchid-firma-cu-tva-trimestrial,
GH-04788,"Care este diferența dintre dizolvare, lichidare și radiere?",infiintare,candidat,,nu,,
GH-04789,Ce înseamnă dizolvarea voluntară a unui SRL?,altele,candidat,,nu,,
GH-04790,Ce înseamnă lichidarea simultană a unui SRL?,infiintare,candidat,,nu,,
GH-04791,Când se poate face dizolvare și lichidare simultană?,infiintare,publicat,,nu,dizolvare-lichidare-simultana,
GH-04792,Când este necesar un lichidator pentru închiderea firmei?,altele,candidat,,nu,,
GH-04793,Cum se numește lichidatorul unei societăți?,altele,candidat,,nu,,
GH-04794,Cât durează dizolvarea și lichidarea unui SRL?,infiintare,candidat,,nu,,
GH-04795,Ce documente contabile sunt necesare la lichidarea unei firme?,infiintare,publicat,,nu,documente-contabile-necesare-lichidarea-firme,
GH-04796,Ce bilanț se depune la lichidarea unui SRL?,infiintare,publicat,,nu,bilant-depune-lichidarea-srl,
GH-04797,Cum se întocmește bilanțul de lichidare?,infiintare,candidat,,da,,
GH-04798,Ce declarații fiscale se depun în timpul lichidării?,altele,candidat,,nu,,
GH-04799,Ce declarații se depun înainte de radierea firmei?,infiintare,publicat,,nu,declaratii-depun-inainte-radierea-firmei,
GH-04800,Când se depune ultima D100 la lichidarea firmei?,infiintare,publicat,,nu,depune-ultima-d100-lichidarea-firmei,
GH-04801,Când se depune ultima D101 la lichidarea firmei?,profit,asemanator,,nu,,depune-ultima-d394-lichidarea-firmei
GH-04802,Când se depune ultima D300 la lichidarea firmei?,tva,publicat,,nu,depune-ultima-d300-lichidarea-firmei,
GH-04803,Când se depune ultima D394 la lichidarea firmei?,tva,publicat,,nu,depune-ultima-d394-lichidarea-firmei,
GH-04804,Când se depune ultima D112 la lichidarea firmei?,salarizare,publicat,,nu,depune-ultima-d112-lichidarea-firmei,
GH-04805,Când se depune ultima D406 SAF-T la lichidarea firmei?,declaratii_speciale,publicat,,nu,cand-se-depune-ultima-d406-saf-t-la-lichidarea-firmei,
GH-04806,Cum se închide vectorul fiscal al unei societăți radiate?,altele,candidat,,nu,,
GH-04807,Trebuie depus D700 la radierea firmei?,infiintare,publicat,,nu,depus-d700-radierea-firmei,
GH-04808,Cum se anulează codul de TVA la lichidarea societății?,tva,publicat,,nu,anuleaza-codul-tva-lichidarea-societatii,
GH-04809,Cum se ajustează TVA la lichidarea firmei?,tva,publicat,,nu,ajusteaza-tva-lichidarea-firmei,
GH-04810,Ce se întâmplă cu TVA dedusă pentru stocuri la lichidare?,tva,publicat,,nu,intampla-tva-dedusa-stocuri-lichidare,
GH-04811,Ce se întâmplă cu TVA pentru mijloacele fixe la lichidare?,tva,publicat,,nu,intampla-tva-mijloacele-fixe-lichidare,
GH-04812,Cum se tratează bunurile rămase la lichidarea unui SRL?,infiintare,publicat,,nu,trateaza-bunurile-ramase-lichidarea-srl,
GH-04813,Cum se distribuie bunurile către asociați la lichidare?,infiintare,asemanator,,nu,,distribuie-banii-ramasi-asociati-lichidare
GH-04814,Cum se distribuie banii rămași către asociați la lichidare?,infiintare,publicat,,nu,distribuie-banii-ramasi-asociati-lichidare,
GH-04815,Cum se impozitează sumele primite de asociați la lichidarea firmei?,infiintare,publicat,,nu,impoziteaza-sumele-primite-asociati-lichidarea,
GH-04816,Cum se calculează venitul din lichidarea unei societăți?,infiintare,publicat,,nu,calcul-venit-lichidare-societate,
GH-04817,Cine reține impozitul la lichidarea unui,infiintare,asemanator,,nu,,retine-impozitul-lichidarea-srl
GH-04818,Înființare SRL 2026: care sunt pașii concreți,infiintare,publicat,,nu,infiintare-srl-2026-pasii-concreti,
GH-04819,"Cât costă înființarea unui SRL în 2026, cu tot cu taxe",infiintare,publicat,,nu,costa-infiintarea-srl-2026-taxe,
GH-04820,Capitalul social minim pentru un SRL în 2026,infiintare,candidat,,nu,,
GH-04821,Se mai poate înființa SRL cu 1 leu capital social,infiintare,candidat,,nu,,
GH-04822,Cum înființez un SRL în 24 de ore la ONRC,infiintare,publicat,,nu,infiintez-srl-24-ore-onrc,
GH-04823,Înființare SRL online prin portalul ONRC: procedura 2026,infiintare,candidat,,nu,,
GH-04824,Documentele necesare pentru înființarea unui SRL,infiintare,candidat,,nu,,
GH-04825,Actul constitutiv al SRL: cum îl redactez,altele,candidat,,nu,,
GH-04826,Cum obțin rezervarea numelui de firmă la ONRC,infiintare,candidat,,nu,,
GH-04827,Verificarea disponibilității denumirii la ONRC,infiintare,candidat,,nu,,
GH-04828,Se poate înființa un SRL fără sediu social propriu,infiintare,candidat,,nu,,
GH-04829,Sediu social la domiciliu: se poate în 2026,altele,candidat,,nu,,
GH-04830,Înființare SRL cu sediu social virtual: este legal,infiintare,candidat,,nu,,
GH-04831,Cum dovedesc dreptul de folosință asupra sediului social,altele,publicat,,da,dovedesc-dreptul-folosinta-asupra-sediului,
GH-04832,Înființare SRL cu un singur asociat: condiții,infiintare,candidat,,nu,,
GH-04833,Înființare SRL cu doi asociați: documente necesare,infiintare,publicat,,nu,infiintare-srl-doi-asociati-documente,
GH-04834,Cum stabilesc părțile sociale la înființarea SRL,infiintare,candidat,,nu,,
GH-04835,Aportul în numerar la capitalul social: cum se varsă,casierie,publicat,,nu,aportul-numerar-capitalul-social-varsa,
GH-04836,Aportul în natură la înființarea SRL: evaluare,infiintare,candidat,,nu,,
GH-04837,Cum se declară aportul în natură la ONRC,infiintare,candidat,,nu,,
GH-04838,Termenul de vărsare a capitalului social după înființare,infiintare,candidat,,nu,,
GH-04839,SRL nou: contul bancar obligatoriu pentru capital,casierie,candidat,,nu,,
GH-04840,Cum deschid contul de capital social la bancă,infiintare,candidat,,nu,,
GH-04841,Dovada vărsării capitalului social la ONRC,infiintare,publicat,,nu,dovada-varsarii-capitalului-social-onrc,
GH-04842,Înființare SRL cu obiect de activitate IT: coduri CAEN,infiintare,publicat,,nu,infiintare-srl-obiect-activitate-it,
GH-04843,Cum aleg codurile CAEN la înființarea firmei,infiintare,publicat,,nu,aleg-codurile-caen-infiintarea-firmei,
GH-04844,Codurile CAEN autorizate vs neautorizate: diferențe 2026,greseli,candidat,,nu,,
GH-04845,Înființare SRL pentru consultanță: ce coduri CAEN,infiintare,publicat,,nu,infiintare-srl-consultanta-coduri-caen,
GH-04846,CAEN pentru comerț online: ce trebuie declarat,industrii,candidat,,nu,,
GH-04847,Înființare firmă cu activitate de transport: autorizări necesare,infiintare,candidat,,nu,,
GH-04848,Înființare SRL în HoReCa: avize suplimentare,infiintare,candidat,,nu,,
GH-04849,Cum obțin avizul sanitar pentru înființare firmă,infiintare,candidat,,nu,,
GH-04850,Înființare PFA 2026: pașii și documentele,pfa,candidat,,nu,,
GH-04851,PFA la ONRC vs la ANAF: unde mă înregistrez,pfa,publicat,,nu,pfa-onrc-vs-anaf-ma,
GH-04852,Cum înființez un PFA în 2026 pas cu pas,pfa,asemanator,,nu,,infiintez-pfa-2026
GH-04853,Diferența dintre PFA și II la înființare,pfa,candidat,,nu,,
GH-04854,Cum înființez o întreprindere individuală în 2026,pfa,publicat,,da,infiintez-intreprindere-individuala-2026,
GH-04855,Înființare II cu un singur titular: condiții,pfa,candidat,,nu,,
GH-04856,PFA vs SRL pentru început: ce aleg pentru un business mic,pfa,candidat,,nu,,
GH-04857,Înființare SA 2026: condiții și capital minim,infiintare,candidat,,nu,,
GH-04858,Capitalul social minim pentru o SA în 2026,infiintare,candidat,,nu,,
GH-04859,Cum se înființează o societate pe acțiuni pas cu pas,infiintare,publicat,,nu,infiinteaza-societate-actiuni-pas-pas,
GH-04860,Înființare SRL cu asociați străini: documente,infiintare,publicat,,nu,infiintare-srl-asociati-straini-documente,
GH-04861,Cum înființează un străin o firmă în România,infiintare,candidat,,nu,,
GH-04862,Documentele pentru înființarea firmei de către nerezidenți,infiintare,publicat,,nu,documentele-infiintarea-firmei-nerezidenti,
GH-04863,Înființare filială a unei firme străine în România,infiintare,candidat,,nu,,
GH-04864,Înființare sucursală: diferențe față de filială,infiintare,publicat,,nu,infiintare-sucursala-diferente-filiala,
GH-04865,Cum înființez un punct de lucru al firmei,infiintare,publicat,,nu,infiintez-punct-lucru-firmei,
GH-04866,Înființare SRL pentru o firmă de construcții: autorizări,infiintare,publicat,,nu,infiintare-srl-firma-constructii-autorizari,
GH-04867,Registrul comerțului: ce este și ce rol are,altele,publicat,,nu,registrul-comertului-rol,
GH-04868,Cum depun dosarul la Registrul Comerțului în 2026,altele,candidat,,nu,,
GH-04869,Taxa de înființare firma la ONRC: cât plătesc,infiintare,publicat,,nu,taxa-infiintare-firma-onrc-platesc,
GH-04870,Termenul de soluționare a cererii la ONRC,infiintare,publicat,,nu,termenul-solutionare-cererii-onrc,
GH-04871,Am primit respingere la înființarea firmei: ce fac,infiintare,publicat,,nu,primit-respingere-infiintarea-firmei,
GH-04872,Cum corectez un dosar de înființare respins,infiintare,asemanator,,nu,,corectez-dosar-infiintare-respins-registrul
GH-04873,Înființare firmă cu denumire respinsă: cum contest,infiintare,candidat,,nu,,
GH-04874,Cum obțin CUI-ul după înființarea firmei,infiintare,candidat,,nu,,
GH-04875,Certificatul de înregistrare: ce conține,altele,publicat,,nu,certificatul-inregistrare-contine,
GH-04876,Cum obțin certificatul constatator de la ONRC,infiintare,candidat,,nu,,
GH-04877,D010 la înființarea firmei: cum îl completez,infiintare,candidat,,nu,,
GH-04878,Cum declar vectorul fiscal la înființare,infiintare,asemanator,,nu,,aleg-vectorul-fiscal-corect-infiintare
GH-04879,Opțiunea pentru TVA la înființarea firmei: când o fac,tva,candidat,,nu,,
GH-04880,Opțiunea pentru impozit micro la înființare: cum procedez,infiintare,publicat,,nu,optiunea-impozit-micro-infiintare-procedez,
GH-04881,Înregistrarea firmei nou înființate la ANAF,infiintare,publicat,,nu,inregistrarea-firmei-nou-infiintate-anaf,
GH-04882,Primele obligații fiscale după înființarea firmei,infiintare,publicat,,nu,primele-obligatii-fiscale-infiintarea-firmei,
GH-04883,Prima declarație a unei firme noi: ce depun,altele,publicat,,nu,prima-declaratie-firme-noi-depun,
GH-04884,Calendarul obligațiilor fiscale în primul an de activitate,altele,publicat,,nu,calendarul-obligatiilor-fiscale-primul-an,
GH-04885,Înființare firmă și angajarea primului salariat,salarizare,candidat,,nu,,
GH-04886,Cum închei primul contract de muncă în firma nouă,altele,publicat,,nu,inchei-primul-contract-munca-firma,
GH-04887,Înregistrarea în REVISAL la înființarea firmei,infiintare,publicat,,nu,inregistrarea-revisal-infiintarea-firmei,
GH-04888,Autorizarea firmei la ITM: obligații 2026,altele,publicat,,nu,autorizarea-firmei-itm-obligatii-2026,
GH-04889,Cum obțin autorizația de funcționare pentru firma nouă,altele,candidat,,nu,,
GH-04890,Înființare firmă cu activitate de import-export: obligații,infiintare,publicat,,nu,infiintare-firma-activitate-import-export-obligatii (+1 dubluri),
GH-04891,Cum obțin codul EORI pentru firma nouă,altele,candidat,,nu,,
GH-04892,Înființare firmă nouă pentru comerț intracomunitar,ic_ue,candidat,,nu,,
GH-04893,Modificare SRL 2026: cum schimb sediul social,altele,publicat,,nu,modificare-srl-2026-schimb-sediul,
GH-04894,Cum schimb sediul social al firmei la ONRC,infiintare,publicat,,nu,schimb-sediul-social-firmei-onrc,
GH-04895,Modificarea sediului social: documente și termene,control_fiscal,candidat,,nu,,
GH-04896,Schimbarea punctului de lucru: cum se declară,altele,candidat,,nu,,
GH-04897,Modificare obiect de activitate: cum adaug coduri CAEN,altele,candidat,,nu,,
GH-04898,Cum adaug un cod CAEN nou la firma existentă,altele,publicat,,nu,adaug-cod-caen-nou-firma,
GH-04899,Modificare CAEN în 2026: procedura la ONRC,infiintare,publicat,,nu,modificare-caen-2026-procedura-onrc,
GH-04900,Cum elimin un cod CAEN din activitatea firmei,altele,publicat,,nu,elimin-cod-caen-activitatea-firmei,
GH-04901,Modificare asociați la SRL: cum se face,infiintare,publicat,,nu,modificare-asociati-srl,
GH-04902,Cesiunea părților sociale: acte și taxe 2026,altele,candidat,,nu,,
GH-04903,Cum se transferă părțile sociale către un nou asociat,infiintare,candidat,,nu,,
GH-04904,Modificare administrator la firmă: procedura,infiintare,candidat,,nu,,
GH-04905,Schimbarea administratorului la ONRC: documente,infiintare,publicat,,nu,schimbarea-administratorului-onrc-documente,
GH-04906,Cum numesc un nou administrator în firmă,infiintare,publicat,,nu,numesc-nou-administrator-firma,
GH-04907,Modificarea capitalului social: majorare sau reducere,infiintare,candidat,,nu,,
GH-04908,Majorarea capitalului social 2026: cum se înregistrează,infiintare,candidat,,nu,,
GH-04909,Reducerea capitalului social: condiții și procedură,infiintare,candidat,,nu,,
GH-04910,Modificarea actului constitutiv: cum procedez,altele,candidat,,nu,,
GH-04911,Hotărârea AGA pentru modificarea firmei: model,altele,publicat,,nu,hotararea-aga-modificarea-firmei-model,
GH-04912,Modificare denumire firmă: cum se schimbă,altele,candidat,,nu,,
GH-04913,Schimbarea numelui firmei la ONRC: pași și taxe,infiintare,candidat,,nu,,
GH-04914,Modificare număr de asociati: de la unul la mai mulți,infiintare,publicat,,nu,modificare-numar-asociati-unul-multi,
GH-04915,Modificare SRL din unipersonal în pluripersonal,altele,candidat,,nu,,
GH-04916,Cum transform un SRL unipersonal în societate cu mai mulți asociați,infiintare,candidat,,nu,,
GH-04917,Modificare formă juridică: schimbarea din SRL în SA,altele,publicat,,nu,modificare-forma-juridica-schimbarea-srl,
GH-04918,Transformarea PFA în SRL: cum se face,pfa,candidat,,nu,,
GH-04919,Cum trec de la PFA la SRL în 2026,pfa,candidat,,nu,,
GH-04920,Transformarea II în SRL: procedură,pfa,publicat,,nu,transformarea-ii-srl-procedura,
GH-04921,Schimbarea formei juridice a firmei: implicații fiscale,altele,candidat,,nu,,
GH-04922,Modificare obiect principal de activitate: ce se schimbă,altele,candidat,,nu,,
GH-04923,Schimbarea domiciului fiscal: cum se declară,altele,asemanator,,nu,,schimbarea-domiciliului-fiscal-declara
GH-04924,Modificare date bancare la ONRC: e obligatoriu,infiintare,candidat,,nu,,
GH-04925,Schimbarea sediului social în alt județ: obligații,altele,publicat,,nu,schimbarea-sediului-social-alt-judet,
GH-04926,Modificarea contractului de societate: cum se înregistrează,altele,candidat,,nu,,
GH-04927,Cum înregistrez o hotărâre AGA la ONRC,infiintare,candidat,,nu,,
GH-04928,Modificare SRL cu asociați nerezidenți: acte specifice,infiintare,publicat,,nu,modificare-srl-asociati-nerezidenti-acte,
GH-04929,Înregistrarea noilor asociați străini la ONRC,infiintare,publicat,,nu,inregistrarea-noilor-asociati-straini-onrc,
GH-04930,Modificarea structurii de acționariat la SA,altele,candidat,,nu,,
GH-04931,Cum se cesionează acțiunile la o SA,altele,publicat,,nu,cesioneaza-actiunile,
GH-04932,Modificare administrator nerezident: documente suplimentare,infiintare,candidat,,nu,,
GH-04933,Modificarea SRL ca urmare a divorțului asociaților,infiintare,publicat,,nu,modificarea-srl-urmare-divortului-asociatilor,
GH-04934,Cum împart părțile sociale la divorț,altele,candidat,,nu,,
GH-04935,Modificare firmă după decesul unui asociat,infiintare,candidat,,nu,,
GH-04936,Cum procedez când un asociat a decedat,infiintare,publicat,,nu,procedez-asociat-decedat,
GH-04937,Modificare asociat persoană juridică: documente,infiintare,candidat,,nu,,
GH-04938,Cum înregistrez intrarea unei firme ca asociat,infiintare,publicat,,nu,inregistrez-intrarea-firme-asociat,
GH-04939,Modificare capital prin incorporarea rezervelor,altele,publicat,,nu,modificare-capital-incorporarea-rezervelor,
GH-04940,Majorarea capitalului din rezerve: procedură,altele,candidat,,nu,,
GH-04941,Modificare obiect de activitate pentru licitații publice,altele,candidat,,nu,,
GH-04942,Cum actualizez datele firmei în SPV,spv,candidat,,nu,,
GH-04943,Modificare vector fiscal: când și cum,altele,publicat,,nu,modificare-vector-fiscal,
GH-04944,Cum anunț ANAF despre modificările la firmă,altele,publicat,,nu,anunt-anaf-modificarile-firma,
GH-04945,Modificările firmel care obligă la actualizarea CAEN,altele,candidat,,nu,,
GH-04946,Modificare firmă și impact asupra regimului micro,micro,candidat,,nu,,
GH-04947,Schimbarea activității și ieșirea din micro,micro,candidat,,nu,,
GH-04948,Modificare firmă care afectează plafonul de TVA,tva,candidat,,nu,,
GH-04949,Cum mă asigur că modificările nu-mi schimbă regimul fiscal,altele,candidat,,nu,,
GH-04950,Suspendare activitate firmă 2026: cum se face,altele,publicat,,nu,suspendare-activitate-firma-2026,
GH-04951,Cum suspend activitatea unui SRL pas cu pas,altele,publicat,,nu,suspend-activitatea-srl-pas-pas,
GH-04952,Suspendarea activității: obligații fiscale pe perioada suspendării,altele,candidat,,nu,,
GH-04953,Cât timp pot ține firma suspendată,altele,publicat,,nu,timp-firma-suspendata,
GH-04954,Ieșirea din suspendare: cum reactivez firma,altele,publicat,,nu,iesirea-suspendare-reactivez-firma,
GH-04955,Cum relansez o firmă după suspendare,altele,publicat,,nu,relansez-firma-suspendare,
GH-04956,Suspendare firmă și declararea micro,micro,publicat,,nu,suspendare-firma-declararea-micro,
GH-04957,Firmă suspendată: mai depun declarații,altele,publicat,,nu,firma-suspendata-depun-declaratii,
GH-04958,Cum radiez o firmă suspendată,altele,publicat,,nu,radiez-firma-suspendata,
GH-04959,Diferența dintre suspendare și lichidare,infiintare,publicat,,nu,diferenta-dintre-suspendare-lichidare,
GH-04960,Lichidare SRL 2026: pașii procedurali completi,infiintare,publicat,,nu,lichidare-srl-2026-pasii-procedurali,
GH-04961,Cum lichidez voluntar un SRL pas cu pas,altele,publicat,,nu,lichidez-voluntar-srl-pas-pas,
GH-04962,Lichidarea firmei: cât durează procedura,infiintare,candidat,,nu,,
GH-04963,Cine poate fi lichidator la o firmă,altele,publicat,,nu,lichidator-firma,
GH-04964,Cum aleg lichidatorul pentru firma mea,altele,publicat,,nu,aleg-lichidatorul-firma,
GH-04965,Lichidatorul judiciar vs lichidatorul voluntar,altele,candidat,,nu,,
GH-04966,Cum se numește lichidatorul la ONRC,infiintare,publicat,,nu,numeste-lichidatorul-onrc,
GH-04967,Bilanțul de lichidare: cum se întocmește,infiintare,candidat,,da,,
GH-04968,Raportul de lichidare: ce trebuie să conțină,infiintare,publicat,,nu,raportul-lichidare-contina,
GH-04969,Cum se publică lichidarea în Monitorul Oficial,infiintare,asemanator,,nu,,public-lichidarea-monitorul-oficial
GH-04970,Termenul de opoziție la lichidare: cât este,infiintare,candidat,,nu,,
GH-04971,Cum se soluționează opozițiile la lichidare,infiintare,candidat,,nu,,
GH-04972,Lichidarea și plata datoriilor firmei: ordinea,infiintare,publicat,,nu,lichidarea-plata-datoriilor-firmei-ordinea,
GH-04973,Cum se distribuie activul net rămas după lichidare,infiintare,publicat,,nu,distribuie-activul-net-ramas-lichidare,
GH-04974,Impozitarea sumelor distribuite la lichidare,infiintare,publicat,,nu,impozitarea-sumelor-distribuite-lichidare,
GH-04975,Radierea SRL de la ONRC: procedura 2026,infiintare,candidat,,nu,,
GH-04976,Cum radiez firma definitiv de la Registrul Comerțului,altele,candidat,,nu,,
GH-04977,Radierea firmei: documente și taxe,infiintare,candidat,,nu,,
GH-04978,Ultima declarație fiscală a firmei radiate,altele,candidat,,nu,,
GH-04979,Cum închid firmă cu datorii la ANAF,altele,publicat,,nu,cum-inchid-firma-cu-datorii-la-anaf,
GH-04980,Radierea unei firme cu datorii: se poate,altele,candidat,,nu,,
GH-04981,Ce se întâmplă cu datoriile la radierea firmei,infiintare,publicat,,nu,intampla-datoriile-radierea-firmei,
GH-04982,Cum obțin certificatul de radiere,altele,candidat,,nu,,
GH-04983,Radierea PFA: procedura completă,pfa,candidat,,nu,,
GH-04984,Cum închid un PFA în 2026,pfa,asemanator,,da,,infiintez-pfa-2026
GH-04985,Radierea II de la ONRC: pași,pfa,candidat,,nu,,
GH-04986,Închiderea PFA cu datorii la ANAF: cum procedez,pfa,publicat,,nu,inchiderea-pfa-datorii-anaf-procedez,
GH-04987,Ultima declarație a unui PFA care se radiază,pfa,asemanator,,nu,,cum-arata-ultima-declaratie-a-unui-pfa-care-se-radiaza
GH-04988,Deregistrarea PFA în scopuri de TVA la închidere,pfa,publicat,,nu,deregistrarea-pfa-scopuri-tva-inchidere,
GH-04989,Lichidarea unei SA: particularități și termene,infiintare,publicat,,nu,lichidarea-particularitati-termene,
GH-04990,Fuziunea a două firme în 2026: pașii procedurali,altele,publicat,,nu,fuziunea-doua-firme-2026-pasii,
GH-04991,Cum se face fuziunea prin absorbție,altele,candidat,,nu,,
GH-04992,Fuziunea prin contopire: diferențe și procedură,greseli,publicat,,nu,fuziunea-contopire-diferente-procedura,
GH-04993,Comasarea firmelor și efectele fiscale,altele,candidat,,nu,,
GH-04994,Cum afectează fuziunea regimul fiscal al firmei absorbite,altele,publicat,,nu,afecteaza-fuziunea-regimul-fiscal-firmei,
GH-04995,Divizarea unei firme: procedura și implicațiile,altele,candidat,,nu,,
GH-04996,Divizarea totală vs parțială: cum aleg,altele,publicat,,nu,divizarea-totala-vs-partiala-aleg,
GH-04997,Cum se face o divizare parțială în 2026,altele,candidat,,nu,,
GH-04998,Transformarea firmei și păstrarea CUI-ului,altele,candidat,,nu,,
GH-04999,Lichidarea amiabilă vs insolvență: ce aleg,infiintare,candidat,,nu,,
GH-05000,Dificultăți financiare: când aleg insolvența vs lichidarea,infiintare,candidat,,nu,,
GH-05001,Cum intru în procedura de insolvență,altele,candidat,,nu,,
GH-05002,Insolvența firmei: obligațiile administratorului,infiintare,candidat,,nu,,
GH-05003,Falimentul unei firme mici: pași și consecințe,altele,candidat,,nu,,
GH-05004,Ce riscă administratorul la falimentul firmei,infiintare,publicat,,nu,risca-administratorul-falimentul-firmei,
GH-05005,Răspunderea administratorului pentru datoriile firmei,infiintare,candidat,,nu,,
GH-05006,Cum îmi protejez firma de insolvență,altele,candidat,,nu,,
GH-05007,Reorganizarea judiciară vs faliment: diferențe,greseli,publicat,,nu,reorganizarea-judiciara-vs-faliment-diferente,
GH-05008,Cum ies din insolvență cu o firmă redresată,altele,candidat,,nu,,
GH-05009,Lichidarea firmei: costuri totale în 2026,infiintare,candidat,,nu,,
GH-05010,Impozite la închiderea firmei: ce mai datorez,altele,publicat,,nu,impozite-inchiderea-firmei-datorez,
GH-05011,CAS și CASS la lichidarea firmei: obligații,infiintare,publicat,,nu,cas-cass-lichidarea-firmei-obligatii,
GH-05012,Cum se soluționează angajații la lichidarea firmei,infiintare,candidat,,nu,,
GH-05013,Demisia colectivă în context de lichidare,infiintare,candidat,,nu,,
GH-05014,Compensațiile salariaților la închiderea firmei,salarizare,publicat,,nu,compensatiile-salariatilor-inchiderea-firmei,
GH-05015,Cum închid firma cu angajați: procedura corectă,altele,publicat,,nu,inchid-firma-angajati-procedura-corecta,
GH-05016,Preaviz și notificare la concedierea prin lichidare,infiintare,publicat,,nu,preaviz-notificare-concedierea-lichidare,
GH-05017,Radierea firmei cu bunuri în patrimoniu: cum procedez,infiintare,publicat,,nu,radierea-firmei-bunuri-patrimoniu-procedez,
GH-05018,Vânzarea activelor înainte de lichidare: tratament fiscal,infiintare,candidat,,nu,,
GH-05019,Cesiunea firmei vs lichidarea: ce e mai avantajos,infiintare,publicat,,nu,cesiunea-firmei-vs-lichidarea-avantajos,
GH-05020,Cum vând o firmă funcțională,altele,candidat,,nu,,
GH-05021,Vânzarea părților sociale vs vânzarea activelor,altele,asemanator,,nu,,vanzarea-partilor-sociale-vs-vanzarea
GH-05022,Cum evaluez o firmă înainte de vânzare,altele,publicat,,nu,evaluez-firma-inainte-vanzare,
GH-05023,Due diligence la vânzarea unei firme mici,altele,candidat,,nu,,
GH-05024,Contractul de cesiune de părți sociale: ce cuprinde,altele,candidat,,nu,,
GH-05025,Taxe la cesiunea părților sociale 2026,altele,candidat,,nu,,
GH-05026,Cum se declară venitul din cesiunea părților sociale,altele,candidat,,nu,,
GH-05027,Impozitarea câștigului din vânzarea firmei,altele,candidat,,nu,,
GH-05028,Cesiunea firmei cu datorii: cum procedez,altele,candidat,,nu,,
GH-05029,Cumpărarea unei firme deja înființate: riscuri,infiintare,asemanator,,nu,,cumpararea-firme-deja-infiintate-riscuri
GH-05030,Firmă pe numele altcuiva: riscuri legale,altele,publicat,,nu,firma-numele-altcuiva-riscuri-legale,
GH-05031,Cum evit firmele fantomă la înființare,infiintare,candidat,,nu,,
GH-05032,Verificarea istoricului unei firme înainte de cumpărare,altele,publicat,,nu,verificarea-istoricului-firme-inainte-cumparare,
GH-05033,Cum verific dacă o firmă are datorii la ANAF,altele,publicat,,da,verific-firma-datorii-anaf,
GH-05034,Atestatul fiscal ce trebuie să știu la tranzacția unei firme,altele,candidat,,nu,,
GH-05035,Din oficiu ANAF și radierea firmelor inactive,infiintare,candidat,,nu,,
GH-05036,Firmele fără activitate: când le radiază ANAF,altele,candidat,,nu,,
GH-05037,Am primit notificare de radiere din oficiu: ce fac,control_fiscal,publicat,,nu,primit-notificare-radiere-oficiu,
GH-05038,Cum contest radierea din oficiu,altele,candidat,,da,,
GH-05039,Cum reactivez o firmă radiată din oficiu,altele,asemanator,,nu,,reactivez-firma-radiata-greseala
GH-05040,Procura pentru înființare firmă în numele altcuiva,infiintare,candidat,,nu,,
GH-05041,Împuternicirea pentru depunerea documentelor la ONRC,infiintare,publicat,,nu,imputernicirea-depunerea-documentelor-onrc,
GH-05042,Semnătura electronică la înființarea firmei: este obligatorie,infiintare,candidat,,nu,,
GH-05043,Cum depun actele la ONRC cu semnătură electronică,infiintare,candidat,,nu,,
GH-05044,Înființare firmă fără prezență fizică la ONRC,infiintare,candidat,,nu,,
GH-05045,Cum îmi înființez firma de la distanță,infiintare,publicat,,nu,imi-infiintez-firma-distanta,
GH-05046,Erori frecvente la înființarea unui SRL și cum le eviți,infiintare,publicat,,nu,erori-frecvente-infiintarea-srl-eviti,
GH-05047,Cum aleg forma juridică potrivită afacerii mele,altele,candidat,,nu,,
GH-05048,Cum îmi protejez numele firmei de la înființare,infiintare,publicat,,nu,imi-protejez-numele-firmei-infiintare,
GH-05049,Marca vs denumire firmă: cum le protejez,altele,candidat,,nu,,
GH-05050,Cum pregătesc business planul pentru înființare,infiintare,candidat,,nu,,
GH-05051,SRL la liber profesioniști: se poate,altele,candidat,,nu,,
GH-05052,Cum îmi deschid firma pentru freelancing,altele,publicat,,nu,imi-deschid-firma-freelancing,
GH-05053,Înființare firmă pentru o afacere sezonieră,infiintare,candidat,,nu,,
GH-05054,Înființare firmă și contractele cu statul: condiții,infiintare,candidat,,nu,,
GH-05055,Cum îmi pregătesc firma pentru licitații publice,altele,asemanator,,nu,,imi-pregatesc-firma-licitatii-publice
GH-05056,Cum funcționează un SRL nou cu micro în primul an,micro,publicat,,nu,functioneaza-srl-nou-micro-primul,
GH-05057,Ce trebuie să fac imediat după înființarea firmei,infiintare,publicat,,nu,imediat-infiintarea-firmei,
GH-05058,Checklist pentru prima lună de la înființarea firmei,infiintare,candidat,,nu,,
GH-05059,Calendar obligații la înființarea firmei 2026,infiintare,publicat,,nu,calendar-obligatii-infiintarea-firmei-2026,
GH-05060,Noutăți legislative 2026 la înființarea și lichidarea firmelor,infiintare,publicat,,nu,noutati-legislative-2026-infiintarea-lichidarea,
GH-05061,Ce s-a schimbat la ONRC pentru firme în 2026,infiintare,publicat,,nu,s-schimbat-onrc-firme-2026,
GH-05062,Cum digitalizez relația cu Registrul Comerțului,altele,candidat,,nu,,
GH-05063,Costurile reale ale unei firme în primul an de activitate,altele,publicat,,nu,costurile-reale-firme-primul-an,
GH-05064,Cum reduc costurile de înființare a firmei,infiintare,publicat,,nu,reduc-costurile-infiintare-firmei,
GH-05065,Greșeli costisitoare la înființarea unei firme,infiintare,candidat,,nu,,
GH-05066,Consultare contabil înainte de înființare: de ce merită,infiintare,candidat,,nu,,
GH-05067,Cum se ține contabilitatea unui restaurant în 2026?,industrii,publicat,,da,contabilitatea-restaurant-2026,
GH-05068,Ce obligații fiscale are un restaurant în 2026?,industrii,candidat,,nu,,
GH-05069,Ce taxe plătește un SRL cu restaurant în 2026?,industrii,publicat,,nu,taxe-plateste-srl-restaurant-2026,
GH-05070,Poate un restaurant să fie microîntreprindere în 2026?,industrii,candidat,,nu,,
GH-05071,Când trece un restaurant de la micro la impozit pe profit?,profit,publicat,,nu,trece-restaurant-micro-impozit-profit,
GH-05072,Cum se calculează TVA într-un restaurant în 2026?,tva,publicat,,nu,calculeaza-tva-restaurant-2026,
GH-05073,Ce cotă de TVA se aplică alimentelor servite în restaurant?,tva,publicat,,nu,cota-tva-aplica-alimentelor-servite,
GH-05074,Ce cotă de TVA se aplică băuturilor vândute într-un restaurant?,tva,publicat,,nu,cota-tva-aplica-bauturilor-vandute,
GH-05075,Cum se aplică TVA când restaurantul vinde produse cu cote diferite?,tva,publicat,,nu,aplica-tva-restaurantul-vinde-produse,
GH-05076,Cum se înregistrează vânzările zilnice ale unui restaurant?,industrii,publicat,,nu,inregistreaza-vanzarile-zilnice-restaurant,
GH-05077,Cum se înregistrează raportul Z în contabilitatea unui restaurant?,industrii,publicat,,nu,inregistreaza-raportul-z-contabilitatea-restaurant,
GH-05078,Cum se verifică raportul Z cu încasările din restaurant?,industrii,publicat,,nu,verifica-raportul-z-incasarile-restaurant,
GH-05079,Cum se înregistrează bacșișul într-un restaurant în 2026?,industrii,asemanator,,nu,,inregistreaza-consumul-personalului-restaurant
GH-05080,Cum se taxează bacșișul primit de ospătari?,altele,candidat,,nu,,
GH-05081,Cum se distribuie bacșișul către angajații unui restaurant?,industrii,candidat,,nu,,
GH-05082,Cum se înregistrează contabil bacșișul distribuit salariaților?,salarizare,candidat,,nu,,
GH-05083,Cum se declară bacșișul acordat angajaților?,altele,candidat,,nu,,
GH-05084,Cum se înregistrează încasările cash și card ale unui restaurant?,casierie,publicat,,nu,inregistreaza-incasarile-cash-card-restaurant,
GH-05085,Cum se reconciliază POS-ul cu raportul Z la restaurant?,industrii,publicat,,nu,reconciliaza-pos-ul-raportul-z,
GH-05086,Cum se contabilizează comisionul plătit procesatorului de carduri?,altele,publicat,,nu,contabilizeaza-comisionul-platit-procesatorului-carduri,
GH-05087,"Cum se contabilizează comenzile prin Glovo, Bolt Food sau Wolt?",industrii,candidat,,nu,,
GH-05088,Cum se înregistrează comisionul platformelor de livrare pentru restaurante?,industrii,asemanator,,nu,,inregistreaza-comisionul-platformei-livrare
GH-05089,Cum se înregistrează încasările de la platformele de food delivery?,altele,publicat,,nu,inregistreaza-incasarile-platformele-food-delivery,
GH-05090,Cum se reconciliază comenzile din platformele de livrare cu contabilitatea?,altele,publicat,,nu,reconciliaza-comenzile-platformele-livrare-contabilitatea,
GH-05091,Cum se înregistrează o factură emisă de o platformă străină de food delivery?,altele,publicat,,nu,inregistreaza-factura-emisa-platforma-straina,
GH-05092,Se aplică taxare inversă la comisioanele platformelor de livrare din UE?,ic_ue,publicat,,nu,aplica-taxare-inversa-comisioanele-platformelor,
GH-05093,Trebuie depusă D390 pentru comisioanele unei platforme de livrare din UE?,ic_ue,publicat,,nu,trebuie-depusa-d390-pentru-comisioanele-unei-platforme-de-livrare-din-ue,
GH-05094,Cum se face descărcarea de gestiune într-un restaurant?,stocuri,asemanator,,nu,,corecteaza-descarcarea-gestiune-facuta-gresit
GH-05095,Ce metodă de gestiune se folosește pentru un restaurant?,stocuri,candidat,,nu,,
GH-05096,Cum se ține gestiunea materiilor prime într-un restaurant?,stocuri,candidat,,nu,,
GH-05097,Cum se înregistrează consumul de materii prime în bucătărie?,altele,candidat,,nu,,
GH-05098,Cum se întocmește bonul de consum într-un restaurant?,industrii,candidat,,nu,,
GH-05099,Cum se calculează costul unei porții într-un restaurant?,industrii,candidat,,nu,,
GH-05100,Cum se întocmește rețetarul pentru preparatele unui restaurant?,industrii,candidat,,nu,,
GH-05101,Este obligatoriu rețetarul pentru contabilitatea restaurantului?,industrii,candidat,,nu,,
GH-05102,Cum se înregistrează pierderile tehnologice din bucătărie?,altele,candidat,,nu,,
GH-05103,Cum se justifică perisabilitățile într-un restaurant?,industrii,candidat,,nu,,
GH-05104,Cum se înregistrează alimentele expirate într-un restaurant?,industrii,asemanator,,nu,,inregistreaza-consumul-personalului-restaurant
GH-05105,Este deductibilă marfa expirată într-un restaurant?,industrii,publicat,,nu,deductibila-marfa-expirata-restaurant,
GH-05106,Se ajustează TVA pentru alimentele expirate?,tva,candidat,,nu,,
GH-05107,Cum se înregistrează mesele oferite gratuit clienților?,altele,publicat,,nu,inregistreaza-mesele-oferite-gratuit-clientilor,
GH-05108,Cum se înregistrează consumul personalului într-un restaurant?,industrii,publicat,,nu,inregistreaza-consumul-personalului-restaurant,
GH-05109,Cum se înregistrează protocolul într-un restaurant?,profit,asemanator,,nu,,inregistreaza-consumul-personalului-restaurant
GH-05110,Cum se face inventarierea într-un restaurant?,stocuri,publicat,,nu,inventarierea-restaurant,
GH-05111,Cum se tratează diferențele de inventar la restaurant?,industrii,publicat,,nu,trateaza-diferentele-inventar-restaurant,
GH-05112,Cum se înregistrează lipsurile de gestiune într-un restaurant?,stocuri,publicat,,nu,inregistreaza-lipsurile-gestiune-restaurant,
GH-05113,Cum se înregistrează plusurile de inventar într-un restaurant?,industrii,publicat,,nu,inregistreaza-plusurile-inventar-restaurant,
GH-05114,Cum se ține contabilitatea unui bar în 2026?,altele,asemanator,,nu,,contabilitatea-restaurant-2026
GH-05115,Cum se ține gestiunea băuturilor într-un bar?,stocuri,candidat,,nu,,
GH-05116,Cum se înregistrează consumul de băuturi pentru cocktailuri?,altele,candidat,,nu,,
GH-05117,Cum se calculează costul unui cocktail în gestiune?,stocuri,candidat,,nu,,
GH-05118,Cum se tratează sticlele începute la inventarul unui bar?,altele,publicat,,nu,trateaza-sticlele-incepute-inventarul-bar,
GH-05119,Cum se ține contabilitatea unei cafenele?,altele,asemanator,,nu,,contabilitatea-pensiuni-turistice
GH-05120,Cum se calculează costul produselor într-o cafenea?,altele,candidat,,nu,,
GH-05121,Cum se ține contabilitatea unei cofetării?,altele,asemanator,,nu,,contabilitatea-pensiuni-turistice
GH-05122,Cum se ține contabilitatea unei patiserii?,altele,asemanator,,nu,,contabilitatea-pensiuni-turistice
GH-05123,Cum se înregistrează producția proprie într-o cofetărie?,altele,publicat,,nu,inregistreaza-productia-proprie-cofetarie,
GH-05124,Cum se ține contabilitatea unei brutării?,altele,asemanator,,nu,,contabilitatea-pensiuni-turistice
GH-05125,Cum se înregistrează producția proprie într-o brutărie?,altele,publicat,,nu,inregistreaza-productia-proprie-brutarie,
GH-05126,Cum se ține contabilitatea unui hotel în 2026?,industrii,asemanator,,nu,,contabilitatea-restaurant-2026
GH-05127,Ce TVA se aplică serviciilor de cazare în 2026?,tva,publicat,,nu,tva-aplica-serviciilor-cazare-2026,
GH-05128,Cum se facturează cazarea cu mic dejun inclus?,altele,candidat,,nu,,
GH-05129,Cum se facturează un pachet de cazare cu servicii suplimentare?,altele,publicat,,nu,factureaza-pachet-cazare-servicii-suplimentare,
GH-05130,Cum se contabilizează rezervările prin Booking.com?,altele,candidat,,nu,,
GH-05131,Cum se contabilizează rezervările prin Airbnb?,altele,candidat,,nu,,
GH-05132,Cum se înregistrează comisionul Booking.com?,altele,publicat,,nu,inregistreaza-comisionul-booking-com,
GH-05133,Cum se înregistrează comisionul Airbnb?,altele,publicat,,nu,inregistreaza-comisionul-airbnb,
GH-05134,Se aplică taxare inversă la factura de comision Booking.com?,ic_ue,publicat,,nu,se-aplica-taxare-inversa-la-factura-de-comision-booking-com,
GH-05135,Trebuie depusă D390 pentru comisionul Booking.com?,ic_ue,publicat,,nu,depusa-d390-comisionul-booking-com,
GH-05136,Cum se înregistrează avansurile primite pentru rezervări hoteliere?,industrii,publicat,,nu,cum-se-inregistreaza-avansurile-primite-pentru-rezervari-hoteliere,
GH-05137,Cum se stornează avansul la factura finală pentru cazare?,altele,publicat,,nu,storneaza-avansul-factura-finala-cazare,
GH-05138,Cum se contabilizează anularea unei rezervări cu penalizare?,control_fiscal,publicat,,nu,contabilizeaza-anularea-rezervari-penalizare,
GH-05139,Cum se tratează fiscal taxa de anulare percepută de hotel?,industrii,candidat,,nu,,
GH-05140,Cum se ține contabilitatea unei pensiuni turistice?,altele,publicat,,nu,contabilitatea-pensiuni-turistice,
GH-05141,Poate o pensiune să fie microîntreprindere în 2026?,altele,publicat,,nu,pensiune-microintreprindere-2026,
GH-05142,Ce obligații fiscale are o pensiune în 2026?,altele,candidat,,nu,,
GH-05143,Cum se înregistrează taxa locală de promovare turistică?,altele,publicat,,nu,inregistreaza-taxa-locala-promovare-turistica,
GH-05144,Cum se facturează serviciile hoteliere către firme?,industrii,asemanator,,nu,,factureaza-serviciile-it-firme-ue
GH-05145,Cum se ține contabilitatea unei firme de catering?,altele,candidat,,nu,,
GH-05146,Cum se contabilizează evenimentele organizate de o firmă de catering?,altele,candidat,,nu,,
GH-05147,Cum se gestionează materiile prime la catering?,altele,candidat,,nu,,
GH-05148,Cum se facturează serviciile de catering în 2026?,altele,candidat,,nu,,
GH-05149,Cum se ține contabilitatea unei firme de construcții în 2026?,industrii,candidat,,da,,
GH-05150,Ce taxe plătește o firmă de construcții în 2026?,industrii,publicat,,nu,taxe-plateste-firma-constructii-2026,
GH-05151,Poate o firmă de construcții să fie microîntreprindere în 2026?,industrii,asemanator,,da,,firma-consultanta-microintreprindere-2026
GH-05152,Cum se calculează impozitul pe profit pentru o firmă de construcții?,profit,publicat,,nu,calculeaza-impozitul-profit-firma-constructii,
GH-05153,Cum se ține contabilitatea pe șantiere?,altele,candidat,,nu,,
GH-05154,Cum se urmăresc costurile separat pentru fiecare șantier?,altele,candidat,,nu,,
GH-05155,Cum se ține evidența materialelor pe fiecare lucrare?,altele,candidat,,nu,,
GH-05156,Cum se transferă materiale între șantiere?,altele,publicat,,nu,transfera-materiale-santiere,
GH-05157,Cum se întocmește bonul de consum pentru materialele de construcții?,industrii,publicat,,nu,intocmeste-bonul-consum-materialele-constructii,
GH-05158,Cum se înregistrează materialele cumpărate direct pentru un șantier?,altele,candidat,,nu,,
GH-05159,Cum se înregistrează materialele furnizate de beneficiar?,altele,candidat,,nu,,
GH-05160,Cum se contabilizează situațiile de lucrări?,altele,candidat,,nu,,
GH-05161,Cum se facturează o situație de lucrări?,altele,candidat,,nu,,
GH-05162,Când se recunoaște venitul pentru o lucrare de construcții?,industrii,candidat,,nu,,
GH-05163,Cum se contabilizează lucrările nefinalizate la sfârșitul lunii?,altele,candidat,,nu,,
GH-05164,Cum se contabilizează producția în curs la construcții?,industrii,publicat,,nu,contabilizeaza-productia-curs-constructii,
GH-05165,Cum se evaluează lucrările în curs la sfârșitul anului?,altele,publicat,,nu,evalueaza-lucrarile-curs-sfarsitul-anului,
GH-05166,Cum se înregistrează avansul primit pentru o lucrare de construcții?,industrii,publicat,,nu,inregistreaza-avansul-primit-lucrare-constructii,
GH-05167,Cum se regularizează avansul la factura finală de construcții?,industrii,publicat,,nu,cum-se-regularizeaza-avansul-la-factura-finala-de-constructii,
GH-05168,Cum se contabilizează garanția de bună execuție?,altele,publicat,,nu,contabilizeaza-garantia-buna-executie,
GH-05169,Cum se facturează garanția de bună execuție?,altele,asemanator,,nu,,contabilizeaza-garantia-buna-executie
GH-05170,Cum se înregistrează reținerea garanției de bună execuție?,altele,candidat,,nu,,
GH-05171,Când devine exigibilă TVA pentru garanția de bună execuție?,tva,candidat,,nu,,
GH-05172,Cum se contabilizează garanțiile restituite după recepția lucrării?,altele,candidat,,nu,,
GH-05173,Cum se înregistrează penalitățile pentru întârzierea lucrărilor?,altele,candidat,,nu,,
GH-05174,Penalitățile contractuale sunt purtătoare de TVA?,tva,publicat,,nu,penalitatile-contractuale-purtatoare-tva,
GH-05175,Cum se contabilizează lucrările suplimentare față de contract?,altele,candidat,,nu,,
GH-05176,Cum se facturează lucrările suplimentare de construcții?,industrii,publicat,,nu,factureaza-lucrarile-suplimentare-constructii,
GH-05177,Cum se aplică taxarea inversă în construcții?,industrii,publicat,,da,aplica-taxarea-inversa-constructii (+1 dubluri),
GH-05178,Când se aplică taxarea inversă la materiale de construcții?,industrii,publicat,,nu,aplica-taxarea-inversa-materiale-constructii,
GH-05179,Cum se tratează TVA la subcontractarea lucrărilor?,tva,publicat,,nu,cum-se-trateaza-tva-la-subcontractarea-lucrarilor,
GH-05180,Cum se contabilizează factura unui subcontractor?,altele,publicat,,nu,contabilizeaza-factura-subcontractor,
GH-05181,Cum se verifică facturile subcontractorilor cu situațiile de lucrări?,altele,publicat,,nu,verifica-facturile-subcontractorilor-situatiile-lucrari,
GH-05182,Cum se înregistrează utilajele folosite pe șantier?,altele,publicat,,nu,inregistreaza-utilajele-folosite-santier,
GH-05183,Cum se repartizează amortizarea utilajelor pe lucrări?,mijloace_fixe,candidat,,nu,,
GH-05184,Cum se înregistrează combustibilul consumat de utilajele de construcții?,industrii,publicat,,nu,inregistreaza-combustibilul-consumat-utilajele-constructii,
GH-05185,Cum se justifică consumul de carburant pe șantier?,altele,candidat,,nu,,
GH-05186,Cum se contabilizează cazarea muncitorilor pe șantier?,altele,publicat,,nu,contabilizeaza-cazarea-muncitorilor-santier,
GH-05187,Cum se contabilizează transportul muncitorilor la șantier?,altele,publicat,,nu,contabilizeaza-transportul-muncitorilor-santier,
GH-05188,Cum se tratează diurna angajaților unei firme de construcții?,salarizare,publicat,,nu,trateaza-diurna-angajatilor-firme-constructii,
GH-05189,Cum se ține pontajul angajaților pe șantiere diferite?,salarizare,publicat,,nu,pontajul-angajatilor-santiere-diferite,
GH-05190,Cum se repartizează costurile salariale pe fiecare lucrare?,salarizare,publicat,,nu,repartizeaza-costurile-salariale-fiecare-lucrare,
GH-05191,Cum se înregistrează echipamentul de protecție al muncitorilor?,altele,candidat,,nu,,
GH-05192,Echipamentul de protecție este deductibil fiscal?,altele,candidat,,nu,,
GH-05193,Cum se înregistrează sculele de mică valoare folosite pe șantier?,altele,candidat,,nu,,
GH-05194,Cum se inventariază materialele rămase pe șantier?,stocuri,publicat,,nu,inventariaza-materialele-ramase-santier (+1 dubluri),
GH-05195,Cum se tratează pierderile de materiale în construcții?,industrii,candidat,,nu,,
GH-05196,Cum se înregistrează deșeurile rezultate din construcții?,industrii,asemanator,,nu,,inregistreaza-materialele-rezultate-dezmembrarea-constructii
GH-05197,Cum se contabilizează vânzarea de fier vechi rezultat din lucrări?,altele,candidat,,nu,,
GH-05198,Cum se ține contabilitatea unui dezvoltator imobiliar?,altele,publicat,,nu,contabilitatea-dezvoltator-imobiliar,
GH-05199,Cum se contabilizează construcția apartamentelor pentru vânzare?,industrii,publicat,,nu,contabilizeaza-constructia-apartamentelor-vanzare,
GH-05200,Clădirile construite pentru vânzare sunt stocuri sau mijloace fixe?,mijloace_fixe,publicat,,nu,cladirile-construite-vanzare-stocuri-mijloace,
GH-05201,Cum se repartizează costul terenului pe apartamente?,altele,publicat,,nu,repartizeaza-costul-terenului-apartamente,
GH-05202,Cum se repartizează costurile comune ale unui proiect imobiliar?,altele,publicat,,nu,repartizeaza-costurile-comune-proiect-imobiliar,
GH-05203,Cum se contabilizează avansurile primite pentru apartamente?,altele,publicat,,nu,contabilizeaza-avansurile-primite-apartamente,
GH-05204,Cum se aplică TVA la vânzarea apartamentelor în 2026?,tva,publicat,,nu,aplica-tva-vanzarea-apartamentelor-2026,
GH-05205,Cum se ține contabilitatea unei firme IT în 2026?,industrii,candidat,,nu,,
GH-05206,Poate o firmă de software să fie microîntreprindere în 2026?,altele,asemanator,,nu,,firma-consultanta-microintreprindere-2026
GH-05207,Ce taxe plătește un SRL de software în 2026?,altele,asemanator,,nu,,taxe-plateste-srl-restaurant-2026
GH-05208,Cum se facturează serviciile IT către clienți din România?,altele,publicat,,nu,factureaza-serviciile-it-clienti-romania,
GH-05209,Cum se facturează serviciile IT către firme din UE?,altele,publicat,,nu,factureaza-serviciile-it-firme-ue,
GH-05210,Cum se facturează serviciile IT către clienți din SUA?,altele,asemanator,,nu,,factureaza-serviciile-it-clienti-romania
GH-05211,Se facturează cu TVA serviciile software către firme din UE?,tva,publicat,,nu,factureaza-tva-serviciile-software-firme,
GH-05212,Se declară în D390 serviciile IT facturate către UE?,ic_ue,publicat,,nu,declara-d390-serviciile-it-facturate,
GH-05213,Ce obligații TVA are o firmă IT neplătitoare care facturează în UE?,tva,publicat,,nu,ce-obligatii-tva-are-o-firma-it-neplatitoare-care-factureaza-in-ue,
GH-05214,Când are nevoie o firmă IT de cod special de TVA?,tva,publicat,,nu,nevoie-firma-it-cod-special,
GH-05215,Cum se înregistrează abonamentele software cumpărate din UE?,altele,candidat,,nu,,
GH-05216,Cum se contabilizează factura Google Workspace?,altele,publicat,,nu,cum-se-contabilizeaza-factura-google-workspace,
GH-05217,Cum se contabilizează factura Microsoft 365?,altele,candidat,,nu,,
GH-05218,Cum se contabilizează factura GitHub?,altele,publicat,,nu,contabilizeaza-factura-github,
GH-05219,Cum se contabilizează factura AWS?,altele,publicat,,nu,contabilizeaza-factura-aws,
GH-05220,Cum se contabilizează factura Amazon Web Services din UE?,altele,publicat,,nu,contabilizeaza-factura-amazon-web-services,
GH-05221,Cum se contabilizează factura Google Cloud?,altele,publicat,,nu,contabilizeaza-factura-google-cloud,
GH-05222,Cum se contabilizează factura OpenAI?,altele,asemanator,,nu,,contabilizeaza-factura-github
GH-05223,Cum se contabilizează factura unui furnizor SaaS din SUA?,altele,publicat,,nu,contabilizeaza-factura-furnizor-saas-sua,
GH-05224,Cum se contabilizează factura unui furnizor SaaS din UE?,altele,publicat,,nu,contabilizeaza-factura-furnizor-saas-ue,
GH-05225,Se aplică taxare inversă la abonamentele software cumpărate din UE?,ic_ue,publicat,,nu,se-aplica-taxare-inversa-la-abonamentele-software-cumparate-din-ue,
GH-05226,Ce declarații depune o firmă neplătitoare de TVA pentru servicii cumpărate din UE?,tva,publicat,,nu,declaratii-depune-firma-neplatitoare-tva,
GH-05227,Cum se declară serviciile software cumpărate din UE în D301?,ic_ue,publicat,,nu,cum-se-declara-serviciile-software-cumparate-din-ue-in-d301,
GH-05228,Cum se declară serviciile software cumpărate din UE în D390?,ic_ue,publicat,,nu,cum-se-declara-serviciile-software-cumparate-din-ue-in-d390,
GH-05229,Cum se înregistrează domeniile și serviciile de hosting?,altele,publicat,,nu,inregistreaza-domeniile-serviciile-hosting,
GH-05230,Cum se contabilizează serverele cloud?,altele,publicat,,nu,contabilizeaza-serverele-cloud,
GH-05231,Abonamentele software sunt cheltuieli sau imobilizări necorporale?,altele,publicat,,nu,abonamentele-software-cheltuieli-imobilizari-necorporale,
GH-05232,Când o licență software trebuie amortizată?,mijloace_fixe,publicat,,nu,licenta-software-amortizata,
GH-05233,Cum se contabilizează dezvoltarea unui program software propriu?,altele,publicat,,nu,contabilizeaza-dezvoltarea-program-software-propriu,
GH-05234,Cum se amortizează software-ul dezvoltat intern?,mijloace_fixe,publicat,,nu,amortizeaza-software-ul-dezvoltat-intern,
GH-05235,Cum se contabilizează salariile programatorilor implicați în dezvoltarea unui produs?,salarizare,candidat,,nu,,
GH-05236,Cum se separă costurile de cercetare de costurile de dezvoltare software?,altele,candidat,,nu,,
GH-05237,Cum se contabilizează un produs SaaS dezvoltat de firmă?,altele,candidat,,nu,,
GH-05238,Când se recunoaște venitul dintr-un abonament SaaS anual?,altele,publicat,,nu,recunoaste-venitul-dintr-abonament-saas,
GH-05239,Cum se contabilizează abonamentele SaaS plătite în avans de clienți?,altele,publicat,,nu,contabilizeaza-abonamentele-saas-platite-avans,
GH-05240,Cum se facturează un abonament software lunar?,altele,publicat,,nu,factureaza-abonament-software-lunar,
GH-05241,Cum se facturează un abonament software anual?,altele,publicat,,nu,factureaza-abonament-software-anual,
GH-05242,Cum se contabilizează veniturile recurente din software?,altele,publicat,,nu,contabilizeaza-veniturile-recurente-software,
GH-05243,Cum se tratează fiscal creditele gratuite oferite utilizatorilor unei aplicații?,altele,candidat,,nu,,
GH-05244,Cum se contabilizează refund-urile acordate clienților unui SaaS?,altele,publicat,,nu,contabilizeaza-refund-urile-acordate-clientilor,
GH-05245,Cum se contabilizează comisioanele PayPal?,altele,asemanator,,nu,,contabilizeaza-comisioanele-shopify
GH-05246,Cum se contabilizează încasările prin Stripe?,industrii,publicat,,nu,contabilizeaza-incasarile-stripe,
GH-05247,Cum se reconciliază Stripe cu facturile emise?,industrii,publicat,,nu,cum-se-reconciliaza-stripe-cu-facturile-emise,
GH-05248,Cum se reconciliază PayPal cu contabilitatea?,altele,asemanator,,nu,,reconciliaza-tranzactiile-revolut-contabilitatea
GH-05249,Cum se contabilizează diferențele de curs la încasările Stripe?,industrii,publicat,,nu,contabilizeaza-diferentele-curs-incasarile-stripe,
GH-05250,Cum se contabilizează taxele reținute de platformele de plăți?,altele,asemanator,,nu,,contabilizeaza-taxele-fulfillment-retinute-marketplace
GH-05251,Cum se facturează servicii IT către persoane fizice din UE?,altele,publicat,,nu,factureaza-servicii-it-persoane-fizice,
GH-05252,Când se aplică TVA OSS pentru servicii digitale?,tva,candidat,,nu,,
GH-05253,Cum se declară serviciile electronice prin OSS?,altele,candidat,,nu,,
GH-05254,Cum se ține contabilitatea unui freelancer IT cu PFA?,pfa,publicat,,nu,contabilitatea-freelancer-it-pfa,
GH-05255,PFA sau SRL pentru servicii IT în 2026?,pfa,candidat,,nu,,
GH-05256,Cum se deduc laptopul și echipamentele unui PFA IT?,pfa,publicat,,nu,deduc-laptopul-echipamentele-pfa-it,
GH-05257,Cum se deduc abonamentele software la PFA?,pfa,publicat,,nu,deduc-abonamentele-software-pfa,
GH-05258,Cum se ține contabilitatea unui magazin online în 2026?,industrii,publicat,,da,contabilitatea-magazin-online-2026,
GH-05259,Ce taxe plătește un magazin online în 2026?,industrii,publicat,,nu,taxe-plateste-magazin-online-2026,
GH-05260,Poate un magazin online să fie microîntreprindere?,industrii,publicat,,nu,magazin-online-microintreprindere,
GH-05261,Când devine un magazin online plătitor de TVA?,tva,publicat,,nu,devine-magazin-online-platitor-tva,
GH-05262,Cum se ține gestiunea unui magazin online?,stocuri,asemanator,,nu,,contabilitatea-magazin-online
GH-05263,Cum se face descărcarea de gestiune pentru comenzile online?,stocuri,publicat,,nu,descarcarea-gestiune-comenzile-online,
GH-05264,Cum se contabilizează comenzile ramburs?,altele,publicat,,nu,cum-se-contabilizeaza-comenzile-ramburs,
GH-05265,Cum se contabilizează încasările prin curier?,altele,publicat,,nu,contabilizeaza-incasarile-curier,
GH-05266,Cum se reconciliază rambursurile de la curier cu facturile?,altele,publicat,,nu,cum-se-reconciliaza-rambursurile-de-la-curier-cu-facturile,
GH-05267,Cum se contabilizează comisionul reținut de curier?,altele,publicat,,nu,contabilizeaza-comisionul-retinut-curier,
GH-05268,Cum se înregistrează transportul facturat clientului?,altele,publicat,,nu,inregistreaza-transportul-facturat-clientului,
GH-05269,Transportul facturat clientului are aceeași cotă TVA ca produsul?,tva,publicat,,nu,transportul-facturat-clientului-aceeasi-cota,
GH-05270,Cum se contabilizează comenzile plătite cu cardul online?,altele,publicat,,nu,contabilizeaza-comenzile-platite-cardul-online,
GH-05271,Cum se contabilizează încasările prin Netopia?,altele,publicat,,nu,contabilizeaza-incasarile-netopia,
GH-05272,Cum se contabilizează încasările prin Stripe într-un magazin online?,industrii,publicat,,nu,contabilizeaza-incasarile-stripe-magazin-online,
GH-05273,Cum se contabilizează plățile prin PayPal într-un magazin online?,industrii,publicat,,nu,contabilizeaza-platile-paypal-magazin-online,
GH-05274,Cum se reconciliază procesatorul de plăți cu comenzile magazinului?,altele,publicat,,nu,reconciliaza-procesatorul-plati-comenzile-magazinului,
GH-05275,Cum se contabilizează comenzile anulate?,altele,publicat,,nu,contabilizeaza-comenzile-anulate,
GH-05276,Cum se contabilizează retururile într-un magazin online?,industrii,publicat,,nu,contabilizeaza-retururile-magazin-online,
GH-05277,Cum se emite factura storno pentru un retur online?,altele,publicat,,nu,cum-se-emite-factura-storno-pentru-un-retur-online,
GH-05278,Cum se face reintrarea în gestiune a produsului returnat?,stocuri,candidat,,nu,,
GH-05279,Cum se tratează un produs returnat deteriorat?,altele,publicat,,nu,trateaza-produs-returnat-deteriorat,
GH-05280,Cum se contabilizează taxa de transport nerestituită la retur?,altele,publicat,,nu,contabilizeaza-taxa-transport-nerestituita-retur,
GH-05281,Cum se contabilizează reducerile și cupoanele de discount?,altele,candidat,,nu,,
GH-05282,Cum se contabilizează voucherele valorice într-un magazin online?,industrii,asemanator,,nu,,contabilizeaza-retururile-magazin-online
GH-05283,Cum se tratează fiscal cardurile cadou vândute online?,altele,asemanator,,nu,,trateaza-fiscal-cardurile-cadou-vandute
GH-05284,Când se colectează TVA pentru un voucher?,tva,publicat,,nu,colecteaza-tva-voucher,
GH-05285,Cum se contabilizează punctele de fidelitate acordate clienților?,altele,publicat,,nu,contabilizeaza-punctele-fidelitate-acordate-clientilor,
GH-05286,Cum se contabilizează produsele oferite gratuit într-o promoție?,altele,publicat,,nu,contabilizeaza-produsele-oferite-gratuit-promotie,
GH-05287,"Cum se contabilizează campaniile „cumperi unul, primești unul gratis”?",altele,publicat,,nu,contabilizeaza-campaniile-cumperi-unul-primesti,
GH-05288,Cum se tratează mostrele gratuite trimise clienților?,altele,candidat,,nu,,
GH-05289,Cum se înregistrează produsele folosite de influenceri pentru promovare?,altele,candidat,,nu,,
GH-05290,Cum se contabilizează produsele oferite influencerilor?,altele,publicat,,nu,contabilizeaza-produsele-oferite-influencerilor,
GH-05291,Cum se contabilizează serviciile unui influencer?,altele,candidat,,nu,,
GH-05292,Cum se înregistrează factura Meta Ads?,altele,publicat,,nu,inregistreaza-factura-meta-ads,
GH-05293,Cum se înregistrează factura Google Ads?,altele,publicat,,nu,inregistreaza-factura-google-ads,
GH-05294,Cum se contabilizează reclamele TikTok?,altele,publicat,,nu,contabilizeaza-reclamele-tiktok,
GH-05295,Se aplică taxare inversă la facturile Meta și Google?,ic_ue,publicat,,nu,aplica-taxare-inversa-facturile-meta,
GH-05296,Ce declarații depune un magazin online neplătitor de TVA pentru Google Ads?,tva,publicat,,nu,ce-declaratii-depune-un-magazin-online-neplatitor-de-tva-pentru-google-ads,
GH-05297,Cum se declară factura Meta Ads în D301 și D390?,ic_ue,publicat,,nu,declara-factura-meta-ads-d301,
GH-05298,Cum se contabilizează vânzările prin eMAG Marketplace?,industrii,candidat,,nu,,
GH-05299,Cum se contabilizează comisionul eMAG Marketplace?,industrii,candidat,,nu,,
GH-05300,Cum se reconciliază decontul eMAG cu facturile și încasările?,altele,candidat,,nu,,
GH-05301,Cum se contabilizează vânzările prin Amazon?,altele,candidat,,nu,,
GH-05302,Cum se contabilizează vânzările prin Etsy?,altele,candidat,,nu,,
GH-05303,Cum se contabilizează vânzările prin Shopify?,altele,candidat,,nu,,
GH-05304,Cum se contabilizează comisioanele Shopify?,altele,publicat,,nu,contabilizeaza-comisioanele-shopify,
GH-05305,Cum se contabilizează vânzările prin marketplace-uri din UE?,industrii,candidat,,nu,,
GH-05306,Cine emite factura când vinzi printr-un marketplace?,industrii,candidat,,nu,,
GH-05307,Cum se tratează TVA pentru vânzările online către persoane fizice din UE?,tva,publicat,,nu,trateaza-tva-vanzarile-online-persoane,
GH-05308,Când trebuie folosit regimul OSS pentru comerț online?,industrii,candidat,,nu,,
GH-05309,Cum se calculează plafonul pentru vânzările la distanță în UE?,altele,publicat,,nu,calculeaza-plafonul-vanzarile-distanta-ue,
GH-05310,Cum se facturează o vânzare B2C prin OSS?,altele,candidat,,nu,,
GH-05311,Cum se înregistrează contabil TVA colectată prin OSS?,tva,asemanator,,nu,,inregistreaza-contabil-tva-platita-d301
GH-05312,Cum se declară TVA OSS în contabilitate?,tva,publicat,,nu,declara-tva-oss-contabilitate,
GH-05313,Cum se tratează retururile pentru vânzările declarate prin OSS?,altele,candidat,,nu,,
GH-05314,Cum se contabilizează vânzările online către clienți din afara UE?,altele,publicat,,nu,contabilizeaza-vanzarile-online-clienti-afara,
GH-05315,Cum se tratează TVA pentru exporturile făcute de un magazin online?,tva,publicat,,nu,trateaza-tva-exporturile-facute-magazin,
GH-05316,Ce documente justifică scutirea de TVA la export?,tva,publicat,,nu,documente-justifica-scutirea-tva-export,
GH-05317,Cum se contabilizează taxele vamale pentru mărfurile importate?,altele,candidat,,nu,,
GH-05318,Cum se contabilizează TVA la import pentru un magazin online?,tva,publicat,,nu,contabilizeaza-tva-import-magazin-online,
GH-05319,Cum se stabilește costul mărfurilor importate din China?,altele,publicat,,nu,stabileste-costul-marfurilor-importate-china,
GH-05320,Transportul și taxele vamale intră în costul mărfurilor importate?,altele,asemanator,,nu,,taxele-vamale-intra-costul-stocurilor
GH-05321,Cum se contabilizează marfa cumpărată de pe Alibaba?,altele,asemanator,,nu,,contabilizeaza-marfa-cumparata-aliexpress-revanzare
GH-05322,Cum se contabilizează marfa cumpărată de pe AliExpress pentru revânzare?,altele,publicat,,nu,contabilizeaza-marfa-cumparata-aliexpress-revanzare,
GH-05323,Cum se contabilizează dropshipping-ul în 2026?,altele,publicat,,nu,contabilizeaza-dropshipping-ul-2026,
GH-05324,Cum se facturează vânzările prin dropshipping?,altele,publicat,,nu,factureaza-vanzarile-dropshipping,
GH-05325,Cum se tratează TVA la dropshipping în UE?,tva,publicat,,nu,trateaza-tva-dropshipping-ue,
GH-05326,Cum se contabilizează factura furnizorului din China în dropshipping?,altele,publicat,,nu,contabilizeaza-factura-furnizorului-china-dropshipping,
GH-05327,Cum se ține gestiunea dacă marfa nu trece fizic prin depozitul firmei?,stocuri,publicat,,nu,gestiunea-marfa-trece-fizic-depozitul,
GH-05328,Cum se contabilizează fulfillment-ul externalizat?,altele,candidat,,nu,,
GH-05329,Cum se reconciliază stocul din depozitul logistic cu contabilitatea?,stocuri,candidat,,nu,,
GH-05330,Cum se tratează diferențele dintre stocul din magazinul online și stocul contabil?,stocuri,publicat,,nu,trateaza-diferentele-dintre-stocul-magazinul,
GH-05331,Cum se inventariază stocurile aflate la un centru de fulfillment?,stocuri,candidat,,nu,,
GH-05332,Cum se contabilizează marfa pierdută de curier?,altele,publicat,,nu,contabilizeaza-marfa-pierduta-curier,
GH-05333,Cum se contabilizează despăgubirea primită de la curier?,altele,publicat,,nu,contabilizeaza-despagubirea-primita-curier,
GH-05334,Cum se tratează produsele deteriorate în transport?,altele,publicat,,nu,trateaza-produsele-deteriorate-transport,
GH-05335,Cum se contabilizează ambalajele pentru comenzile online?,altele,publicat,,nu,contabilizeaza-ambalajele-comenzile-online,
GH-05336,Cum se tratează contabil costurile de ambalare?,altele,candidat,,nu,,
GH-05337,Cum se aplică,altele,candidat,,nu,,
GH-05338,Contabilitate HoReCa 2026: particularitățile fiscale pentru restaurante,industrii,publicat,,nu,contabilitate-horeca-2026-particularitatile-fiscale,
GH-05339,Cum se ține contabilitatea unui restaurant în 2026,industrii,publicat,,da,contabilitatea-restaurant-2026,
GH-05340,Impozit micro pentru restaurant: se poate aplica,industrii,candidat,,nu,,
GH-05341,Micro la firmele HoReCa: condiția de salariat 2026,salarizare,publicat,,nu,micro-firmele-horeca-conditia-salariat,
GH-05342,Plafonul micro la restaurante: cum se calculează veniturile,industrii,publicat,,nu,plafonul-micro-restaurante-calculeaza-veniturile,
GH-05343,TVA pentru restaurante 2026: cota aplicabilă,tva,publicat,,nu,tva-restaurante-2026-cota-aplicabila,
GH-05344,Cota redusă de TVA la alimente și băuturi în 2026,tva,publicat,,nu,cota-redusa-tva-alimente-bauturi,
GH-05345,TVA pentru serviciile de cazare în 2026,tva,publicat,,nu,tva-serviciile-cazare-2026,
GH-05346,Cum se aplică TVA în hoteluri și pensiuni,tva,publicat,,nu,aplica-tva-hoteluri-pensiuni (+1 dubluri),
GH-05347,TVA la consumul la sediu al restaurantului: autoconsum,tva,candidat,,nu,,
GH-05348,Reducerea TVA pentru băuturi alcoolice: se aplică,tva,candidat,,nu,,
GH-05349,TVA la vânzările prin curier de mâncare,tva,candidat,,nu,,
GH-05350,Bonurile fiscale și TVA în restaurante 2026,tva,publicat,,nu,bonurile-fiscale-tva-restaurante-2026,
GH-05351,Cum se descarcă stocul la un restaurant zilnic,stocuri,asemanator,,nu,,cum-se-descarca-stocul-la-un-restaurant-zi-de-zi
GH-05352,Gestiunea la un restaurant: cantitativ sau global-valoric,stocuri,candidat,,nu,,
GH-05353,Descărcarea gestiunii pe bonul de consum în bucătărie,stocuri,candidat,,nu,,
GH-05354,Bonul de consum alimentar în HoReCa 2026,industrii,candidat,,nu,,
GH-05355,Cum se calculează costul de producție la un meniu,altele,publicat,,nu,calculeaza-costul-productie-meniu,
GH-05356,Fișa tehnică de preparare: obligatorie în 2026,altele,asemanator,,nu,,fisa-tehnica-preparare-obligatorie-2026
GH-05357,Norme de consum în bucătărie: cum se aprobă,altele,publicat,,nu,norme-consum-bucatarie-aproba,
GH-05358,Perisabilitatea la alimente în restaurante: norme,industrii,candidat,,nu,,
GH-05359,Cum se tratează pierderile tehnologice în bucătărie,altele,candidat,,nu,,
GH-05360,TVA la pierderile din prepararea alimentelor,tva,candidat,,nu,,
GH-05361,Cum se înregistrează vânzarea pe bonuri fiscale la restaurant,industrii,publicat,,nu,inregistreaza-vanzarea-bonuri-fiscale-restaurant,
GH-05362,Raportul Z la restaurant: cum se înregistrează,industrii,publicat,,nu,raportul-z-restaurant-inregistreaza,
GH-05363,Cum împac casa de marcat cu vânzările la HoReCa,industrii,publicat,,nu,impac-casa-marcat-vanzarile-horeca,
GH-05364,Bacșișul în restaurante 2026: cum se impozitează,industrii,candidat,,nu,,
GH-05365,Tratamentul fiscal al bacșișului din 2026,altele,publicat,,nu,tratamentul-fiscal-bacsisului-2026,
GH-05366,Cum se declară bacșișul din POS în restaurant,industrii,candidat,,nu,,
GH-05367,Bacșișul bacșiș electronic vs numerar: impozitare,casierie,candidat,,nu,,
GH-05368,Cum se împarte bacșișul între angajați,altele,candidat,,nu,,
GH-05369,Impozitarea bacșișului pentru salariații din HoReCa,salarizare,candidat,,nu,,
GH-05370,Tichetele de masă pentru angajații din restaurant,industrii,publicat,,nu,tichetele-masa-angajatii-restaurant,
GH-05371,Cheltuieli specifice pentru HoReCa: deductibilitate 2026,industrii,publicat,,da,cheltuieli-specifice-horeca-deductibilitate,
GH-05372,Cum deduc cheltuielile cu hrana angajaților în restaurant,industrii,asemanator,,nu,,deduc-cheltuielile-hrana-angajatilor-restaurant
GH-05373,Deducerea consumului propriu în HoReCa,industrii,publicat,,nu,deducerea-consumului-propriu-horeca,
GH-05374,Tratamentul fiscal al mesei acordate angajaților,altele,publicat,,nu,tratamentul-fiscal-mesei-acordate-angajatilor,
GH-05375,Cadourile pentru clienții din HoReCa: deductibilitate,industrii,candidat,,nu,,
GH-05376,Cum tratez sponsorizarea în HoReCa,profit,candidat,,nu,,
GH-05377,TVA la degustările și testările gratuite,tva,publicat,,nu,tva-degustarile-testarile-gratuite,
GH-05378,Cum se organizează inventarul la un restaurant,industrii,publicat,,nu,organizeaza-inventarul-restaurant,
GH-05379,Inventarierea lunară a alimentelor: cum se face,stocuri,publicat,,nu,inventarierea-lunara-alimentelor,
GH-05380,Inventarul băuturilor alcoolice: obligații,altele,publicat,,nu,inventarul-bauturilor-alcoolice-obligatii,
GH-05381,Evidența separat pentru alcool în HoReCa,industrii,candidat,,nu,,
GH-05382,Accizele la băuturile alcoolice în restaurant,industrii,candidat,,nu,,
GH-05383,Cum se declară accizele la alcool în HoReCa,industrii,publicat,,nu,declara-accizele-alcool-horeca,
GH-05384,TVA la vânzarea de vin local în restaurant,tva,candidat,,nu,,
GH-05385,Cum funcționează contabilitatea unei pensiuni,altele,candidat,,nu,,
GH-05386,Contabilitatea unui hotel: particularități 2026,industrii,publicat,,nu,contabilitatea-hotel-particularitati-2026,
GH-05387,Cum se contabilizează serviciile de cazare și masa,altele,candidat,,nu,,
GH-05388,Pachetele turistice: TVA și venituri,tva,publicat,,nu,pachetele-turistice-tva-venituri,
GH-05389,Cum se aplică marja de profit la agențiile de turism,altele,publicat,,nu,aplica-marja-profit-agentiile-turism,
GH-05390,Voucherele de vacanță la HoReCa 2026,industrii,publicat,,nu,voucherele-vacanta-horeca-2026,
GH-05391,Tichetele de vacanță: încasare și impozitare,altele,publicat,,nu,tichetele-de-vacanta-incasare-si-impozitare,
GH-05392,Cum se decontează tichetele de vacanță la pensiuni,altele,publicat,,nu,deconteaza-tichetele-vacanta-pensiuni,
GH-05393,Sezonalitatea în HoReCa: cum afectează impozitul,industrii,publicat,,nu,sezonalitatea-horeca-afecteaza-impozitul,
GH-05394,Firmele HoReCa cu activitate sezonieră: perioade fiscale,industrii,asemanator,,nu,,firme-horeca-activitate-sezoniera-perioade
GH-05395,Cum declar TVA o firmă sezonieră din HoReCa,tva,publicat,,nu,declar-tva-firma-sezoniera-horeca,
GH-05396,Micro la firmele sezoniere 2026: reguli,micro,candidat,,nu,,
GH-05397,Curierul de mâncare și comisioanele: tratament TVA,tva,candidat,,nu,,
GH-05398,Cum se înregistrează comisionul platformei de livrare,altele,publicat,,nu,inregistreaza-comisionul-platformei-livrare,
GH-05399,TVA la vânzările prin platforme de food delivery,tva,candidat,,nu,,
GH-05400,Cum raportez vânzările prin Glovo/Tazz la contabilitate,industrii,candidat,,nu,,
GH-05401,Cum tratez reducerile de la platformele de livrare,altele,candidat,,nu,,
GH-05402,Contabilitate construcții 2026: particularități fiscale,industrii,asemanator,,nu,,contabilitate-transport-2026-particularitati-fiscale
GH-05403,Cum se ține contabilitatea unei firme de construcții,industrii,candidat,,da,,
GH-05404,Impozit micro pentru firmele de construcții 2026,industrii,asemanator,,nu,,impozit-micro-firmele-transport
GH-05405,Condiția de salariat la firmele din construcții micro,salarizare,asemanator,,nu,,micro-firmele-horeca-conditia-salariat
GH-05406,Facilitățile din construcții în 2026: mai există,industrii,publicat,,nu,facilitatile-constructii-2026-exista,
GH-05407,Scutirea de impozit pentru salariații din construcții,salarizare,publicat,,nu,scutirea-impozit-salariatii-constructii,
GH-05408,Cota CAS redusă pentru angajații din construcții 2026,industrii,publicat,,nu,cota-cas-redusa-angajatii-constructii,
GH-05409,Salariul minim în construcții 2026: prag special,salarizare,publicat,,nu,salariul-minim-constructii-2026-prag,
GH-05410,Cum se aplică facilitatea pentru sectorul construcțiilor,industrii,publicat,,nu,aplica-facilitatea-sectorul-constructiilor,
GH-05411,Cum se înregistrează lucrările în curs pe șantiere,altele,publicat,,nu,inregistreaza-lucrarile-curs-santiere,
GH-05412,Contabilitatea șantierelor: repartizarea costurilor,altele,candidat,,nu,,
GH-05413,Metoda de recunoaștere a veniturilor în construcții,industrii,candidat,,nu,,
GH-05414,Recunoașterea veniturilor pe bază de stadiu fizic,altele,candidat,,nu,,
GH-05415,Cum se calculează procentajul de avansare la lucrări,altele,publicat,,nu,calculeaza-procentajul-avansare-lucrari,
GH-05416,Contractele de construcții pe termen lung: TVA,tva,publicat,,nu,contractele-constructii-termen-lung-tva,
GH-05417,Exigibilitatea TVA la construcții: la facturare sau execuție,tva,publicat,,nu,exigibilitatea-tva-constructii-facturare-executie,
GH-05418,Decontarea lucrărilor de construcții: cum se înregistrează,industrii,publicat,,nu,decontarea-lucrarilor-constructii-inregistreaza,
GH-05419,Situațiile de lucrări în construcții: obligații,industrii,candidat,,nu,,
GH-05420,TVA la situațiile de lucrări în 2026,tva,publicat,,nu,tva-situatiile-lucrari-2026,
GH-05421,Cum se aplică taxarea inversă în construcții,industrii,publicat,,da,aplica-taxarea-inversa-constructii (+1 dubluri),
GH-05422,Taxarea inversă la construcții: condiții de aplicare,industrii,publicat,,nu,taxarea-inversa-constructii-conditii-aplicare,
GH-05423,Facturarea în taxare inversă către un dezvoltator,ic_ue,publicat,,nu,facturarea-taxare-inversa-dezvoltator,
GH-05424,Cum se reflectă taxarea inversă în D394,tva,publicat,,nu,reflecta-taxarea-inversa-d394,
GH-05425,TVA la materialele de construcții încorporate,tva,publicat,,nu,tva-materialele-constructii-incorporate,
GH-05426,Cum se gestionează materialele pe șantier,altele,asemanator,,nu,,inventariaza-materialele-ramase-santier
GH-05427,Descărcarea materialelor de construcții în producție,industrii,candidat,,nu,,
GH-05428,Tratamentul fiscal al deșeurilor din construcții,industrii,candidat,,nu,,
GH-05429,Vânzarea deșeurilor metalice: taxare inversă,ic_ue,publicat,,nu,vanzarea-deseurilor-metalice-taxare-inversa,
GH-05430,Cum se contabilizează amenajările și lucrările de finisaj,altele,publicat,,nu,contabilizeaza-amenajarile-lucrarile-finisaj,
GH-05431,Garantia de bună execuție în construcții: tratament,industrii,candidat,,nu,,
GH-05432,Retenția de garanție la construcții: TVA,tva,publicat,,nu,retentia-garantie-constructii-tva,
GH-05433,Costurile comerciale în construcții: deductibilitate,industrii,candidat,,nu,,
GH-05434,Studiile geotehnice și proiectarea: tratament fiscal,altele,publicat,,nu,studiile-geotehnice-proiectarea-tratament-fiscal,
GH-05435,Cum se tratează avansurile pentru lucrările de construcții,industrii,publicat,,nu,cum-se-trateaza-avansurile-pentru-lucrarile-de-constructii,
GH-05436,Avansurile și TVA-ul în contractele de construcții,tva,publicat,,nu,avansurile-si-tva-ul-in-contractele-de-constructii,
GH-05437,Subcontractorii în construcții: TVA și răspundere,tva,publicat,,nu,subcontractorii-constructii-tva-raspundere,
GH-05438,Cum se aplică răspunderea solidară la TVA în construcții,tva,candidat,,nu,,
GH-05439,Regimul constructorilor pentru locuințe: TVA 5%,tva,candidat,,nu,,
GH-05440,Cota redusă de TVA la locuințe în 2026,tva,publicat,,nu,cota-redusa-tva-locuinte-2026,
GH-05441,Condițiile pentru TVA de 5% la livrarea locuințelor,tva,candidat,,nu,,
GH-05442,TVA 5% pentru construcția de locuințe: plafon,tva,publicat,,nu,tva-5-constructia-locuinte-plafon,
GH-05443,Cum obțin aplicarea TVA redus pentru o locuință,tva,publicat,,nu,obtin-aplicarea-tva-redus-locuinta,
GH-05444,Contabilitate IT 2026: particularități pentru firmele de software,altele,candidat,,nu,,
GH-05445,Impozit micro pentru firmele IT 2026,industrii,candidat,,nu,,
GH-05446,Facilitatea de scutire pentru programatorii IT în 2026,altele,publicat,,nu,facilitatea-scutire-programatorii-it-2026,
GH-05447,Cum se aplică scutirea de impozit pentru angajații IT,altele,publicat,,nu,aplica-scutirea-impozit-angajatii-it,
GH-05448,Condițiile pentru scutirea IT: ce trebuie respectat,altele,candidat,,nu,,
GH-05449,Scutirea IT pentru firmele micro: se aplică,micro,candidat,,nu,,
GH-05450,Cum se declară salariații scutiți de impozit la IT,salarizare,candidat,,nu,,
GH-05451,Cum se calculează salariul net la o firmă IT cu facilități,salarizare,publicat,,nu,cum-se-calculeaza-salariul-net-la-o-firma-it-cu-facilitati,
GH-05452,Impozitul pe profit la firmele IT: 2026,profit,asemanator,,nu,,impozitul-profit-firmele-it-facilitati
GH-05453,Deducerea cheltuielilor de cercetare-dezvoltare în IT,altele,asemanator,,da,,deducerea-cheltuielilor-cercetare-dezvoltare
GH-05454,Cum se aplică facilitatea de C&D pentru software,altele,candidat,,nu,,
GH-05455,Venituri din licențierea de software: tratament fiscal,altele,publicat,,nu,venituri-licentierea-software-tratament-fiscal,
GH-05456,TVA pentru vânzarea de licențe software în 2026,tva,candidat,,nu,,
GH-05457,Livrarea de soft ca serviciu (SaaS): TVA,tva,asemanator,,nu,,livrarea-soft-serviciu-saas-tratamentul
GH-05458,Cum se aplică TVA la serviciile cloud,tva,publicat,,nu,aplica-tva-serviciile-cloud,
GH-05459,TVA pentru dezvoltarea de software pentru clienți din UE,tva,publicat,,nu,tva-dezvoltarea-software-clienti-ue,
GH-05460,Locul prestării serviciilor IT în 2026,altele,candidat,,nu,,
GH-05461,Facturarea serviciilor IT către nerezidenți: scutire,altele,publicat,,nu,facturarea-serviciilor-it-nerezidenti-scutire,
GH-05462,Cum se declară serviciile IT intracomunitare în D390,ic_ue,publicat,,nu,declara-serviciile-it-intracomunitare-d390,
GH-05463,Regimul OSS pentru vânzarea de software în UE,altele,candidat,,nu,,
GH-05464,TVA pentru aplicațiile mobile vândute în UE,tva,candidat,,nu,,
GH-05465,Cum se tratează veniturile din App Store și Google Play,altele,candidat,,nu,,
GH-05466,Cum se înregistrează veniturile din reclame online,altele,publicat,,nu,inregistreaza-veniturile-reclame-online,
GH-05467,TVA pentru publicitatea digitală în 2026,tva,candidat,,nu,,
GH-05468,Contabilitatea startup-urilor IT: particularități,altele,candidat,,nu,,
GH-05469,Cum se tratează investițiile inițiale ale unui startup IT,altele,candidat,,nu,,
GH-05470,Capitalizarea costurilor de dezvoltare a software-ului,altele,candidat,,nu,,
GH-05471,Amortizarea programelor informatice dezvoltate intern,mijloace_fixe,publicat,,nu,amortizarea-programelor-informatice-dezvoltate-intern,
GH-05472,Cum se evaluează un activ intangibil creat intern,altele,candidat,,nu,,
GH-05473,Contractele de tip time and materials: TVA și venituri,tva,candidat,,nu,,
GH-05474,Proiectele IT cu preț fix: recunoașterea veniturilor,altele,candidat,,nu,,
GH-05475,Cum se recunosc veniturile dintr-un proiect IT pe termen lung,control_fiscal,candidat,,nu,,
GH-05476,Cesiunea drepturilor de proprietate intelectuală: impozit,altele,publicat,,nu,cesiunea-drepturilor-proprietate-intelectuala-impozit,
GH-05477,Impozitarea veniturilor din brevete în IT,altele,candidat,,nu,,
GH-05478,Cum se deduc cheltuielile cu echipamentele IT,altele,publicat,,nu,deduc-cheltuielile-echipamentele-it,
GH-05479,Amortizarea accelerată pentru echipamentele IT 2026,mijloace_fixe,publicat,,nu,amortizarea-accelerata-echipamentele-it-2026,
GH-05480,Deducerea integrală a calculatoarelor sub plafon,altele,publicat,,nu,deducerea-integrala-calculatoarelor-sub-plafon,
GH-05481,TVA la achiziția de echipamente IT din UE,tva,publicat,,nu,tva-echipamente-it-din-ue,
GH-05482,Cum se înregistrează serverele achiziționate pentru hosting,altele,publicat,,nu,inregistreaza-serverele-achizitionate-hosting,
GH-05483,Contabilitate comerț online 2026: particularități fiscale,industrii,candidat,,nu,,
GH-05484,Impozit micro pentru un magazin online 2026,industrii,candidat,,nu,,
GH-05485,Condiția de salariat pentru un magazin online micro,salarizare,publicat,,nu,conditia-salariat-magazin-online-micro,
GH-05486,Cum se ține contabilitatea unui magazin online,industrii,publicat,,da,contabilitatea-magazin-online,
GH-05487,Platforme de e-commerce: cum se înregistrează vânzările,altele,candidat,,nu,,
GH-05488,TVA pentru comerțul electronic în 2026,tva,publicat,,nu,tva-comertul-electronic-2026,
GH-05489,Regimul OSS din 2026 pentru magazinele online,industrii,candidat,,nu,,
GH-05490,Cum mă înregistrez în OSS ca magazin online,industrii,asemanator,,da,,ma-inregistrez-oss-magazin-online
GH-05491,Pragul de 10.000 euro pentru vânzări online în UE,altele,candidat,,nu,,
GH-05492,Depășirea pragului OSS: ce se schimbă,altele,candidat,,nu,,
GH-05493,Vânzările online către persoane fizice din UE: TVA,tva,publicat,,nu,vanzarile-online-persoane-fizice-ue,
GH-05494,Cum se aplică TVA la vânzarea către consumatori UE,tva,asemanator,,nu,,comert-online-2026-aplica-tva
GH-05495,Ghișeul unic IOSS pentru importuri de valori mici,altele,candidat,,nu,,
GH-05496,Cum funcționează IOSS pentru un magazin online,industrii,publicat,,nu,functioneaza-ioss-magazin-online,
GH-05497,TVA la coletul trimis către un client din afara UE,tva,publicat,,nu,tva-coletul-trimis-client-afara,
GH-05498,Regimul special pentru mărfurile de valoare mică,altele,publicat,,nu,regimul-special-marfurile-valoare-mica,
GH-05499,Cum se declară vânzările prin curier internațional,altele,publicat,,nu,declara-vanzarile-curier-international,
GH-05500,TVA pentru produsele vândute prin marketplace,tva,publicat,,nu,tva-produsele-vandute-marketplace,
GH-05501,Cum tratez comisioanele plătite marketplace-ului,industrii,candidat,,nu,,
GH-05502,Cum se înregistrează vânzările pe eMAG la contabilitate,altele,publicat,,nu,inregistreaza-vanzarile-emag-contabilitate,
GH-05503,TVA pentru vânzările prin marketplace-uri străine,tva,publicat,,nu,tva-vanzarile-marketplace-uri-straine,
GH-05504,Procesator de plăți: cum se înregistrează decontările,altele,publicat,,nu,procesator-plati-inregistreaza-decontarile,
GH-05505,Comisionul procesatorului de plăți: TVA și deductibilitate,tva,candidat,,nu,,
GH-05506,Cum se rezervă sumele reținute de procesator,altele,candidat,,nu,,
GH-05507,Veniturile din ramburs: tratament contabil,altele,candidat,,nu,,
GH-05508,Curierul și costurile de livrare: deductibilitate,altele,asemanator,,nu,,curierul-costurile-livrare-deductibile
GH-05509,TVA pentru serviciile de curierat: cum se aplică,tva,publicat,,nu,tva-serviciile-curierat-aplica,
GH-05510,Cum se tratează retururile la un magazin online,industrii,publicat,,nu,trateaza-retururile-magazin-online,
GH-05511,Cum se corectează TVA la un retur de marfă,tva,publicat,,nu,corecteaza-tva-retur-marfa,
GH-05512,Stornarea vânzărilor online: raportare în e-Factura,spv,publicat,,nu,stornarea-vanzarilor-online-raportare-factura,
GH-05513,e-Factura pentru un magazin online: obligații,spv,asemanator,,nu,,gestionez-factura-magazin-online
GH-05514,Cum se emit facturi pentru vânzările B2C online,altele,publicat,,nu,emit-facturi-vanzarile-b2c-online,
GH-05515,Când e obligatorie factura la vânzarea online,altele,publicat,,nu,obligatorie-factura-vanzarea-online,
GH-05516,Cum se gestionează stocurile unui magazin online,stocuri,candidat,,nu,,
GH-05517,Descărcarea de gestiune la vânzările online,stocuri,publicat,,nu,descarcarea-gestiune-vanzarile-online,
GH-05518,Cum se împacă stocul magazinului online cu vânzările,stocuri,publicat,,nu,impaca-stocul-magazinului-online-vanzarile,
GH-05519,Promoțiile și reducerile la vânzările online: TVA,tva,candidat,,nu,,
GH-05520,Cum se tratează voucherele de reducere la magazinele online,industrii,publicat,,nu,trateaza-voucherele-reducere-magazinele-online,
GH-05521,TVA la produsele acordate cadou în campanii online,tva,candidat,,nu,,
GH-05522,Cum se calculează adaosul comercial la un magazin online,industrii,asemanator,,nu,,cum-se-calculeaza-adaosul-la-un-magazin-online
GH-05523,Returul de la client și reintrarea în stoc,stocuri,candidat,,nu,,
GH-05524,Cum se reflectă pierderile de colet în contabilitate,altele,publicat,,nu,reflecta-pierderile-colet-contabilitate,
GH-05525,Legea comerțului online: obligații pentru firmele din RO,industrii,publicat,,nu,legea-comertului-online-obligatii-firmele,
GH-05526,Cum se respectă dreptul de retragere în 14 zile,altele,candidat,,nu,,
GH-05527,Impactul TVA asupra prețurilor afișate online,tva,candidat,,nu,,
GH-05528,Cum se afișează prețurile cu TVA pentru consumatori,tva,candidat,,nu,,
GH-05529,Contabilitate transport 2026: particularități fiscale,altele,publicat,,nu,contabilitate-transport-2026-particularitati-fiscale,
GH-05530,Impozit micro pentru firmele de transport,micro,publicat,,nu,impozit-micro-firmele-transport,
GH-05531,Condiția de salariat la o firmă de transport micro,salarizare,candidat,,nu,,
GH-05532,TVA pentru serviciile de transport de mărfuri în 2026,tva,asemanator,,nu,,tva-serviciile-cazare-2026
GH-05533,Taxarea inversă pentru transportul de mărfuri,altele,candidat,,nu,,
GH-05534,Cum se declară veniturile din transport intracomunitar,ic_ue,publicat,,nu,declara-veniturile-transport-intracomunitar,
GH-05535,Transportul de persoane: TVA și scutiri,tva,publicat,,nu,transportul-persoane-tva-scutiri,
GH-05536,Cum se tratează serviciile de taxi la contabilitate,altele,candidat,,nu,,
GH-05537,Accizele la combustibil: cum se înregistrează,altele,candidat,,nu,,
GH-05538,Rambursarea accizelor pentru transportatori,altele,publicat,,nu,rambursarea-accizelor-transportatori,
GH-05539,Cum se deduc cheltuielile cu combustibilul,altele,asemanator,,nu,,deduc-cheltuielile-echipamentele-it
GH-05540,Gestiunea carburanților în firmă: bonuri și facturi,stocuri,publicat,,nu,gestiunea-carburantilor-firma-bonuri-facturi,
GH-05541,Consumul de combustibil: norme și deductibilitate,altele,publicat,,nu,consumul-combustibil-norme-deductibilitate,
GH-05542,Cum se tratează amenzile de circulație în contabilitate,altele,publicat,,nu,trateaza-amenzile-circulatie-contabilitate,
GH-05543,Diurna conducătorilor auto: plafoane 2026,salarizare,candidat,,nu,,
GH-05544,Cum se deduc cheltuielile de deplasare ale șoferilor,altele,candidat,,nu,,
GH-05545,Parc auto: amortizarea vehiculelor de marfă,mijloace_fixe,publicat,,nu,parc-auto-amortizarea-vehiculelor-marfa,
GH-05546,TVA la achiziția unui vehicul comercial din UE,tva,publicat,,nu,tva-achizitia-vehicul-comercial-ue,
GH-05547,Contabilitate farmacie 2026: particularități fiscale,altele,asemanator,,nu,,contabilitate-transport-2026-particularitati-fiscale
GH-05548,Impozit micro la o farmacie: se aplică,micro,publicat,,nu,impozit-micro-farmacie-aplica,
GH-05549,TVA pentru medicamente 2026: cotele aplicabile,tva,publicat,,nu,tva-medicamente-2026-cotele-aplicabile,
GH-05550,Cota redusă de TVA la medicamente și produse medicale,tva,publicat,,nu,cota-redusa-tva-medicamente-produse,
GH-05551,Cum se gestionează stocurile unei farmacii,stocuri,candidat,,nu,,
GH-05552,Descărcarea gestiunii la o farmacie: reguli,stocuri,candidat,,nu,,
GH-05553,Medicamente expirate: cum se casează,altele,publicat,,nu,medicamente-expirate-caseaza,
GH-05554,TVA la medicamentele expirate distruse,tva,publicat,,nu,tva-medicamentele-expirate-distruse,
GH-05555,Cum se tratează discounturile de la distribuitorii de medicamente,altele,publicat,,nu,trateaza-discounturile-distribuitorii-medicamente,
GH-05556,Contabilitate cabinet medical: particularități 2026,altele,candidat,,nu,,
GH-05557,Cum se impozitează veniturile unui cabinet medical,altele,candidat,,nu,,
GH-05558,Scutirea de impozit pentru medicii de familie în 2026,altele,candidat,,nu,,
GH-05559,TVA pentru serviciile medicale: scutire,tva,candidat,,nu,,
GH-05560,Cum se aplică scutirea de TVA pentru servicii medicale,tva,publicat,,nu,aplica-scutirea-tva-servicii-medicale,
GH-05561,TVA la serviciile stomatologice 2026,tva,publicat,,nu,tva-serviciile-stomatologice-2026,
GH-05562,Cum se tratează veniturile din analize medicale,altele,candidat,,nu,,
GH-05563,Contabilitate agricolă 2026: particularități fiscale,altele,asemanator,,nu,,contabilitate-transport-2026-particularitati-fiscale
GH-05564,Impozit micro pentru exploatațiile agricole,micro,publicat,,nu,impozit-micro-exploatatiile-agricole,
GH-05565,Subvențiile APIA: tratament fiscal și TVA,tva,candidat,,nu,,
GH-05566,Cum se înregistrează subvențiile pentru agricultură,altele,candidat,,nu,,
GH-05567,TVA la produsele agricole vândute direct,tva,publicat,,nu,tva-produsele-agricole-vandute-direct,
GH-05568,Cota de TVA la produsele alimentare de bază 2026,tva,publicat,,nu,cota-tva-produsele-alimentare-baza,
GH-05569,Scutirea de TVA pentru micii producători agricoli,tva,publicat,,da,scutirea-tva-micii-producatori-agricoli,
GH-05570,Cum se aplică scutirea pentru vânzarea directă,altele,publicat,,nu,aplica-scutirea-vanzarea-directa,
GH-05571,Contabilitate ONG 2026: particularități,altele,publicat,,nu,contabilitate-ong-2026-particularitati,
GH-05572,Impozitul pe profit pentru organizații non-profit,profit,publicat,,nu,impozitul-profit-organizatii-non-profit,
GH-05573,Scutirea de impozit pentru ONG-uri: condiții,altele,publicat,,nu,scutirea-impozit-ong-uri-conditii,
GH-05574,TVA pentru activitatea economică a ONG-urilor,tva,publicat,,nu,tva-activitatea-economica-ong-urilor,
GH-05575,Sponsorizarea primită de ONG: tratament fiscal,profit,publicat,,nu,sponsorizarea-primita-ong-tratament-fiscal,
GH-05576,Cum se contabilizează donațiile la un ONG,altele,publicat,,nu,contabilizeaza-donatiile-ong,
GH-05577,Contabilitate avocatură 2026: societăți de avocați,altele,publicat,,nu,contabilitate-avocatura-2026-societati-avocati,
GH-05578,Cum se impozitează veniturile cabinetelor de avocatură,altele,candidat,,nu,,
GH-05579,Cotizația la UNBR și barou: deductibilitate,altele,asemanator,,nu,,cotizatia-unbr-barou-deductibila
GH-05580,Contabilitate notariat: particularități fiscale,altele,asemanator,,nu,,contabilitate-transport-2026-particularitati-fiscale
GH-05581,Impozitarea veniturilor birourilor notariale,altele,publicat,,nu,impozitarea-veniturilor-birourilor-notariale,
GH-05582,Contabilitate firme de consultanță: particularități,altele,candidat,,nu,,
GH-05583,TVA pentru serviciile de consultanță în 2026,tva,publicat,,nu,tva-serviciile-consultanta-2026,
GH-05584,Cum se tratează veniturile din management consulting,altele,publicat,,nu,trateaza-veniturile-management-consulting,
GH-05585,Contabilitate imobiliare 2026: tranzacții și închirieri,altele,publicat,,nu,contabilitate-imobiliare-2026-tranzactii-inchirieri,
GH-05586,TVA pentru închirierea de imobile comerciale,tva,publicat,,nu,tva-inchirierea-imobile-comerciale,
GH-05587,Scutirea de TVA pentru închirierea de locuințe,tva,candidat,,nu,,
GH-05588,Cum se aplică opțiunea de taxare a închirierii,altele,publicat,,nu,aplica-optiunea-taxare-inchirierii,
GH-05589,TVA la vânzarea de imobile de către firme,tva,publicat,,nu,tva-vanzarea-imobile-firme,
GH-05590,Impozitul pe venitul din vânzarea imobilelor: firme,altele,publicat,,nu,impozitul-venitul-vanzarea-imobilelor-firme,
GH-05591,Cum se tratează veniturile din chirii la micro vs profit,micro,publicat,,nu,trateaza-veniturile-chirii-micro-vs,
GH-05592,Contabilitate firmă de curierat: particularități,altele,publicat,,nu,contabilitate-firma-curierat-particularitati,
GH-05593,TVA pentru serviciile de curierat în 2026,tva,asemanator,,nu,,tva-serviciile-cazare-2026
GH-05594,Contabilitate stație de benzină: obligații speciale,altele,candidat,,nu,,
GH-05595,Accizele la carburanți pentru benzinării,altele,publicat,,nu,accizele-carburanti-benzinarii,
GH-05596,Contabilitate firmă de pază: particularități,altele,asemanator,,nu,,contabilitate-firma-catering-particularitati
GH-05597,Contabilitate firmă de curățenie: TVA și salarizare,salarizare,candidat,,nu,,
GH-05598,Contabilitate firmă de publicitate: particularități,altele,asemanator,,nu,,contabilitate-firma-catering-particularitati
GH-05599,TVA pentru serviciile de publicitate în 2026,tva,publicat,,nu,tva-serviciile-publicitate-2026,
GH-05600,Contabilitate firmă de printare: particularități fiscale,altele,publicat,,nu,contabilitate-firma-printare-particularitati-fiscale,
GH-05601,TVA la tipărirea de materiale publicitare,tva,asemanator,,nu,,tiparirea-materiale-publicitare-tva-deductibilitate
GH-05602,Contabilitate firmă de evenimente: particularități,altele,publicat,,nu,contabilitate-firma-evenimente-particularitati,
GH-05603,TVA la organizarea de evenimente în 2026,tva,publicat,,nu,tva-organizarea-evenimente-2026,
GH-05604,Contabilitate firmă de catering: particularități,altele,publicat,,nu,contabilitate-firma-catering-particularitati,
GH-05605,TVA la serviciile de catering în 2026,tva,publicat,,nu,tva-serviciile-catering-2026,
GH-05606,Contabilitate firmă de panificație: particularități,altele,asemanator,,nu,,contabilitate-firma-catering-particularitati
GH-05607,Cota de TVA la pâine și produse de panificație,tva,publicat,,nu,cota-tva-paine-produse-panificatie,
GH-05608,Contabilitate firmă de producție: costuri și TVA,tva,candidat,,nu,,
GH-05609,Cum se calculează costul de producție pe industrii,altele,asemanator,,nu,,calculeaza-costul-productie-unitar
GH-05610,Contabilitate firmă de reciclare: particularități,altele,publicat,,nu,contabilitate-firma-reciclare-particularitati,
GH-05611,Taxarea inversă la deșeuri reciclabile 2026,altele,publicat,,nu,taxarea-inversa-deseuri-reciclabile-2026,
GH-05612,"Noutăți fiscale 2026 pe industrii: HoReCa, construcții, IT, e-commerce",industrii,publicat,,nu,noutati-fiscale-2026-industrii-horeca,
GH-05613,Ce se schimbă în 2026 pentru firmele din construcții,industrii,asemanator,,da,,schimba-2026-firmele-constructii
GH-05614,Noutăți 2026 pentru programatorii IT,altele,publicat,,nu,noutati-2026-programatorii-it,
GH-05615,Modificări fiscale 2026 pentru magazinele online,industrii,candidat,,nu,,
GH-05616,Puncte de vedere ANAF pe industrii în 2026,altele,publicat,,nu,puncte-vedere-anaf-industrii-2026,
GH-05617,Checklist de conformare pentru HoReCa 2026,industrii,publicat,,nu,checklist-conformare-horeca-2026,
GH-05618,Checklist de conformare pentru firmele de construcții 2026,industrii,asemanator,,nu,,checklist-conformare-firmele-it-2026
GH-05619,Checklist de conformare pentru firmele IT 2026,industrii,publicat,,nu,checklist-conformare-firmele-it-2026,
GH-05620,Checklist de conformare pentru magazinele online 2026,industrii,publicat,,nu,checklist-conformare-magazinele-online-2026,
GH-05621,Erori frecvente în contabilitatea HoReCa și cum le eviți,industrii,publicat,,nu,erori-frecvente-contabilitatea-horeca-eviti,
GH-05622,Erori frecvente în contabilitatea firmelor de construcții,industrii,asemanator,,da,,erori-frecvente-contabilitatea-firmelor-constructii
GH-05623,Erori frecvente în contabilitatea firmelor IT,industrii,publicat,,da,erori-frecvente-contabilitatea-firmelor-it,
GH-05624,Erori frecvente în contabilitatea magazinelor online,industrii,publicat,,da,erori-frecvente-contabilitatea-magazinelor-online,
GH-05625,Comparație: micro vs profit pentru firmele din HoReCa,industrii,publicat,,nu,comparatie-micro-vs-profit-firmele,
GH-05626,Comparație: micro vs profit pentru firmele din construcții,industrii,asemanator,,nu,,comparatie-micro-vs-profit-firmele
GH-05627,Comparație: micro vs profit pentru firmele IT,industrii,publicat,,nu,comparatie-micro-vs-profit-firmele-it,
GH-05628,Comparație: micro vs profit pentru magazinele online,industrii,publicat,,nu,comparatie-micro-vs-profit-magazinele,
GH-05629,Simulare fiscală 2026 pentru un restaurant,industrii,publicat,,nu,simulare-fiscala-2026-restaurant,
GH-05630,Simulare fiscală 2026 pentru o firmă de construcții,industrii,candidat,,nu,,
GH-05631,Simulare fiscală 2026 pentru o firmă IT,industrii,candidat,,nu,,
GH-05632,Simulare fiscală 2026 pentru un magazin online,industrii,candidat,,nu,,
GH-05633,Cum aleg regimul fiscal în funcție de industrie 2026,altele,publicat,,nu,aleg-regimul-fiscal-functie-industrie,
GH-05634,Care sunt principalele termene fiscale pentru firme în 2026?,control_fiscal,candidat,,nu,,
GH-05635,Ce declarații fiscale trebuie depuse lunar în 2026?,altele,publicat,,nu,declaratii-fiscale-depuse-lunar-2026,
GH-05636,Ce declarații fiscale trebuie depuse trimestrial în 2026?,altele,publicat,,nu,declaratii-fiscale-depuse-trimestrial-2026,
GH-05637,Ce declarații fiscale trebuie depuse anual în 2026?,altele,publicat,,nu,declaratii-fiscale-depuse-anual-2026,
GH-05638,Care este calendarul fiscal ANAF pentru un SRL în 2026?,altele,asemanator,,nu,,calendarul-fiscal-pfa-2026
GH-05639,Care este calendarul fiscal pentru o microîntreprindere în 2026?,altele,asemanator,,nu,,calendarul-fiscal-intreprindere-individuala-2026
GH-05640,Care este calendarul fiscal pentru o firmă plătitoare de impozit pe profit în 2026?,profit,publicat,,nu,calendarul-fiscal-firma-platitoare-impozit,
GH-05641,Care este calendarul fiscal pentru un PFA în 2026?,pfa,publicat,,nu,calendarul-fiscal-pfa-2026,
GH-05642,Care este calendarul fiscal pentru o întreprindere individuală în 2026?,pfa,publicat,,nu,calendarul-fiscal-intreprindere-individuala-2026,
GH-05643,Care sunt termenele fiscale pentru o firmă plătitoare de TVA în 2026?,tva,publicat,,nu,termenele-fiscale-firma-platitoare-tva,
GH-05644,Ce termen se aplică dacă scadența fiscală cade într-o zi nelucrătoare?,control_fiscal,candidat,,nu,,
GH-05645,Ce se întâmplă dacă termenul unei declarații cade sâmbăta sau duminica?,control_fiscal,publicat,,nu,intampla-termenul-declaratii-cade-sambata,
GH-05646,Cum verific următorul termen fiscal al firmei?,control_fiscal,publicat,,nu,verific-urmatorul-termen-fiscal-firmei,
GH-05647,Cum aflu ce declarații trebuie să depună firma luna aceasta?,altele,publicat,,nu,aflu-declaratii-depuna-firma-luna,
GH-05648,Cum verific obligațiile declarative ale firmei în SPV?,spv,candidat,,nu,,
GH-05649,Cum verific vectorul fiscal al firmei înainte de depunerea declarațiilor?,altele,publicat,,nu,verific-vectorul-fiscal-firmei-inainte,
GH-05650,Ce se întâmplă dacă depun o declarație fiscală după termen?,control_fiscal,candidat,,nu,,
GH-05651,Ce amendă primesc dacă nu depun o declarație fiscală la termen?,control_fiscal,candidat,,nu,,
GH-05652,Ce se întâmplă dacă depun declarația cu o zi întârziere?,altele,asemanator,,da,,intampla-depun-d394-intarziere
GH-05653,Se aplică automat amendă pentru o declarație depusă cu întârziere?,control_fiscal,candidat,,nu,,
GH-05654,Pot primi avertisment în loc de amendă pentru nedepunerea unei declarații?,control_fiscal,candidat,,nu,,
GH-05655,Cum aflu dacă ANAF mi-a aplicat amendă pentru nedepunerea declarației?,control_fiscal,asemanator,,nu,,aflu-anaf-aplicat-amenda-nedepunerea
GH-05656,Unde apare amenda ANAF în SPV?,spv,candidat,,nu,,
GH-05657,Cum plătesc o amendă fiscală primită de la ANAF?,control_fiscal,publicat,,nu,platesc-amenda-fiscala-primita-anaf,
GH-05658,Se poate plăti jumătate din minimul amenzii ANAF?,altele,candidat,,nu,,
GH-05659,Cum contest o amendă aplicată de ANAF?,control_fiscal,publicat,,nu,contest-amenda-aplicata-anaf,
GH-05660,Ce termen am pentru contestarea unei amenzi fiscale?,control_fiscal,candidat,,nu,,
GH-05661,Ce fac dacă am primit amendă pentru o declarație pe care am depus-o?,control_fiscal,candidat,,nu,,
GH-05662,Cum demonstrez că declarația fiscală a fost depusă la termen?,control_fiscal,candidat,,nu,,
GH-05663,Este recipisa ANAF dovada depunerii declarației?,altele,publicat,,nu,recipisa-anaf-dovada-depunerii-declaratiei,
GH-05664,"Ce fac dacă am transmis declarația la termen, dar a fost respinsă?",control_fiscal,asemanator,,nu,,declaratia-fost-transmisa-termen-dar
GH-05665,Declarația respinsă de ANAF este considerată depusă?,altele,publicat,,nu,declaratia-respinsa-anaf-considerata-depusa,
GH-05666,Ce fac dacă observ după termen că declarația a avut erori de validare?,control_fiscal,candidat,,nu,,
GH-05667,Cum verific dacă toate declarațiile firmei au recipisă validă?,altele,candidat,,nu,,
GH-05668,"Ce se întâmplă dacă declarația a fost transmisă, dar nu a fost validată?",altele,candidat,,nu,,
GH-05669,Cum corectez o declarație fiscală după termen?,control_fiscal,candidat,,nu,,
GH-05670,Se aplică amendă dacă depun o declarație rectificativă?,control_fiscal,publicat,,nu,aplica-amenda-depun-declaratie-rectificativa,
GH-05671,Când pot depune o declarație rectificativă fără penalități?,altele,candidat,,nu,,
GH-05672,Ce se întâmplă dacă rectificativa mărește impozitul datorat?,altele,candidat,,nu,,
GH-05673,Ce accesorii se calculează după o declarație rectificativă?,altele,publicat,,nu,accesorii-calculeaza-declaratie-rectificativa,
GH-05674,Cum se calculează dobânda pentru taxe plătite cu întârziere?,altele,candidat,,nu,,
GH-05675,Cum se calculează penalitatea de întârziere la ANAF?,altele,candidat,,nu,,
GH-05676,De când începe să curgă dobânda pentru o obligație fiscală neachitată?,altele,publicat,,nu,incepe-curga-dobanda-obligatie-fiscala,
GH-05677,Până la ce dată se calculează accesoriile fiscale?,altele,candidat,,nu,,
GH-05678,Se calculează accesorii pentru fiecare zi de întârziere?,altele,candidat,,nu,,
GH-05679,Cum verific dobânzile și penalitățile calculate de ANAF?,altele,candidat,,nu,,
GH-05680,Unde văd accesoriile fiscale în fișa pe plătitor?,altele,candidat,,nu,,
GH-05681,Cum verific dacă ANAF a calculat corect penalitățile?,altele,candidat,,nu,,
GH-05682,Cum contest dobânzile și penalitățile calculate greșit?,greseli,candidat,,nu,,
GH-05683,Ce diferență este între dobândă și penalitate de întârziere?,greseli,publicat,,nu,diferenta-dobanda-penalitate-intarziere,
GH-05684,Ce diferență este între penalitatea de întârziere și penalitatea de nedeclarare?,greseli,asemanator,,nu,,diferenta-dintre-penalitatea-intarziere-penalitatea
GH-05685,Când se aplică penalitatea de nedeclarare?,altele,publicat,,nu,aplica-penalitatea-nedeclarare,
GH-05686,Cum se calculează penalitatea de nedeclarare?,altele,publicat,,nu,calculeaza-penalitatea-nedeclarare,
GH-05687,Când poate fi redusă penalitatea de nedeclarare?,altele,candidat,,nu,,
GH-05688,Cum cer reducerea penalității de nedeclarare?,altele,publicat,,nu,cer-reducerea-penalitatii-nedeclarare,
GH-05689,Se poate reduce cu 75% penalitatea de nedeclarare stabilită de ANAF?,altele,asemanator,,da,,reduce-penalitatea-nedeclarare-stabilita-anaf
GH-05690,Ce termen am pentru plata obligațiilor după o inspecție fiscală?,control_fiscal,publicat,,nu,termen-plata-obligatiilor-inspectie-fiscala,
GH-05691,Ce se întâmplă dacă ANAF găsește taxe nedeclarate la control?,altele,publicat,,nu,intampla-anaf-gaseste-taxe-nedeclarate,
GH-05692,Ce se întâmplă dacă ANAF găsește un impozit declarat prea mic?,altele,candidat,,nu,,
GH-05693,Se aplică penalitate de nedeclarare dacă am omis o declarație?,altele,publicat,,nu,aplica-penalitate-nedeclarare-omis-declaratie,
GH-05694,"Se aplică și amendă, și penalitate de nedeclarare pentru aceeași obligație?",control_fiscal,candidat,,nu,,
GH-05695,Cum se calculează accesoriile pentru TVA nedeclarată?,tva,candidat,,nu,,
GH-05696,Cum se calculează accesoriile pentru impozitul pe profit nedeclarat?,profit,candidat,,nu,,
GH-05697,Cum se calculează accesoriile pentru impozitul micro plătit cu întârziere?,micro,candidat,,nu,,
GH-05698,Cum se calculează accesoriile pentru contribuțiile salariale neachitate?,salarizare,publicat,,nu,calculeaza-accesoriile-contributiile-salariale-neachitate,
GH-05699,Cum se calculează accesoriile pentru impozitul pe dividende neachitat?,declaratii_speciale,asemanator,,nu,,calculeaza-impozitul-dividende-srl
GH-05700,"Ce se întâmplă dacă plătesc taxele după termen, dar înainte de notificarea ANAF?",control_fiscal,candidat,,nu,,
GH-05701,"Ce se întâmplă dacă depun declarația la termen, dar nu plătesc impozitul?",control_fiscal,publicat,,nu,intampla-depun-declaratia-termen-dar,
GH-05702,"Ce se întâmplă dacă plătesc impozitul la termen, dar uit declarația?",control_fiscal,asemanator,,nu,,intampla-depun-declaratia-termen-dar
GH-05703,Se calculează penalități dacă taxa a fost plătită înainte de depunerea declarației?,altele,candidat,,nu,,
GH-05704,Ce fac dacă am plătit taxa în contul bugetar greșit?,greseli,candidat,,nu,,
GH-05705,Se calculează accesorii dacă plata a ajuns într-un cont ANAF greșit?,greseli,publicat,,nu,calculeaza-accesorii-plata-ajuns-cont,
GH-05706,Cum corectez un ordin de plată făcut greșit către ANAF?,greseli,asemanator,,nu,,corecteaza-ordin-plata-anaf-gresit
GH-05707,Cum transfer o plată fiscală dintr-un cont bugetar în altul?,altele,candidat,,nu,,
GH-05708,Cum verific stingerea obligațiilor fiscale după plată?,altele,publicat,,nu,verific-stingerea-obligatiilor-fiscale-plata,
GH-05709,De ce apare o datorie în SPV deși am plătit impozitul?,spv,publicat,,nu,apare-datorie-spv-desi-platit,
GH-05710,Ce fac dacă plata nu apare în fișa pe plătitor?,altele,publicat,,nu,plata-apare-fisa-platitor,
GH-05711,În cât timp apare o plată în evidența ANAF?,altele,candidat,,nu,,
GH-05712,Cum se face compensarea unei obligații fiscale cu o sumă de rambursat?,altele,candidat,,nu,,
GH-05713,Pot compensa TVA de recuperat cu alte taxe datorate?,tva,candidat,,nu,,
GH-05714,Se calculează penalități în perioada în care aștept compensarea?,altele,publicat,,nu,calculeaza-penalitati-perioada-astept-compensarea,
GH-05715,Cum verific ordinea de stingere a obligațiilor fiscale?,altele,candidat,,nu,,
GH-05716,Ce obligații stinge ANAF prima dată când fac o plată?,altele,candidat,,nu,,
GH-05717,Cum evit ca plata să stingă o datorie fiscală mai veche?,altele,candidat,,nu,,
GH-05718,Ce este somația ANAF și ce trebuie să fac când o primesc?,altele,asemanator,,nu,,somatia-fiscala-primesc
GH-05719,Ce termen am să plătesc după primirea unei somații ANAF?,control_fiscal,publicat,,nu,termen-platesc-primirea-somatii-anaf,
GH-05720,Ce se întâmplă dacă ignor somația ANAF?,altele,candidat,,nu,,
GH-05721,Când poate ANAF să înceapă executarea silită?,altele,candidat,,nu,,
GH-05722,Cum aflu dacă firma este în executare silită?,altele,candidat,,nu,,
GH-05723,Când poate ANAF să pună poprire pe conturile firmei?,altele,candidat,,nu,,
GH-05724,Cum aflu de ce mi-a pus ANAF poprire pe cont?,altele,publicat,,nu,aflu-pus-anaf-poprire-cont,
GH-05725,Cum ridic o poprire ANAF după plata datoriei?,altele,candidat,,nu,,
GH-05726,În cât timp se ridică poprirea după achitarea obligațiilor?,altele,candidat,,nu,,
GH-05727,Ce fac dacă ANAF menține poprirea după ce am plătit?,altele,candidat,,nu,,
GH-05728,Poate ANAF să blocheze toate conturile firmei?,altele,publicat,,nu,anaf-blocheze-conturile-firmei,
GH-05729,Cum funcționează poprirea bancară pentru datorii fiscale?,altele,publicat,,nu,functioneaza-poprirea-bancara-datorii-fiscale,
GH-05730,Poate ANAF să pună poprire pe contul personal al administratorului?,infiintare,publicat,,nu,anaf-puna-poprire-contul-personal,
GH-05731,Poate ANAF să urmărească bunurile unui SRL pentru datorii fiscale?,altele,publicat,,nu,anaf-urmareasca-bunurile-srl-datorii,
GH-05732,Poate ANAF să sechestreze autoturismul firmei?,altele,publicat,,nu,anaf-sechestreze-autoturismul-firmei,
GH-05733,Când poate ANAF să sechestreze bunurile unei firme?,altele,publicat,,nu,anaf-sechestreze-bunurile-firme,
GH-05734,Cum contest executarea silită începută de ANAF?,altele,candidat,,nu,,
GH-05735,Ce termen am pentru contestația la executare fiscală?,control_fiscal,publicat,,nu,termen-contestatia-executare-fiscala,
GH-05736,Pot cere eșalonare la plată după ce am primit somație?,altele,publicat,,nu,cere-esalonare-plata-primit-somatie,
GH-05737,Cum obțin eșalonarea la plată a datoriilor fiscale în 2026?,altele,candidat,,nu,,
GH-05738,Ce condiții trebuie îndeplinite pentru eșalonarea la plată?,altele,publicat,,nu,conditii-indeplinite-esalonarea-plata,
GH-05739,Ce taxe pot fi eșalonate la ANAF?,altele,publicat,,nu,taxe-esalonate-anaf,
GH-05740,Pot eșalona TVA restantă?,tva,candidat,,nu,,
GH-05741,Pot eșalona contribuțiile salariale restante?,salarizare,candidat,,nu,,
GH-05742,Pot eșalona impozitul pe profit?,profit,candidat,,nu,,
GH-05743,Pot eșalona impozitul micro?,micro,publicat,,nu,esalona-impozitul-micro,
GH-05744,Ce se întâmplă cu penalitățile în timpul eșalonării?,altele,publicat,,nu,intampla-penalitatile-timpul-esalonarii,
GH-05745,Ce se întâmplă dacă nu respect o rată din eșalonarea ANAF?,altele,candidat,,nu,,
GH-05746,Cum verific soldul unei eșalonări fiscale?,altele,candidat,,nu,,
GH-05747,Ce este certificatul de atestare fiscală și când am nevoie de el?,altele,candidat,,nu,,
GH-05748,Cum verific dacă firma are datorii la ANAF?,altele,asemanator,,da,,verific-firma-datorii-anaf
GH-05749,Cum obțin certificatul de atestare fiscală din SPV?,spv,publicat,,nu,obtin-certificatul-atestare-fiscala-spv,
GH-05750,Ce fac dacă certificatul fiscal arată datorii pe care nu le recunosc?,altele,candidat,,nu,,
GH-05751,Cum corectez evidența fiscală înainte de un control ANAF?,greseli,candidat,,nu,,
GH-05752,Ce este inspecția fiscală și ce poate verifica ANAF?,control_fiscal,candidat,,nu,,
GH-05753,Cum aflu că firma urmează să aibă inspecție fiscală?,control_fiscal,candidat,,nu,,
GH-05754,Ce este avizul de inspecție fiscală?,control_fiscal,publicat,,nu,avizul-inspectie-fiscala,
GH-05755,Cu cât timp înainte trebuie comunicat avizul de inspecție fiscală?,control_fiscal,candidat,,nu,,
GH-05756,Ce trebuie să fac după ce primesc aviz de inspecție fiscală?,control_fiscal,publicat,,nu,primesc-aviz-inspectie-fiscala,
GH-05757,Ce documente pregătesc pentru o inspecție fiscală?,control_fiscal,publicat,,nu,documente-pregatesc-inspectie-fiscala,
GH-05758,Ce perioade poate verifica ANAF la o inspecție fiscală?,control_fiscal,publicat,,nu,perioade-verifica-anaf-inspectie-fiscala,
GH-05759,Câți ani în urmă poate controla ANAF o firmă?,altele,publicat,,da,cati-ani-urma-controla-anaf-firma,
GH-05760,Care este termenul de prescripție pentru obligațiile fiscale?,control_fiscal,candidat,,nu,,
GH-05761,De când începe să curgă prescripția fiscală?,control_fiscal,candidat,,nu,,
GH-05762,Ce întrerupe termenul de prescripție fiscală?,control_fiscal,asemanator,,nu,,acte-suspenda-termenul-prescriptie-fiscala
GH-05763,Ce suspendă termenul de prescripție fiscală?,control_fiscal,asemanator,,nu,,acte-suspenda-termenul-prescriptie-fiscala
GH-05764,Poate ANAF controla din nou o perioadă deja verificată?,altele,candidat,,nu,,
GH-05765,În ce situații poate fi refăcută inspecția fiscală?,control_fiscal,asemanator,,nu,,conditii-refacuta-inspectia-fiscala
GH-05766,Care este diferența dintre inspecție fiscală și verificare documentară?,control_fiscal,publicat,,nu,diferenta-dintre-inspectie-fiscala-verificare,
GH-05767,Ce este verificarea documentară ANAF?,altele,publicat,,nu,verificarea-documentara-anaf,
GH-05768,Ce documente poate cere ANAF la verificarea documentară?,altele,publicat,,nu,documente-cere-anaf-verificarea-documentara,
GH-05769,Cum răspund unei solicitări de documente primite prin SPV?,spv,publicat,,nu,raspund-solicitari-documente-primite-spv,
GH-05770,Ce termen am pentru a răspunde unei solicitări ANAF?,control_fiscal,candidat,,nu,,
GH-05771,Pot cere prelungirea termenului pentru documentele solicitate de ANAF?,control_fiscal,publicat,,nu,cere-prelungirea-termenului-documentele-solicitate,
GH-05772,Ce se întâmplă dacă nu răspund la solicitarea ANAF?,altele,publicat,,nu,intampla-raspund-solicitarea-anaf,
GH-05773,Poate ANAF stabili taxe suplimentare doar prin verificare documentară?,altele,candidat,,nu,,
GH-05774,Cum contest o decizie emisă după verificarea documentară?,altele,publicat,,nu,contest-decizie-emisa-verificarea-documentara,
GH-05775,Ce este controlul inopinat ANAF?,altele,publicat,,nu,controlul-inopinat-anaf,
GH-05776,ANAF poate veni în control fără aviz?,altele,publicat,,nu,anaf-veni-control-aviz,
GH-05777,Ce documente poate cere ANAF la un control inopinat?,altele,publicat,,nu,documente-cere-anaf-control-inopinat,
GH-05778,Cât poate dura un control inopinat?,altele,candidat,,nu,,
GH-05779,Care este diferența dintre control inopinat și inspecție fiscală?,control_fiscal,asemanator,,nu,,diferenta-dintre-inspectie-fiscala-verificare
GH-05780,Ce este controlul antifraudă?,altele,candidat,,nu,,
GH-05781,Ce verifică Direcția Generală Antifraudă Fiscală la o firmă?,altele,candidat,,nu,,
GH-05782,Antifrauda poate veni fără notificare?,control_fiscal,candidat,,da,,
GH-05783,Ce documente trebuie prezentate la controlul antifraudă?,altele,publicat,,nu,documente-prezentate-controlul-antifrauda,
GH-05784,Poate Antifrauda ridica documente de la sediul firmei?,altele,candidat,,nu,,
GH-05785,Poate ANAF cere acces la programul de contabilitate?,altele,publicat,,nu,anaf-cere-acces-programul-contabilitate,
GH-05786,Poate inspectorul fiscal cere baza de date contabilă?,control_fiscal,publicat,,nu,inspectorul-fiscal-cere-baza-date,
GH-05787,Poate ANAF cere extrasele bancare ale firmei?,casierie,publicat,,nu,anaf-cere-extrasele-bancare-firmei,
GH-05788,Poate ANAF verifica conturile bancare ale administratorului?,casierie,publicat,,nu,anaf-verifica-conturile-bancare-administratorului,
GH-05789,Poate ANAF cere contractele cu clienții și furnizorii?,altele,candidat,,nu,,
GH-05790,Poate ANAF cere corespondența comercială cu furnizorii?,altele,publicat,,nu,anaf-cere-corespondenta-comerciala-furnizorii,
GH-05791,Poate ANAF verifica facturile din RO e-Factura cu contabilitatea?,spv,candidat,,nu,,
GH-05792,Cum verifică ANAF e-Factura cu D300 și D394?,tva,publicat,,nu,verifica-anaf-factura-d300-d394,
GH-05793,Poate ANAF compara SAF-T cu declarațiile fiscale?,declaratii_speciale,candidat,,nu,,
GH-05794,Ce diferențe între SAF-T și balanță pot declanșa verificări?,declaratii_speciale,publicat,,nu,diferente-saft-balanta-declansa-verificari,
GH-05795,Ce diferențe între D300 și D394 pot atrage atenția ANAF?,tva,publicat,,nu,diferente-d300-d394-atrage-atentia,
GH-05796,Ce diferențe între D112 și balanță pot atrage un control?,salarizare,publicat,,nu,diferente-d112-balanta-atrage-control,
GH-05797,Ce diferențe între e-Factura și D394 pot genera notificări?,tva,publicat,,nu,diferente-factura-d394-genera-notificari,
GH-05798,Ce verifică ANAF la o firmă plătitoare de TVA?,tva,publicat,,nu,verifica-anaf-firma-platitoare-tva,
GH-05799,Ce verifică ANAF la o firmă plătitoare de impozit pe profit?,profit,publicat,,nu,verifica-anaf-firma-platitoare-impozit,
GH-05800,Ce verifică ANAF la un PFA?,pfa,publicat,,nu,verifica-anaf-pfa,
GH-05801,Ce verifică ANAF la o întreprindere individuală?,pfa,candidat,,nu,,
GH-05802,Ce verifică ANAF la un magazin online?,industrii,publicat,,nu,verifica-anaf-magazin-online,
GH-05803,Ce verifică ANAF la un restaurant?,industrii,publicat,,nu,verifica-anaf-restaurant,
GH-05804,Ce verifică ANAF la o firmă de construcții?,industrii,asemanator,,nu,,verifica-anaf-firma-platitoare-tva
GH-05805,Ce verifică ANAF la o firmă IT?,industrii,asemanator,,nu,,verifica-anaf-firma-salariati
GH-05806,Ce verifică ANAF la o firmă fără salariați?,salarizare,publicat,,nu,verifica-anaf-firma-salariati,
GH-05807,Ce verifică ANAF la o firmă cu pierdere fiscală mai mulți ani?,profit,publicat,,nu,verifica-anaf-firma-pierdere-fiscala,
GH-05808,Ce verifică ANAF la rambursarea TVA?,tva,asemanator,,nu,,verifica-anaf-tva-deductibila
GH-05809,Rambursarea TVA poate declanșa o inspecție fiscală?,tva,candidat,,nu,,
GH-05810,Ce documente cere ANAF pentru rambursarea TVA?,tva,asemanator,,nu,,documente-cere-anaf-control-rambursarea
GH-05811,Cum pregătesc dosarul pentru controlul TVA?,tva,publicat,,nu,pregatesc-dosarul-controlul-tva,
GH-05812,Ce verifică ANAF la TVA deductibilă?,tva,publicat,,nu,verifica-anaf-tva-deductibila,
GH-05813,Ce documente justifică dreptul de deducere a TVA?,tva,candidat,,nu,,
GH-05814,Poate ANAF refuza TVA deductibilă pentru lipsa documentelor?,tva,candidat,,nu,,
GH-05815,Ce verifică ANAF la achiziția unui autoturism?,altele,candidat,,nu,,
GH-05816,Ce verifică ANAF la cheltuielile cu combustibilul?,altele,candidat,,nu,,
GH-05817,Ce verifică ANAF la cheltuielile de protocol?,profit,asemanator,,nu,,anaf-control-deconturi-deplasare-diurna
GH-05818,Ce verifică ANAF la cheltuielile de deplasare și diurnă?,salarizare,publicat,,nu,anaf-control-deconturi-deplasare-diurna,
GH-05819,Ce verifică ANAF la serviciile de consultanță?,altele,candidat,,nu,,
GH-05820,Ce documente justifică serviciile facturate între firme?,altele,candidat,,nu,,
GH-05821,Ce verifică ANAF la tranzacțiile între firme afiliate?,altele,publicat,,nu,verifica-anaf-tranzactiile-firme-afiliate,
GH-05822,Când poate ANAF ajusta prețurile de transfer?,altele,candidat,,nu,,
GH-05823,Cine trebuie să pregătească dosarul prețurilor de transfer?,altele,candidat,,nu,,
GH-05824,Ce termen are firma pentru prezentarea dosarului prețurilor de transfer?,control_fiscal,candidat,,nu,,
GH-05825,Ce se întâmplă dacă nu prezint dosarul prețurilor de transfer?,altele,publicat,,nu,intampla-prezint-dosarul-preturilor-transfer,
GH-05826,Ce verifică ANAF la împrumuturile dintre asociat și firmă?,infiintare,candidat,,nu,,
GH-05827,Ce verifică ANAF la creditarea societății de către asociat?,infiintare,candidat,,nu,,
GH-05828,Ce verifică ANAF la retragerile de numerar ale administratorului?,casierie,candidat,,nu,,
GH-05829,Cum justific retragerile de numerar din contul firmei?,casierie,candidat,,nu,,
GH-05830,Ce verifică ANAF la soldul mare al contului 5311?,altele,publicat,,nu,verifica-anaf-soldul-mare-contului,
GH-05831,Ce riscuri fiscale apar dacă firma are sold mare în casierie?,casierie,candidat,,nu,,
GH-05832,Ce verifică ANAF la avansurile de trezorerie?,altele,publicat,,nu,verifica-anaf-avansurile-trezorerie,
GH-05833,Cum justific avansurile nedecontate ale administratorului?,infiintare,candidat,,nu,,
GH-05834,Ce verifică ANAF la contul 455?,altele,publicat,,nu,verifica-anaf-contul-455,
GH-05835,Ce verifică ANAF la contul 461?,altele,publicat,,nu,verifica-anaf-contul-461,
GH-05836,Ce verifică ANAF la contul 473?,altele,publicat,,nu,verifica-anaf-contul-473,
GH-05837,Ce verifică ANAF la soldurile vechi de clienți și furnizori?,altele,publicat,,nu,verifica-anaf-soldurile-vechi-clienti,
GH-05838,Ce verifică ANAF la facturile neîncasate?,altele,asemanator,,nu,,verifica-anaf-creantele-neincasate
GH-05839,Ce verifică ANAF la creanțele prescrise?,altele,publicat,,nu,verifica-anaf-creantele-prescrise,
GH-05840,Ce verifică ANAF la datoriile prescrise?,altele,publicat,,nu,verifica-anaf-datoriile-prescrise,
GH-05841,Cum se pregătește balanța înainte de un control fiscal?,control_fiscal,candidat,,nu,,
GH-05842,Ce conturi contabile trebuie verificate înainte de inspecția fiscală?,control_fiscal,candidat,,nu,,
GH-05843,Cum verific concordanța dintre balanță și declarațiile fiscale?,altele,candidat,,nu,,
GH-05844,Cum fac o reconciliere fiscală înainte de controlul ANAF?,altele,publicat,,nu,reconciliere-fiscala-inainte-controlul-anaf,
GH-05845,Cum verific D300 cu balanța înainte de control?,tva,asemanator,,nu,,verific-d112-balanta-inainte-control
GH-05846,Cum verific D394 cu jurnalul de TVA înainte de control?,tva,publicat,,nu,verific-d394-jurnalul-tva-inainte,
GH-05847,Cum verific D112 cu balanța înainte de control?,salarizare,publicat,,nu,verific-d112-balanta-inainte-control,
GH-05848,Cum verific D101 cu calculul impozitului pe profit?,profit,publicat,,nu,verific-d101-calculul-impozitului-profit,
GH-05849,Cum verific D100 cu obligațiile din contabilitate?,altele,publicat,,nu,verific-d100-obligatiile-contabilitate,
GH-05850,Cum verific SAF-T cu balanța înainte de depunere?,declaratii_speciale,publicat,,nu,verific-saft-balanta-inainte-depunere,
GH-05851,Cum verific e-Factura cu jurnalul de vânzări?,spv,publicat,,nu,verific-factura-jurnalul-vanzari,
GH-05852,Cum verific e-Factura cu jurnalul de cumpărări?,spv,publicat,,nu,verific-factura-jurnalul-cumparari,
GH-05853,Ce fac dacă descopăr o eroare înainte de începerea inspecției fiscale?,control_fiscal,publicat,,nu,descopar-eroare-inainte-inceperea-inspectiei,
GH-05854,Mai pot depune rectificative după primirea avizului de inspecție?,altele,candidat,,nu,,
GH-05855,Pot corecta declarațiile în timpul controlului fiscal?,control_fiscal,candidat,,nu,,
GH-05856,Ce se întâmplă dacă găsesc singur taxe nedeclarate înaintea ANAF?,altele,publicat,,nu,intampla-gasesc-singur-taxe-nedeclarate,
GH-05857,Este mai bine să corectez voluntar o eroare înainte de control?,greseli,candidat,,nu,,
GH-05858,Cum documentez o corecție fiscală făcută înainte de inspecție?,altele,candidat,,nu,,
GH-05859,Ce este declarația rectificativă depusă după notificarea ANAF?,control_fiscal,asemanator,,nu,,declaratia-rectificativa-depusa-notificarea-anaf
GH-05860,Ce este notificarea de conformare ANAF?,control_fiscal,publicat,,nu,notificarea-conformare-anaf,
GH-05861,De ce am primit notificare de conformare de la ANAF?,control_fiscal,candidat,,nu,,
GH-05862,Ce trebuie să fac după primirea unei notificări de conformare?,altele,publicat,,nu,primirea-notificari-conformare,
GH-05863,În cât timp trebuie să răspund la notificarea de conformare?,control_fiscal,candidat,,nu,,
GH-05864,Trebuie obligatoriu să depun rectificative după notificarea de conformare?,control_fiscal,candidat,,nu,,
GH-05865,Ce se întâmplă dacă nu modific declarațiile după notificarea ANAF?,control_fiscal,candidat,,nu,,
GH-05866,Cum verific riscul fiscal indicat într-o notificare de conformare?,control_fiscal,candidat,,nu,,
GH-05867,Ce documente pregătesc pentru justificarea diferențelor semnalate de ANAF?,greseli,candidat,,nu,,
GH-05868,Cum răspund unei notificări privind diferențele din declarații?,greseli,publicat,,nu,raspund-notificari-privind-diferentele-declaratii,
GH-05869,Ce fac dacă ANAF semnalează diferențe între e-Factura și D394?,tva,publicat,,nu,anaf-semnaleaza-diferente-factura-d394,
GH-05870,Ce fac dacă ANAF semnalează diferențe între D300 și D394?,tva,publicat,,nu,anaf-semnaleaza-diferente-d300-d394,
GH-05871,Ce fac dacă ANAF semnalează diferențe între SAF-T și declarațiile fiscale?,declaratii_speciale,publicat,,nu,anaf-semnaleaza-diferente-saft-declaratiile,
GH-05872,Ce fac dacă ANAF semnalează venituri nedeclarate?,altele,candidat,,nu,,
GH-05873,Ce fac dacă ANAF consideră o cheltuială nedeductibilă?,profit,publicat,,nu,anaf-considera-cheltuiala-nedeductibila,
GH-05874,Cum justific deductibilitatea unei cheltuieli la control?,altele,asemanator,,nu,,justifici-deductibilitatea-cheltuieli-control
GH-05875,Ce documente demonstrează scopul economic al unei cheltuieli?,altele,candidat,,nu,,
GH-05876,Poate ANAF respinge o cheltuială doar pentru că factura este incompletă?,altele,candidat,,nu,,
GH-05877,Ce verifică ANAF la facturile de la furnizori inactivi?,altele,publicat,,nu,verifica-anaf-facturile-furnizori-inactivi,
GH-05878,Ce se întâmplă dacă am cumpărat de la un furnizor declarat inactiv?,altele,publicat,,nu,intampla-cumparat-furnizor-declarat-inactiv,
GH-05879,Cum verific dacă furnizorul era activ fiscal la data facturii?,altele,candidat,,nu,,
GH-05880,Ce verifică ANAF la tranzacțiile cu firme radiate?,altele,asemanator,,nu,,verifica-anaf-tranzactiile-firme-afiliate
GH-05881,Ce verifică ANAF la tranzacțiile intracomunitare?,ic_ue,publicat,,nu,verifica-anaf-tranzactiile-intracomunitare,
GH-05882,Ce documente justifică o livrare intracomunitară scutită de TVA?,ic_ue,candidat,,nu,,
GH-05883,Ce verifică ANAF la achizițiile intracomunitare?,ic_ue,publicat,,nu,verifica-anaf-achizitiile-intracomunitare,
GH-05884,Ce verifică ANAF la taxarea inversă?,altele,publicat,,nu,verifica-anaf-taxarea-inversa,
GH-05885,Ce verifică ANAF la importuri?,altele,candidat,,nu,,
GH-05886,Ce verifică ANAF la exporturi?,altele,candidat,,nu,,
GH-05887,Ce verifică ANAF la operațiunile cu numerar?,casierie,candidat,,nu,,
GH-05888,Ce amenzi sunt pentru depășirea plafoanelor de numerar?,casierie,candidat,,nu,,
GH-05889,Cum se verifică respectarea plafonului de casierie?,casierie,candidat,,nu,,
GH-05890,Ce verifică ANAF la plățile fragmentate?,altele,publicat,,nu,verifica-anaf-platile-fragmentate,
GH-05891,Cum demonstrez că două plăți nu reprezintă fragment,altele,candidat,,nu,,
GH-05892,Termene fiscale 2026: calendarul complet al obligațiilor,control_fiscal,candidat,,nu,,
GH-05893,Care sunt termenele de depunere a declarațiilor în 2026,control_fiscal,candidat,,nu,,
GH-05894,Calendarul fiscal lunar 2026 pentru firme,altele,candidat,,nu,,
GH-05895,Ce declarații se depun până pe 25 ale lunii,altele,publicat,,da,declaratii-depun-pana-25-lunii-2,
GH-05896,Termenele de plată a impozitelor în 2026: lista completă,control_fiscal,candidat,,nu,,
GH-05897,Când se plătește impozitul pe profit în 2026,profit,publicat,,nu,plateste-impozitul-profit-2026,
GH-05898,Termenul de plată a TVA lunar și trimestrial 2026,tva,candidat,,nu,,
GH-05899,Data limită pentru depunerea D112 în 2026,salarizare,publicat,,nu,data-limita-depunerea-d112-2026,
GH-05900,Termenul pentru D300 și D394 în 2026,tva,publicat,,nu,termenul-d300-d394-2026,
GH-05901,Când expiră termenul pentru D101,profit,candidat,,nu,,
GH-05902,Calendarul declarațiilor anuale 2026,altele,candidat,,nu,,
GH-05903,Ce se depune până la 31 ianuarie 2026,altele,candidat,,nu,,
GH-05904,Termenul pentru declarația unică 2026,control_fiscal,publicat,,nu,termenul-declaratia-unica-2026,
GH-05905,Când se depune declarația unică pentru PFA în 2026,pfa,publicat,,nu,depune-declaratia-unica-pfa-2026,
GH-05906,Termenul pentru D205 și D207 în 2026,declaratii_speciale,publicat,,nu,termenul-d205-d207-2026,
GH-05907,Când se depune D406 SAF-T în 2026,declaratii_speciale,publicat,,nu,cand-se-depune-d406-saf-t-in-2026,
GH-05908,Ce termene are e-Factura în 2026,spv,publicat,,nu,termene-factura-2026,
GH-05909,Termenele pentru e-Transport în 2026,control_fiscal,candidat,,nu,,
GH-05910,Când se depune D010 pentru vectorul fiscal,altele,candidat,,nu,,
GH-05911,Termenul de înregistrare în scopuri de TVA,tva,publicat,,nu,termenul-inregistrare-scopuri-tva,
GH-05912,Termenul de depunere a D700 pentru schimbări fiscale,control_fiscal,publicat,,nu,termenul-depunere-d700-schimbari-fiscale,
GH-05913,Ce se întâmplă dacă depun o declarație după termen,control_fiscal,candidat,,nu,,
GH-05914,Penalizarea de întârziere pentru depunerea tardivă: cum se calculează,control_fiscal,publicat,,nu,penalizarea-intarziere-depunerea-tardiva-calculeaza,
GH-05915,Amenzi pentru nedepunerea declarațiilor fiscale 2026,altele,publicat,,nu,amenzi-nedepunerea-declaratiilor-fiscale-2026,
GH-05916,Cât este amenda pentru D112 depus cu întârziere,salarizare,publicat,,nu,amenda-d112-depus-intarziere,
GH-05917,Amenda pentru depunerea tardivă a D300,tva,publicat,,nu,amenda-depunerea-tardiva-d300,
GH-05918,Penalizarea pentru plata cu întârziere a TVA,tva,asemanator,,nu,,penalizarea-plata-intarziere-impozitului-profit
GH-05919,Dobânda de întârziere la impozitul pe profit: cum se calculează,profit,asemanator,,nu,,dobanda-intarziere-impozitul-profit-calculez
GH-05920,Cum se calculează dobânzile și penalitățile ANAF 2026,altele,publicat,,nu,calculeaza-dobanzile-penalitatile-anaf-2026,
GH-05921,Cota dobânzii de întârziere fiscală în 2026,altele,publicat,,nu,cota-dobanzii-intarziere-fiscala-2026,
GH-05922,"Cum se calculează penalitatea de 0,01% pe zi de întârziere",altele,candidat,,nu,,
GH-05923,Când începe curgerea dobânzii de întârziere,altele,publicat,,nu,incepe-curgerea-dobanzii-intarziere,
GH-05924,Dobânda de întârziere se aplică și la amenzi,altele,publicat,,nu,dobanda-intarziere-aplica-amenzi,
GH-05925,Penalitatea pentru nedepunerea declarațiilor informative,altele,publicat,,nu,penalitatea-nedepunerea-declaratiilor-informative,
GH-05926,Amenda pentru nedepunerea D394 în 2026,tva,publicat,,nu,amenda-nedepunerea-d394-2026,
GH-05927,Sancțiunile pentru neînregistrarea în scopuri de TVA,tva,candidat,,nu,,
GH-05928,Amenda pentru nedepunerea SAF-T: cât este,declaratii_speciale,asemanator,,da,,amenda-nedepunerea-saft-2026
GH-05929,Sancțiuni pentru nedepunerea e-Factura în 2026,spv,candidat,,nu,,
GH-05930,Penalizarea pentru nedepunerea declarațiilor de salarizare,salarizare,publicat,,nu,penalizarea-nedepunerea-declaratiilor-salarizare,
GH-05931,Amenzi pentru nedepunerea D205 la termen,declaratii_speciale,candidat,,nu,,
GH-05932,Sancțiunile pentru nedepunerea declarației unice,control_fiscal,asemanator,,nu,,amenda-nedepunerea-declaratiei-unice
GH-05933,Cum se contestă o amendă fiscală de la ANAF,control_fiscal,publicat,,nu,contesta-amenda-fiscala-anaf,
GH-05934,Cum se contestă o decizie de impunere,altele,publicat,,nu,contesta-decizie-impunere,
GH-05935,Termenul de depunere a contestației fiscale,control_fiscal,candidat,,nu,,
GH-05936,Contestația la ANAF: procedura completă 2026,control_fiscal,candidat,,nu,,
GH-05937,Cum se formulează o contestație împotriva unei amenzi,control_fiscal,candidat,,nu,,
GH-05938,Cât durează soluționarea unei contestații la ANAF,control_fiscal,publicat,,nu,dureaza-solutionarea-contestatii-anaf,
GH-05939,Recursul după respingerea contestației la ANAF,control_fiscal,candidat,,nu,,
GH-05940,Contestația administrativă vs acțiunea în instanță,control_fiscal,publicat,,nu,contestatia-administrativa-vs-actiunea-instanta,
GH-05941,Când pot da ANAF în judecată pentru o amendă,control_fiscal,publicat,,nu,da-anaf-judecata-amenda,
GH-05942,Termenul de prescripție pentru debitele fiscale,control_fiscal,candidat,,nu,,
GH-05943,Cât timp mă poate verifica ANAF pentru impozite,altele,candidat,,nu,,
GH-05944,Prescripția dreptului de a cere restituirea,control_fiscal,asemanator,,nu,,prescriptia-dreptului-cere-restituirea-sumelor
GH-05945,Cum se întrerupe prescripția fiscală,control_fiscal,candidat,,nu,,
GH-05946,Prescripția se suspendă în timpul controlului,control_fiscal,candidat,,nu,,
GH-05947,Cât timp pot cere înapoi o sumă plătită în plus,altele,candidat,,nu,,
GH-05948,Cum verific dacă am debite prescrise la ANAF,altele,candidat,,nu,,
GH-05949,Eșalonarea la plată a datoriilor la ANAF 2026,altele,publicat,,nu,esalonarea-plata-datoriilor-anaf-2026,
GH-05950,Cum obțin o eșalonare a datoriilor fiscale,altele,asemanator,,nu,,obtin-reesalonare-datoriilor
GH-05951,Condițiile pentru eșalonarea la plată pe ani,altele,asemanator,,nu,,conditiile-complete-esalonarea-plata
GH-05952,Cum cer amânarea plății impozitelor,altele,publicat,,nu,cer-amanarea-platii-impozitelor,
GH-05953,Eșalonarea și dobânzile aferente: cum se aplică,altele,asemanator,,nu,,esalonarea-plata-dobanzile-aferente-aplica
GH-05954,Durata maximă a eșalonării la plată la ANAF,altele,publicat,,nu,durata-maxima-esalonarii-plata-anaf,
GH-05955,Cum se menține valabilitatea eșalonării,altele,candidat,,nu,,
GH-05956,Pierd eșalonarea dacă nu plătesc o rată: ce se întâmplă,altele,candidat,,nu,,
GH-05957,Cum obțin o reeșalonare a datoriilor,altele,publicat,,nu,obtin-reesalonare-datoriilor,
GH-05958,Ștergerea penalităților: se mai poate în 2026,altele,publicat,,nu,stergerea-penalitatilor-2026,
GH-05959,Amnistia fiscală de penalități: condiții de aplicare,altele,candidat,,nu,,
GH-05960,Cum beneficiez de ștergerea accesoriilor,altele,candidat,,nu,,
GH-05961,Bonificația pentru plata cu anticipație a impozitelor,profit,candidat,,nu,,
GH-05962,Reducerea dobânzilor dacă plătesc mai repede,altele,publicat,,nu,reducerea-dobanzilor-platesc-repede,
GH-05963,Compensarea sumelor de recuperat cu datorii,altele,candidat,,nu,,
GH-05964,Cererea de compensare la ANAF: cum se depune,altele,publicat,,nu,cererea-compensare-anaf-depune,
GH-05965,Compensarea din oficiu a sumelor datorate,altele,candidat,,nu,,
GH-05966,Cum se solicită restituirea unor sume plătite în plus,altele,candidat,,nu,,
GH-05967,Cererea de restituire: documente și termene,control_fiscal,candidat,,nu,,
GH-05968,Cum obțin restituirea unei plăți făcute din greșeală,greseli,publicat,,nu,obtin-restituirea-plati-facute-greseala,
GH-05969,Cum corectez o plată făcută la alt cod bugetar,greseli,candidat,,nu,,
GH-05970,Am plătit o taxă la un cod greșit: cum recuperez,greseli,candidat,,nu,,
GH-05971,Contează ordinul de plată cu cod bugetar eronat,altele,publicat,,nu,conteaza-ordinul-plata-cod-bugetar,
GH-05972,Cum se redistribuie o plată între obligații fiscale,altele,publicat,,nu,redistribuie-plata-obligatii-fiscale,
GH-05973,Fișa de evidență a plătitorului: cum o obțin,altele,candidat,,nu,,
GH-05974,Cum descarc fișa pe plătitor din SPV,spv,publicat,,nu,descarc-fisa-platitor-spv,
GH-05975,Cum verific soldul obligațiilor fiscale online,altele,candidat,,nu,,
GH-05976,Certificatul de atestare fiscală: cum îl cer,altele,candidat,,nu,,
GH-05977,Cum obțin cazierul fiscal,altele,publicat,,da,obtin-cazierul-fiscal,
GH-05978,Certificatul de cazier fiscal: se poate online,altele,candidat,,nu,,
GH-05979,Ce arată cazierul fiscal al unei firme,altele,publicat,,nu,arata-cazierul-fiscal-firme,
GH-05980,Controlul fiscal 2026: când mă anunță ANAF,control_fiscal,candidat,,nu,,
GH-05981,Cum se desfășoară un control fiscal la ANAF,control_fiscal,asemanator,,nu,,desfasoara-control-fiscal-srl-mic
GH-05982,Notificarea de control: ce trebuie să conțină,control_fiscal,candidat,,nu,,
GH-05983,Avizul de inspecție fiscală: termenul de anunțare,control_fiscal,candidat,,nu,,
GH-05984,Controlul inopinat: când e permis,altele,candidat,,nu,,
GH-05985,Controlul la sediul contribuabilului: cine are acces,altele,publicat,,nu,controlul-sediul-contribuabilului-acces,
GH-05986,Ce documente cere ANAF la un control de fond,altele,publicat,,nu,documente-cere-anaf-control-fond,
GH-05987,Cât durează un control fiscal de fond,control_fiscal,publicat,,nu,dureaza-control-fiscal-fond,
GH-05988,Termenul maxim de finalizare a inspecției fiscale,control_fiscal,publicat,,nu,termenul-maxim-finalizare-inspectiei-fiscale,
GH-05989,Suspendarea inspecției fiscale: motive posibile,control_fiscal,candidat,,nu,,
GH-05990,Prelungirea inspecției fiscale: când se poate,control_fiscal,candidat,,nu,,
GH-05991,Drepturile contribuabilului la un control fiscal,control_fiscal,candidat,,nu,,
GH-05992,Ce nu poate cere ANAF la un control,altele,asemanator,,nu,,documente-cere-anaf-control-inopinat
GH-05993,Cum să mă pregătesc pentru un control de fond,altele,publicat,,nu,ma-pregatesc-control-fond,
GH-05994,Cum să mă comport la un control ANAF,altele,publicat,,nu,ma-comport-control-anaf,
GH-05995,Am primit control fiscal: ce trebuie să dau la contabil,control_fiscal,candidat,,nu,,
GH-05996,Checklist de documente pentru controlul fiscal,control_fiscal,publicat,,nu,checklist-documente-controlul-fiscal,
GH-05997,Cum se contestă un proces-verbal de control,altele,candidat,,nu,,
GH-05998,Raportul de inspecție fiscală: cum îl citesc,control_fiscal,publicat,,nu,raportul-inspectie-fiscala-citesc,
GH-05999,Decizia de impunere emisă după control: cum reacționez,altele,candidat,,nu,,
GH-06000,Diferențe stabilite la control: cum le plătesc,greseli,candidat,,nu,,
GH-06001,Cum negociez un grafic de plată după control,altele,candidat,,nu,,
GH-06002,Evidența diferențelor rămase după control,greseli,publicat,,nu,evidenta-diferentelor-ramase-control,
GH-06003,Cum se aplică amenzile stabilite la control,altele,publicat,,nu,aplica-amenzile-stabilite-control,
GH-06004,Cum se suspendă executarea unui act de control,altele,candidat,,nu,,
GH-06005,Contestația la raportul de inspecție,control_fiscal,candidat,,nu,,
GH-06006,Opoziția la decizia de impunere: se poate,altele,candidat,,nu,,
GH-06007,Cum cer să mi se comunice dovezile din dosar,altele,publicat,,nu,cer-comunice-dovezile-dosar,
GH-06008,Camera fiscală cu contribuabilul: cum se desfășoară,altele,publicat,,nu,camera-fiscala-contribuabilul-desfasoara,
GH-06009,Cum se solicită informațiile fiscale primite de la terți,altele,publicat,,nu,solicita-informatiile-fiscale-primite-terti,
GH-06010,Controlul pe TVA: ce urmărește inspecția,tva,candidat,,nu,,
GH-06011,Controlul pe impozitul pe profit: puncte sensibile,profit,candidat,,nu,,
GH-06012,Controlul pe micro: ce verifică ANAF,micro,publicat,,nu,controlul-micro-verifica-anaf,
GH-06013,Controlul pe salarizare: documentele cerute,salarizare,candidat,,nu,,
GH-06014,Controlul pe stocuri și gestiune: ce se verifică,stocuri,asemanator,,nu,,controlul-anaf-stocuri-gestiune-urmareste
GH-06015,Controlul pe e-Factura și e-TVA în 2026,tva,candidat,,nu,,
GH-06016,Controlul pe operațiuni intracomunitare: focus ANAF,ic_ue,publicat,,nu,controlul-operatiuni-intracomunitare-focus-anaf,
GH-06017,Controlul pe tranzacții cu părți afiliate,altele,candidat,,nu,,
GH-06018,Controlul pe cheltuieli nedeductibile: cazuri frecvente,altele,publicat,,nu,controlul-cheltuieli-nedeductibile-cazuri-frecvente,
GH-06019,Controlul la firmele mici: cum funcționează,altele,candidat,,nu,,
GH-06020,Controlul la PFA și întreprinderi individuale,pfa,candidat,,nu,,
GH-06021,Controlul la firmele nou înființate,infiintare,candidat,,nu,,
GH-06022,Controlul la firmele cu risc fiscal ridicat,altele,publicat,,nu,controlul-firmele-risc-fiscal-ridicat,
GH-06023,Cum se calculează riscul fiscal al unei firme,altele,publicat,,nu,calculeaza-riscul-fiscal-firme,
GH-06024,Analiza de risc ANAF: cum sunt selectate firmele,altele,publicat,,nu,analiza-risc-anaf-selectate-firmele,
GH-06025,De ce am primit control: cauze frecvente,altele,candidat,,nu,,
GH-06026,Cum reduc șansele unui control de fond,altele,publicat,,nu,reduc-sansele-control-fond,
GH-06027,Cum răspund la o notificare de conformare,control_fiscal,publicat,,nu,raspund-notificare-conformare,
GH-06028,Notificarea de conformare: ce trebuie să fac,control_fiscal,publicat,,nu,notificarea-conformare,
GH-06029,Cum răspund la o notificare ANAF în 24 de ore,control_fiscal,candidat,,nu,,
GH-06030,Ce risc dacă ignor o notificare ANAF,control_fiscal,candidat,,nu,,
GH-06031,Cum remediez o diferență semnalată de ANAF,greseli,candidat,,nu,,
GH-06032,Cum se rezolvă o diferență de TVA semnalată de sistem,tva,publicat,,nu,rezolva-diferenta-tva-semnalata-sistem,
GH-06033,Diferența dintre control și verificare documentară,greseli,publicat,,nu,diferenta-dintre-control-verificare-documentara,
GH-06034,Verificarea documentară: ce presupune,altele,candidat,,nu,,
GH-06035,Verificarea situației fiscale personale,altele,candidat,,nu,,
GH-06036,Cum se face verificarea situației fiscale personale,altele,candidat,,nu,,
GH-06037,Controlul de la distanță în 2026: ce presupune,altele,candidat,,nu,,
GH-06038,Cum se desfășoară antifrauda ANAF,altele,publicat,,nu,desfasoara-antifrauda-anaf,
GH-06039,Inspecția la persoanele fizice: când se aplică,altele,candidat,,nu,,
GH-06040,Am primit acasă de la ANAF: ce înseamnă,altele,candidat,,nu,,
GH-06041,Cum verific autenticitatea unei notificări ANAF,altele,publicat,,nu,verific-autenticitatea-notificari-anaf,
GH-06042,Fraude cu notificări false ANAF: cum mă feresc,altele,publicat,,nu,fraude-notificari-false-anaf-ma-feresc (+1 dubluri),
GH-06043,Cum raportez un control abuziv,altele,publicat,,nu,raportez-control-abuziv,
GH-06044,Plângerea la ANAF pentru comportament abuziv,altele,candidat,,nu,,
GH-06045,Cum mă plâng împotriva unui inspector fiscal,control_fiscal,candidat,,nu,,
GH-06046,Avocat fiscal vs contabil la control: ce aleg,altele,candidat,,nu,,
GH-06047,Consultant fiscal pentru un control: când apelez,altele,publicat,,nu,consultant-fiscal-control-apelez,
GH-06048,Cum pregătesc un dosar complet pentru un control,altele,candidat,,nu,,
GH-06049,Digitalizarea documentelor pentru controlul ANAF,altele,publicat,,nu,digitalizarea-documentelor-controlul-anaf,
GH-06050,Cum arhivez documentele astfel încât să fie acceptate,altele,publicat,,nu,arhivez-documentele-astfel-incat-acceptate,
GH-06051,Ce documente trebuie să am obligatoriu la control,altele,candidat,,nu,,
GH-06052,Cum reconstituiesc o evidentă lipsă înainte de control,altele,asemanator,,nu,,reconstitui-evidenta-lipsa-inainte-control
GH-06053,Ce fac dacă nu am unele documente cerute la control,altele,candidat,,nu,,
GH-06054,Cum justific o cheltuială fără document perfect,altele,candidat,,nu,,
GH-06055,Ce se întâmplă la control pentru lipsa documentelor,altele,candidat,,nu,,
GH-06056,Sancțiuni pentru evidenta contabilă incompletă,control_fiscal,publicat,,nu,sanctiuni-evidenta-contabila-incompleta,
GH-06057,Cum se sancționează neținerea contabilității,altele,publicat,,nu,sanctioneaza-netinerea-contabilitatii,
GH-06058,Amenzi pentru nedepunerea situațiilor financiare,altele,candidat,,nu,,
GH-06059,Sancțiuni pentru întârzierea situațiilor financiare 2026,control_fiscal,candidat,,nu,,
GH-06060,Cum se depun situațiile financiare anuale 2026,altele,candidat,,nu,,
GH-06061,Termenul de depunere a bilanțului anul 2026,control_fiscal,candidat,,nu,,
GH-06062,Ce se întâmplă dacă nu depun situațiile financiare,altele,candidat,,nu,,
GH-06063,Cum se corectează situațiile financiare depuse greșit,greseli,candidat,,nu,,
GH-06064,Reformularea situațiilor financiare: când se poate,altele,candidat,,nu,,
GH-06065,Aprobarea situațiilor financiare de AGA: termene,control_fiscal,candidat,,nu,,
GH-06066,Cum se întocmește raportul administratorului,infiintare,publicat,,nu,intocmeste-raportul-administratorului,
GH-06067,Raportarea anuală către ANAF: ce se depune,altele,publicat,,nu,raportarea-anuala-anaf-depune,
GH-06068,Declarații informative anuale: care sunt obligatorii,altele,asemanator,,nu,,declaratii-informative-anuale-obligatorii
GH-06069,Cum se declara tranzacțiile cu părți afiliate,altele,publicat,,nu,declara-tranzactiile-parti-afiliate,
GH-06070,Obligația de raportare a tranzacțiilor semnificative,altele,publicat,,nu,obligatia-raportare-tranzactiilor-semnificative,
GH-06071,Documentația prețurilor de transfer: termene de păstrare,control_fiscal,candidat,,nu,,
GH-06072,Cum se declară operațiunile cu nerezidenți,altele,publicat,,nu,declara-operatiunile-nerezidenti,
GH-06073,Raportarea beneficiarilor reali în 2026,altele,candidat,,nu,,
GH-06074,Registrul beneficiarilor reali: cum se actualizează,altele,publicat,,nu,registrul-beneficiarilor-reali-actualizeaza,
GH-06075,Nedepunerea declarației de beneficiar real: sancțiuni,control_fiscal,publicat,,nu,nedepunerea-declaratiei-beneficiar-real-sanctiuni,
GH-06076,Cum se declară conturile bancare la ANAF,casierie,candidat,,nu,,
GH-06077,Raportarea conturilor de client: obligații,altele,publicat,,nu,raportarea-conturilor-client-obligatii,
GH-06078,Ce se declara pentru conturile în străinătate,altele,candidat,,nu,,
GH-06079,Cum se raportează deținerile în firme străine,altele,candidat,,nu,,
GH-06080,Persoanele fizice cu activitate economică: obligații,altele,publicat,,nu,persoanele-fizice-activitate-economica-obligatii,
GH-06081,Dualitățile fiscale PFA-SRL: ce verifică ANAF,pfa,publicat,,nu,dualitatile-fiscale-pfa-srl-verifica,
GH-06082,Cum se tratează veniturile nedeclarate,altele,candidat,,nu,,
GH-06083,Ce risc dacă nu declar toate veniturile,altele,candidat,,nu,,
GH-06084,Cum se sancționează evaziunea fiscală 2026,altele,candidat,,nu,,
GH-06085,Descoperirea veniturilor nedeclarate: consecințe,altele,publicat,,nu,descoperirea-veniturilor-nedeclarate-consecinte,
GH-06086,Metodologie de estimare a bazei impozabile de ANAF,altele,publicat,,nu,metodologie-estimare-bazei-impozabile-anaf,
GH-06087,Cum se calculează venitul estimat de ANAF,altele,publicat,,nu,calculeaza-venitul-estimat-anaf,
GH-06088,Contestarea unui venit estimat de ANAF,altele,publicat,,nu,contestarea-venit-estimat-anaf,
GH-06089,Cum se dovedește realitatea cheltuielilor contestate,control_fiscal,publicat,,nu,dovedeste-realitatea-cheltuielilor-contestate,
GH-06090,Cum se aplică toleranța la controale,altele,candidat,,nu,,
GH-06091,Rolul contabilului autorizat în fața ANAF,altele,candidat,,nu,,
GH-06092,Cum se comunică cu ANAF electronic în 2026,altele,candidat,,nu,,
GH-06093,SPV-ul și comunicarea cu ANAF: cum funcționează,spv,candidat,,nu,,
GH-06094,Cum primesc actele de la ANAF prin SPV,spv,publicat,,nu,primesc-actele-anaf-spv,
GH-06095,Obligația de a verifica SPV-ul periodic,spv,publicat,,nu,obligatia-verifica-spv-ul-periodic,
GH-06096,Am pierdut accesul la cont la SPV: cum recuperez,spv,publicat,,nu,pierdut-accesul-cont-spv-recuperez,
GH-06097,Cum se transmite împuternicirea pentru SPV,spv,candidat,,nu,,
GH-06098,Noutăți 2026 la controlul fiscal și sancțiuni,control_fiscal,publicat,,da,noutati-2026-controlul-fiscal-sanctiuni-2,
GH-06099,Ce se schimbă în 2026 în relația cu ANAF,altele,publicat,,nu,schimba-2026-relatia-anaf,
GH-06100,"Digitalizarea ANAF 2026: e-TVA, e-Factura, e-Transport",tva,asemanator,,nu,,noutati-2026-digitalizarea-anaf-factura
GH-06101,Cum se aplică analiza big data în controlul fiscal,control_fiscal,candidat,,nu,,
GH-06102,Riscurile noului sistem de conformare pentru firme,altele,candidat,,nu,,
GH-06103,Cum mă adaptez la digitalizarea fiscală 2026,altele,candidat,,nu,,
GH-06104,Ghid practic: cum evit penalitățile fiscale în 2026,altele,candidat,,nu,,
GH-06105,Cele mai scumpe greșeli fiscale ale firmelor mici,altele,publicat,,nu,scumpe-greseli-fiscale-firmelor-mici,
GH-06106,Cum îmi organizez munca pentru a respecta termenele,control_fiscal,publicat,,nu,imi-organizez-munca-respecta-termenele,
GH-06107,Instrumente pentru gestionarea termenelor fiscale,control_fiscal,candidat,,nu,,
GH-06108,Cum configurez alerte pentru termenele fiscale,control_fiscal,publicat,,nu,configurez-alerte-termenele-fiscale,
GH-06109,Checklist lunar de conformare fiscală,altele,candidat,,nu,,
GH-06110,Checklist anual de conformare fiscală 2026,altele,candidat,,nu,,
GH-06111,Cum corectez o factură înregistrată greșit în contabilitate?,greseli,publicat,,nu,corectez-factura-inregistrata-gresit-contabilitate,
GH-06112,Ce fac dacă am înregistrat aceeași factură de două ori?,altele,publicat,,nu,inregistrat-aceeasi-factura-doua-ori,
GH-06113,Cum corectez o factură omisă din contabilitate?,greseli,publicat,,nu,corectez-factura-omisa-contabilitate,
GH-06114,Ce fac dacă găsesc o factură din anul trecut neînregistrată?,altele,publicat,,nu,gasesc-factura-anul-trecut-neinregistrata,
GH-06115,Cum înregistrez în 2026 o factură uitată din 2025?,altele,publicat,,nu,inregistrez-2026-factura-uitata-2025,
GH-06116,Cum corectez o factură înregistrată pe furnizorul greșit?,greseli,publicat,,nu,corectez-factura-inregistrata-furnizorul-gresit,
GH-06117,Cum corectez o factură înregistrată pe clientul greșit?,greseli,publicat,,nu,corectez-factura-inregistrata-clientul-gresit,
GH-06118,Cum corectez o factură înregistrată cu data greșită?,greseli,publicat,,nu,corectez-factura-inregistrata-data-gresita,
GH-06119,Cum corectez o factură înregistrată cu valoarea greșită?,greseli,publicat,,nu,corectez-factura-inregistrata-valoarea-gresita,
GH-06120,Cum corectez o factură cu TVA înregistrată greșit?,tva,publicat,,nu,cum-corectez-o-factura-cu-tva-inregistrata-gresit,
GH-06121,Ce fac dacă am folosit cota de TVA greșită pe o factură?,tva,publicat,,nu,folosit-cota-tva-gresita-factura,
GH-06122,Cum corectez o factură emisă cu CUI greșit?,greseli,asemanator,,nu,,cum-corectez-o-factura-cu-tva-inregistrata-gresit
GH-06123,Cum corectez o factură emisă cu denumirea clientului greșită?,greseli,publicat,,nu,corectez-factura-emisa-denumirea-clientului,
GH-06124,Cum corectez o factură emisă de două ori?,greseli,publicat,,nu,corectez-factura-emisa-doua-ori,
GH-06125,Ce fac dacă am omis să emit o factură în luna corectă?,altele,publicat,,nu,omis-emit-factura-luna-corecta,
GH-06126,Cum corectez o factură după închiderea lunii?,greseli,publicat,,nu,corectez-factura-inchiderea-lunii,
GH-06127,Cum corectez o factură după depunerea D101?,profit,publicat,,nu,corectez-factura-depunerea-d101,
GH-06128,Cum corectez o factură după depunerea D112?,salarizare,publicat,,nu,corectez-factura-depunerea-d112,
GH-06129,Cum corectez o factură după transmiterea în RO e-Factura?,spv,asemanator,,nu,,corectez-factura-deja-transmisa-ro
GH-06130,Ce fac dacă factura din contabilitate diferă de cea din e-Factura?,spv,candidat,,nu,,
GH-06131,Ce fac dacă PDF-ul facturii diferă de XML-ul din e-Factura?,spv,publicat,,nu,pdf-ul-facturii-difera-xml,
GH-06132,Cum corectez o factură storno înregistrată greșit?,greseli,asemanator,,nu,,corectez-factura-inregistrata-furnizorul-gresit
GH-06133,Ce fac dacă am stornat factura greșită?,greseli,publicat,,nu,stornat-factura-gresita,
GH-06134,Cum corectez un avans înregistrat greșit?,greseli,asemanator,,nu,,corectez-avans-salarial-inregistrat-gresit
GH-06135,Ce fac dacă nu am stornat avansul la factura finală?,altele,publicat,,nu,stornat-avansul-factura-finala,
GH-06136,Cum corectez o factură de avans înregistrată ca factură finală?,greseli,publicat,,nu,cum-corectez-o-factura-de-avans-inregistrata-ca-factura-finala,
GH-06137,Ce fac dacă am uitat să deduc TVA dintr-o factură?,tva,candidat,,nu,,
GH-06138,Cum corectez TVA deductibilă înregistrată în perioada greșită?,tva,publicat,,nu,corectez-tva-deductibila-inregistrata-perioada,
GH-06139,Cum corectez TVA colectată înregistrată în perioada greșită?,tva,publicat,,nu,corectez-tva-colectata-inregistrata-perioada,
GH-06140,Ce fac dacă am declarat TVA greșit în D300?,tva,publicat,,nu,declarat-tva-gresit-d300,
GH-06141,Cum se corectează o eroare materială din D300?,tva,publicat,,nu,corecteaza-eroare-materiala-d300,
GH-06142,Ce fac dacă am trecut o sumă pe rândul greșit în D300?,tva,publicat,,nu,trecut-suma-randul-gresit-d300,
GH-06143,Cum corectez soldul TVA preluat greșit în D300?,tva,publicat,,nu,cum-corectez-soldul-tva-preluat-gresit-in-d300,
GH-06144,Ce fac dacă D300 nu corespunde cu balanța?,tva,publicat,,nu,d300-corespunde-balanta,
GH-06145,De ce diferă TVA din D300 de jurnalul de cumpărări?,tva,publicat,,nu,difera-tva-d300-jurnalul-cumparari,
GH-06146,De ce diferă TVA din D300 de jurnalul de vânzări?,tva,publicat,,nu,difera-tva-d300-jurnalul-vanzari,
GH-06147,Cum verific D300 înainte de depunere?,tva,publicat,,nu,verific-d300-inainte-depunere,
GH-06148,Ce fac dacă am depus D300 cu o sumă greșită?,tva,publicat,,nu,ce-fac-daca-am-depus-d300-cu-o-suma-gresita,
GH-06149,Cum corectez o factură omisă din D394?,tva,publicat,,nu,corectez-factura-omisa-d394,
GH-06150,Cum corectez un partener declarat greșit în D394?,tva,publicat,,nu,corectez-partener-declarat-gresit-d394,
GH-06151,Ce fac dacă D394 nu corespunde cu D300?,tva,publicat,,nu,d394-corespunde-d300,
GH-06152,De ce diferă D394 de jurnalul de vânzări?,tva,publicat,,nu,difera-d394-jurnalul-vanzari,
GH-06153,De ce diferă D394 de jurnalul de cumpărări?,tva,publicat,,nu,difera-d394-jurnalul-cumparari,
GH-06154,Cum corectez D394 după termen?,tva,publicat,,nu,corectez-d394-termen,
GH-06155,Ce fac dacă am omis o achiziție intracomunitară din D390?,ic_ue,publicat,,nu,omis-achizitie-intracomunitara-d390,
GH-06156,Cum corectez o livrare intracomunitară declarată greșit în D390?,ic_ue,publicat,,nu,corectez-livrare-intracomunitara-declarata-gresit,
GH-06157,Ce fac dacă am folosit codul TVA greșit în D390?,ic_ue,publicat,,nu,folosit-codul-tva-gresit-d390,
GH-06158,Cum corectez o D390 depusă greșit?,ic_ue,publicat,,nu,corectez-d390-depusa-gresit,
GH-06159,De ce nu corespunde D390 cu D300?,ic_ue,publicat,,nu,corespunde-d390-d300,
GH-06160,Cum verific D390 cu contabilitatea?,ic_ue,publicat,,nu,verific-d390-contabilitatea,
GH-06161,Ce fac dacă am uitat să depun D301?,ic_ue,publicat,,nu,uitat-depun-d301,
GH-06162,Cum corectez D301 după ce am calculat TVA greșit?,ic_ue,publicat,,nu,cum-corectez-d301-dupa-ce-am-calculat-tva-gresit,
GH-06163,Ce fac dacă am aplicat taxarea inversă greșit?,greseli,publicat,,nu,aplicat-taxarea-inversa-gresit,
GH-06164,Cum corectez o achiziție intracomunitară înregistrată fără taxare inversă?,ic_ue,publicat,,nu,corectez-achizitie-intracomunitara-inregistrata-taxare,
GH-06165,Ce fac dacă am aplicat taxare inversă unei operațiuni care nu o permite?,ic_ue,publicat,,nu,ce-fac-daca-am-aplicat-taxare-inversa-unei-operatiuni-care-nu-o-permite,
GH-06166,Cum corectez TVA pentru servicii cumpărate din UE?,tva,publicat,,nu,corectez-tva-servicii-cumparate-ue,
GH-06167,Ce fac dacă am folosit greșit codul special de TVA?,tva,publicat,,nu,folosit-gresit-codul-special-tva,
GH-06168,Cum corectez o operațiune intracomunitară înregistrată în luna greșită?,ic_ue,publicat,,nu,corectez-operatiune-intracomunitara-inregistrata-luna,
GH-06169,Ce fac dacă factura din UE a fost înregistrată la cursul valutar greșit?,casierie,publicat,,nu,factura-ue-fost-inregistrata-cursul,
GH-06170,Cum corectez cursul valutar folosit la o factură în euro?,casierie,publicat,,nu,corectez-cursul-valutar-folosit-factura,
GH-06171,Ce fac dacă diferențele de curs au fost calculate greșit?,greseli,publicat,,nu,diferentele-curs-fost-calculate-gresit,
GH-06172,Cum corectez reevaluarea soldurilor în valută?,casierie,publicat,,nu,corectez-reevaluarea-soldurilor-valuta,
GH-06173,Ce fac dacă am uitat reevaluarea creanțelor și datoriilor în valută la sfârșitul lunii?,casierie,publicat,,nu,uitat-reevaluarea-creantelor-datoriilor-valuta,
GH-06174,Cum corectez diferențele de curs din anul precedent?,greseli,publicat,,nu,corectez-diferentele-curs-anul-precedent,
GH-06175,Ce fac dacă balanța nu este echilibrată?,altele,publicat,,nu,balanta-echilibrata,
GH-06176,De ce nu corespunde balanța cu fișele de cont?,altele,publicat,,nu,corespunde-balanta-fisele-cont,
GH-06177,Cum găsesc o înregistrare contabilă greșită în balanță?,greseli,candidat,,nu,,
GH-06178,Cum găsesc diferența de un leu din balanță?,greseli,publicat,,nu,gasesc-diferenta-leu-balanta,
GH-06179,Cum găsesc diferențele de câțiva bani din contabilitate?,greseli,publicat,,nu,gasesc-diferentele-cativa-bani-contabilitate,
GH-06180,Cum corectez o notă contabilă introdusă greșit?,greseli,publicat,,nu,corectez-nota-contabila-introdusa-gresit,
GH-06181,Ce fac dacă am folosit contul contabil greșit?,greseli,publicat,,nu,folosit-contul-contabil-gresit,
GH-06182,Cum mut o sumă înregistrată pe contul greșit?,greseli,publicat,,nu,mut-suma-inregistrata-contul-gresit,
GH-06183,Cum corectez o cheltuială înregistrată ca venit?,greseli,publicat,,nu,corectez-cheltuiala-inregistrata-venit,
GH-06184,Cum corectez un venit înregistrat ca cheltuială?,greseli,publicat,,nu,corectez-venit-inregistrat-cheltuiala,
GH-06185,Ce fac dacă am înregistrat o achiziție direct pe cheltuială în loc de stoc?,stocuri,publicat,,nu,inregistrat-achizitie-direct-cheltuiala-loc,
GH-06186,Cum corectez marfa înregistrată greșit ca obiect de inventar?,greseli,publicat,,nu,corectez-marfa-inregistrata-gresit-obiect,
GH-06187,Cum corectez un obiect de inventar înregistrat greșit ca mijloc fix?,mijloace_fixe,publicat,,nu,corectez-obiect-inventar-inregistrat-gresit,
GH-06188,Ce fac dacă am trecut direct pe cheltuieli un bun care trebuia amortizat?,mijloace_fixe,asemanator,,nu,,trecut-direct-cheltuieli-bun-trebuia
GH-06189,Cum corectez un mijloc fix înregistrat greșit pe cheltuieli?,mijloace_fixe,publicat,,nu,corectez-mijloc-fix-inregistrat-gresit-cheltuieli,
GH-06190,Cum corectez valoarea de intrare a unui mijloc fix?,mijloace_fixe,publicat,,nu,corectez-valoarea-intrare-mijloc-fix,
GH-06191,Ce fac dacă am început amortizarea prea devreme?,mijloace_fixe,publicat,,nu,inceput-amortizarea-prea-devreme,
GH-06192,Ce fac dacă am început amortizarea prea târziu?,mijloace_fixe,publicat,,nu,inceput-amortizarea-prea-tarziu,
GH-06193,Cum corectez amortizarea calculată greșit?,mijloace_fixe,publicat,,nu,corectez-amortizare-calculata-gresit,
GH-06194,Ce fac dacă am uitat amortizarea mai multe luni?,mijloace_fixe,publicat,,nu,uitat-amortizarea-multe-luni,
GH-06195,Cum corectez amortizarea din anul precedent?,mijloace_fixe,publicat,,nu,corectez-amortizarea-anul-precedent,
GH-06196,Ce fac dacă un mijloc fix a fost amortizat peste valoarea lui?,mijloace_fixe,publicat,,nu,mijloc-fix-fost-amortizat-valoarea,
GH-06197,Cum corectez durata de amortizare stabilită greșit?,mijloace_fixe,publicat,,nu,corectez-durata-amortizare-stabilita-gresit,
GH-06198,Cum corectez codul de clasificare al unui mijloc fix?,mijloace_fixe,publicat,,nu,corectez-codul-clasificare-mijloc-fix,
GH-06199,Ce fac dacă amortizarea contabilă a fost confundată cu amortizarea fiscală?,mijloace_fixe,candidat,,nu,,
GH-06200,Cum corectez amortizarea nedeductibilă omisă din calculul impozitului pe profit?,profit,publicat,,nu,corectez-amortizarea-nedeductibila-omisa-calculul,
GH-06201,Ce fac dacă am dedus integral amortizarea unui autoturism deși exista limitare fiscală?,mijloace_fixe,candidat,,nu,,
GH-06202,Cum corectez TVA dedusă integral la un autoturism folosit mixt?,tva,candidat,,nu,,
GH-06203,Ce fac dacă am dedus 100% cheltuielile auto fără documente justificative?,altele,candidat,,nu,,
GH-06204,Cum corectez combustibilul înregistrat fără documente suficiente?,greseli,publicat,,nu,corectez-combustibilul-inregistrat-documente-suficiente,
GH-06205,Ce fac dacă foile de parcurs lipsesc?,altele,candidat,,nu,,
GH-06206,Cum corectez cheltuielile personale ale administratorului înregistrate pe firmă?,infiintare,candidat,,nu,,
GH-06207,Ce fac dacă am dedus o cheltuială personală ca fiind cheltuială a firmei?,altele,candidat,,nu,,
GH-06208,Cum corectez cheltuielile nedeductibile înregistrate ca deductibile?,greseli,candidat,,nu,,
GH-06209,Ce fac dacă am omis cheltuielile nedeductibile la calculul impozitului pe profit?,profit,publicat,,nu,omis-cheltuielile-nedeductibile-calculul-impozitului,
GH-06210,Cum corectez calculul impozitului pe profit?,profit,publicat,,nu,corectez-calculul-impozitului-profit,
GH-06211,Ce fac dacă am calculat impozitul pe profit prea mic?,profit,publicat,,nu,calculat-impozitul-profit-prea-mic,
GH-06212,Ce fac dacă am calculat impozitul pe profit prea mare?,profit,publicat,,nu,calculat-impozitul-profit-prea-mare,
GH-06213,Cum corectez impozitul pe profit după depunerea D101?,profit,publicat,,nu,corectez-impozitul-profit-depunerea-d101,
GH-06214,Cum corectez o D101 depusă greșit?,profit,publicat,,nu,corectez-d101-depusa-gresit,
GH-06215,Ce fac dacă D101 nu corespunde cu balanța?,profit,publicat,,nu,d101-corespunde-balanta,
GH-06216,De ce rezultatul fiscal diferă de profitul contabil?,profit,publicat,,nu,rezultatul-fiscal-difera-profitul-contabil,
GH-06217,Cum găsesc diferența dintre profitul contabil și profitul fiscal?,profit,candidat,,nu,,
GH-06218,Ce fac dacă am uitat să includ o cheltuială nedeductibilă în D101?,profit,publicat,,nu,uitat-includ-cheltuiala-nedeductibila-d101,
GH-06219,Cum corectez pierderea fiscală reportată greșit?,profit,publicat,,nu,corectez-pierderea-fiscala-reportata-gresit,
GH-06220,Ce fac dacă am recuperat prea multă pierdere fiscală?,profit,publicat,,nu,recuperat-prea-multa-pierdere-fiscala,
GH-06221,Cum corectez registrul de evidență fiscală?,greseli,publicat,,nu,corectez-registrul-evidenta-fiscala,
GH-06222,Ce fac dacă registrul de evidență fiscală nu corespunde cu D101?,profit,candidat,,nu,,
GH-06223,Cum corectez sponsorizarea scăzută greșit din impozitul pe profit?,profit,publicat,,nu,cum-corectez-sponsorizarea-scazuta-gresit-din-impozitul-pe-profit,
GH-06224,Ce fac dacă am aplicat greșit o facilitate fiscală?,greseli,publicat,,nu,aplicat-gresit-facilitate-fiscala,
GH-06225,Cum corectez impozitul micro calculat greșit?,micro,publicat,,nu,corectez-impozitul-micro-calculat-gresit,
GH-06226,Ce fac dacă am inclus venituri greșite în baza impozabilă micro?,micro,publicat,,nu,inclus-venituri-gresite-baza-impozabila,
GH-06227,Ce fac dacă am exclus greșit venituri din baza impozabilă micro?,micro,publicat,,nu,exclus-gresit-venituri-baza-impozabila,
GH-06228,Cum corectez impozitul micro după depășirea plafonului?,micro,publicat,,nu,corectez-impozitul-micro-depasirea-plafonului,
GH-06229,"Ce fac dacă firma trebuia să treacă la impozit pe profit, dar a rămas micro?",profit,publicat,,nu,firma-trebuia-treaca-impozit-profit,
GH-06230,Cum corectez retroactiv regimul fiscal aplicat greșit?,greseli,publicat,,nu,corectez-retroactiv-regimul-fiscal-aplicat,
GH-06231,Ce fac dacă am trecut firma la profit prea devreme?,altele,publicat,,nu,trecut-firma-profit-prea-devreme,
GH-06232,Cum corectez vectorul fiscal dacă regimul de impozitare este greșit?,greseli,publicat,,nu,corectez-vectorul-fiscal-regimul-impozitare,
GH-06233,Ce fac dacă am depus D100 cu impozitul greșit?,greseli,candidat,,nu,,
GH-06234,Cum corectez o obligație declarată greșit în D100?,greseli,publicat,,nu,corectez-obligatie-declarata-gresit-d100,
GH-06235,Ce fac dacă am plătit impozitul în contul bugetar greșit?,greseli,asemanator,,nu,,platit-impozitul-cont-bugetar-gresit
GH-06236,Cum corectez o plată fiscală făcută cu CUI greșit?,greseli,candidat,,nu,,
GH-06237,Ce fac dacă am plătit aceeași obligație fiscală de două ori?,altele,asemanator,,nu,,inregistrat-aceeasi-factura-doua-ori
GH-06238,Cum recuperez o taxă plătită în plus la ANAF?,altele,candidat,,nu,,
GH-06239,Cum compensez o plată făcută în plus cu alte obligații fiscale?,altele,publicat,,nu,compensez-plata-facuta-plus-alte,
GH-06240,Ce fac dacă fișa pe plătitor nu corespunde cu contabilitatea?,altele,asemanator,,nu,,inventarul-corespunde-contabilitatea
GH-06241,Cum reconciliez fișa ANAF cu conturile de taxe din balanță?,altele,publicat,,nu,reconciliez-fisa-anaf-conturile-taxe,
GH-06242,De ce apare o obligație restantă în SPV dacă am plătit-o?,spv,candidat,,nu,,
GH-06243,Cum corectez o plată repartizată greșit de ANAF?,greseli,candidat,,nu,,
GH-06244,Ce fac dacă am uitat să înregistrez o plată către ANAF în contabilitate?,altele,candidat,,nu,,
GH-06245,Cum corectez contul 441 dacă nu corespunde cu declarațiile fiscale?,greseli,asemanator,,nu,,corectez-contul-444-corespunde-declaratiile
GH-06246,Cum corectez contul 4423 dacă nu corespunde cu D300?,tva,publicat,,nu,corectez-contul-4423-corespunde-d300,
GH-06247,Cum corectez contul 4424 dacă nu corespunde cu decontul de TVA?,tva,publicat,,nu,corectez-contul-4424-corespunde-decontul,
GH-06248,Cum corectez contul 444 dacă nu corespunde cu declarațiile depuse?,greseli,publicat,,nu,corectez-contul-444-corespunde-declaratiile,
GH-06249,Cum corectez conturile de contribuții salariale dacă nu corespund cu D112?,salarizare,publicat,,nu,corectez-conturile-contributii-salariale-corespund,
GH-06250,Ce fac dacă statul de salarii nu corespunde cu D112?,salarizare,publicat,,nu,statul-salarii-corespunde-d112,
GH-06251,Cum corectez salariul brut calculat greșit?,salarizare,publicat,,nu,cum-corectez-salariul-brut-calculat-gresit,
GH-06252,Ce fac dacă am calculat CAS greșit?,greseli,publicat,,nu,calculat-cas-gresit,
GH-06253,Ce fac dacă am calculat CASS greșit?,greseli,publicat,,nu,calculat-cass-gresit,
GH-06254,Cum corectez impozitul pe salariu calculat greșit?,salarizare,publicat,,nu,corectez-impozitul-salariu-calculat-gresit,
GH-06255,Ce fac dacă am aplicat greșit deducerea personală?,greseli,publicat,,nu,aplicat-gresit-deducerea-personala,
GH-06256,Cum corectez un beneficiu salarial taxat greșit?,salarizare,publicat,,nu,corectez-beneficiu-salarial-taxat-gresit,
GH-06257,Ce fac dacă am acordat prea multe tichete de masă?,altele,publicat,,nu,ce-fac-daca-am-acordat-prea-multe-tichete-de-masa,
GH-06258,Cum corectez tichetele de masă declarate greșit?,greseli,publicat,,nu,cum-corectez-tichetele-de-masa-declarate-gresit,
GH-06259,Ce fac dacă am calculat greșit concediul medical?,salarizare,asemanator,,nu,,calculat-cas-gresit
GH-06260,Cum corectez un concediu medical primit după depunerea D112?,salarizare,publicat,,nu,corectez-concediu-medical-primit-depunerea,
GH-06261,Ce fac dacă am declarat concediul medical pe cod greșit?,salarizare,publicat,,nu,declarat-concediul-medical-cod-gresit,
GH-06262,Cum corectez numărul de zile lucrate în D112?,salarizare,asemanator,,nu,,corectezi-numarul-zile-lucrate-d112
GH-06263,Ce fac dacă un salariat lipsește din D112?,salarizare,candidat,,nu,,
GH-06264,Ce fac dacă am declarat un salariat de două ori în D112?,salarizare,publicat,,nu,declarat-salariat-doua-ori-d112,
GH-06265,Cum corectez CNP-ul greșit în D112?,salarizare,publicat,,nu,corectez-cnp-ul-gresit-d112,
GH-06266,Ce fac dacă am folosit baza de calcul greșită pentru contribuții?,greseli,publicat,,nu,folosit-baza-calcul-gresita-contributii,
GH-06267,Cum corectez contribuțiile unui salariat part-time?,salarizare,publicat,,nu,corectez-contributiile-salariat-part-time,
GH-06268,Ce fac dacă nu am aplicat corect excepția de la contribuțiile pentru part-time?,altele,publicat,,nu,aplicat-corect-exceptia-contributiile-part,
GH-06269,Cum corectez taxele unui administrator cu contract de mandat?,infiintare,publicat,,nu,corectez-taxele-administrator-contract-mandat,
GH-06270,Ce fac dacă am tratat greșit indemnizația administratorului?,salarizare,publicat,,nu,tratat-gresit-indemnizatia-administratorului,
GH-06271,Cum corectez contabil salariile înregistrate în luna greșită?,salarizare,candidat,,nu,,
GH-06272,Ce fac dacă nu am înregistrat statul de salarii în contabilitate?,salarizare,publicat,,nu,inregistrat-statul-salarii-contabilitate,
GH-06273,Cum corectez diferența dintre contul 421 și statul de salarii?,salarizare,publicat,,nu,corectez-diferenta-dintre-contul-421,
GH-06274,Ce fac dacă salariile plătite nu corespund cu statul de plată?,salarizare,publicat,,nu,salariile-platite-corespund-statul-plata,
GH-06275,Cum corectez un avans salarial înregistrat greșit?,salarizare,publicat,,nu,corectez-avans-salarial-inregistrat-gresit,
GH-06276,Ce fac dacă am plătit unui salariat mai mult decât salariul net?,salarizare,publicat,,nu,platit-salariat-mult-salariul-net,
GH-06277,Cum înregistrez recuperarea unei sume plătite în plus unui angajat?,altele,publicat,,nu,inregistrez-recuperarea-sume-platite-plus,
GH-06278,Cum corectez o diurnă tratată greșit ca neimpozabilă?,salarizare,publicat,,nu,corectez-diurna-tratata-gresit-neimpozabila,
GH-06279,Ce fac dacă am depășit plafonul neimpozabil al diurnei?,salarizare,publicat,,nu,depasit-plafonul-neimpozabil-diurnei,
GH-06280,Cum corectez avantajele în natură omise din statul de salarii?,salarizare,publicat,,nu,corectez-avantajele-natura-omise-statul,
GH-06281,Ce fac dacă am uitat să declar un bonus în D112?,salarizare,candidat,,nu,,
GH-06282,Cum corectez o primă acordată pentru o lună anterioară?,greseli,candidat,,nu,,
GH-06283,Ce fac dacă am înregistrat greșit o concediere sau o încetare de contract?,greseli,publicat,,nu,inregistrat-gresit-concediere-incetare-contract,
GH-06284,Cum corectez contabil o indemnizație de concediu neefectuat?,salarizare,publicat,,nu,corectez-contabil-indemnizatie-concediu-neefectuat,
GH-06285,Ce fac dacă am uitat să înregistrez o factură de furnizor înainte de închiderea lunii?,altele,publicat,,nu,uitat-inregistrez-factura-furnizor-inainte,
GH-06286,Cum tratez o factură primită după închiderea lunii?,altele,publicat,,nu,tratez-factura-primita-inchiderea-lunii,
GH-06287,Cum tratez o factură primită după închiderea anului?,altele,publicat,,nu,tratez-factura-primita-inchiderea-anului,
GH-06288,Ce fac dacă am închis anul și găsesc documente lipsă?,altele,publicat,,nu,inchis-anul-gasesc-documente-lipsa,
GH-06289,Cum corectez o eroare contabilă dintr-un exercițiu financiar precedent?,greseli,publicat,,nu,corectez-eroare-contabila-dintr-exercitiu,
GH-06290,Când se folosește contul 1174 pentru corectarea erorilor contabile?,greseli,publicat,,nu,foloseste-contul-1174-corectarea-erorilor,
GH-06291,Cum corectez o eroare semnificativă din anii precedenți?,greseli,candidat,,nu,,
GH-06292,Cum corectez o eroare nesemnificativă din anii precedenți?,greseli,candidat,,nu,,
GH-06293,Ce fac dacă bilanțul depus conține o eroare?,altele,publicat,,nu,bilantul-depus-contine-eroare,
GH-06294,Se poate corecta un bilanț deja depus?,altele,publicat,,nu,corecta-bilant-deja-depus,
GH-06295,Ce fac dacă balanța de închidere nu corespunde cu bilanțul?,altele,publicat,,nu,balanta-inchidere-corespunde-bilantul,
GH-06296,Cum corectez soldurile inițiale preluate greșit în anul următor?,greseli,publicat,,nu,corectez-soldurile-initiale-preluate-gresit,
GH-06297,Ce fac dacă soldul unui client a fost preluat greșit?,greseli,publicat,,nu,soldul-client-fost-preluat-gresit,
GH-06298,Ce fac dacă soldul unui furnizor a fost preluat greșit?,greseli,publicat,,nu,soldul-furnizor-fost-preluat-gresit,
GH-06299,Cum corectez soldurile conturilor bancare la început de an?,casierie,candidat,,nu,,
GH-06300,Cum corectez soldul casei preluat greșit?,greseli,candidat,,nu,,
GH-06301,Ce fac dacă soldul din casierie este negativ?,casierie,publicat,,nu,soldul-casierie-negativ,
GH-06302,Poate contul 5311 să aibă sold creditor?,altele,publicat,,nu,contul-5311-aiba-sold-creditor,
GH-06303,Cum corectez casa negativă în contabilitate?,greseli,publicat,,nu,corectez-casa-negativa-contabilitate,
GH-06304,Ce fac dacă registrul de casă nu corespunde cu contul 5311?,casierie,candidat,,nu,,
GH-06305,Cum găsesc diferența dintre registrul de casă și balanță?,casierie,candidat,,nu,,
GH-06306,Ce fac dacă am uitat să înregistrez o chitanță?,altele,publicat,,nu,uitat-inregistrez-chitanta,
GH-06307,Cum corectez o chitanță înregistrată de două ori?,greseli,publicat,,nu,corectez-chitanta-inregistrata-doua-ori,
GH-06308,Ce fac dacă am înregistrat o încasare în numerar ca încasare prin bancă?,casierie,publicat,,nu,inregistrat-incasare-numerar-incasare-banca,
GH-06309,Cum corectez o plată bancară înregistrată în casierie?,casierie,publicat,,nu,corectez-plata-bancara-inregistrata-casierie,
GH-06310,Ce fac dacă extrasul bancar nu corespunde cu contul 5121?,casierie,publicat,,nu,extrasul-bancar-corespunde-contul-5121,
GH-06311,Cum reconciliez contul bancar cu extrasul de cont?,casierie,publicat,,nu,cum-reconciliez-contul-bancar-cu-extrasul-de-cont,
GH-06312,Ce fac dacă am omis comisioanele bancare din contabilitate?,altele,publicat,,nu,omis-comisioanele-bancare-contabilitate,
GH-06313,Cum corectez o încasare bancară alocată clientului greșit?,greseli,publicat,,nu,corectez-incasare-bancara-alocata-clientului,
GH-06314,Ce fac dacă am stins factura greșită la încasare?,greseli,publicat,,nu,ce-fac-daca-am-stins-factura-gresita-la-incasare,
GH-06315,Cum corectez o plată alocată furnizorului greșit?,greseli,publicat,,nu,corectez-plata-alocata-furnizorului-gresit,
GH-06316,Ce fac dacă am compensat greșit două facturi?,greseli,publicat,,nu,compensat-gresit-doua-facturi,
GH-06317,Cum corectez o compensare contabilă?,greseli,publicat,,nu,corectez-compensare-contabila,
GH-06318,Ce fac dacă soldul clientului este negativ?,altele,asemanator,,nu,,soldul-casierie-negativ
GH-06319,Ce fac dacă soldul furnizorului este debitor?,altele,asemanator,,nu,,soldul-furnizor-debitor
GH-06320,Cum verific soldurile vechi de clienți și furnizori?,altele,publicat,,nu,verific-soldurile-vechi-clienti-furnizori,
GH-06321,Cum corectez facturile neachitate care apar greșit ca stinse?,greseli,publicat,,nu,corectez-facturile-neachitate-apar-gresit,
GH-06322,Ce fac dacă o factură plătită apare încă în sold?,altele,publicat,,nu,factura-platita-apare-inca-sold,
GH-06323,Cum corectez avansurile de la clienți înregistrate greșit?,greseli,publicat,,nu,corectez-avansurile-clienti-inregistrate-gresit,
GH-06324,Cum corectez avansurile către furnizori înregistrate greșit?,greseli,publicat,,nu,cum-corectez-avansurile-catre-furnizori-inregistrate-gresit,
GH-06325,Ce fac dacă am folosit contul 401 în loc de 409?,altele,publicat,,nu,folosit-contul-401-loc-409,
GH-06326,Ce fac dacă am folosit contul 4111 în loc de 419?,altele,asemanator,,nu,,folosit-contul-401-loc-409
GH-06327,Cum corectez o compensare între client și furnizor?,greseli,candidat,,nu,,
GH-06328,Ce fac dacă inventarul nu corespunde cu contabilitatea?,altele,publicat,,nu,inventarul-corespunde-contabilitatea,
GH-06329,Cum corectez diferențele de stoc constatate la inventar?,stocuri,candidat,,nu,,
GH-06330,Ce fac dacă stocul contabil este negativ?,stocuri,candidat,,nu,,
GH-06331,Cum apare stoc negativ și cum îl corectez?,stocuri,publicat,,nu,apare-stoc-negativ-corectez,
GH-06332,Cum corectez o recepție de marfă făcută greșit?,greseli,candidat,,nu,,
GH-06333,Ce fac dacă am uitat să întocmesc NIR-ul?,stocuri,publicat,,nu,uitat-intocmesc-nir-ul,
GH-06334,Cum corectez un NIR cu preț greșit?,stocuri,publicat,,nu,corectez-nir-pret-gresit,
GH-06335,Ce fac dacă am introdus cantitatea greșită în NIR?,stocuri,publicat,,nu,introdus-cantitatea-gresita-nir,
GH-06336,Cum corectez marfa recepționată pe gestiunea greșită?,stocuri,publicat,,nu,corectez-marfa-receptionata-gestiunea-gresita,
GH-06337,Ce fac dacă am înregistrat aceeași recepție de două ori?,altele,publicat,,nu,inregistrat-aceeasi-receptie-doua-ori,
GH-06338,Cum corectez descărcarea de gestiune calculată greșit?,stocuri,candidat,,nu,,
GH-06339,Ce fac dacă nu s-a făcut descărcarea de gestiune într-o lună?,stocuri,publicat,,nu,ce-fac-daca-nu-s-a-facut-descarcarea-de-gestiune-intr-o-luna,
GH-06340,Cum corectez coeficientul K calculat greșit?,greseli,candidat,,nu,,
GH-06341,Ce fac dacă adaosul comercial este greșit în contabilitate?,greseli,candidat,,nu,,
GH-06342,Cum corectez diferențele de preț la mărfuri?,greseli,candidat,,nu,,
GH-06343,Ce fac dacă stocul din program nu corespunde cu stocul fizic?,stocuri,candidat,,nu,,
GH-06344,Cum corectez plusurile de inventar?,greseli,asemanator,,nu,,corectez-lipsurile-inventar
GH-06345,Cum corectez lipsurile de inventar?,greseli,publicat,,nu,corectez-lipsurile-inventar,
GH-06346,Ce fac dacă am trecut marfa expirată direct pe cheltuieli fără documente?,altele,publicat,,nu,trecut-marfa-expirata-direct-cheltuieli,
GH-06347,Cum corectez perisabilitățile înregistrate greșit?,greseli,publicat,,nu,corectez-perisabilitatile-inregistrate-gresit,
GH-06348,Ce fac dacă am dedus TVA pentru marfă lipsă fără justificare?,tva,publicat,,nu,dedus-tva-marfa-lipsa-justificare,
GH-06349,Cum corectez stocurile deteriorate?,stocuri,candidat,,nu,,
GH-06350,Ce fac dacă am înregistrat producția proprie ca marfă?,altele,candidat,,nu,,
GH-06351,Cum corectez produsele finite înregistrate greșit?,greseli,publicat,,nu,corectez-produsele-finite-inregistrate-gresit,
GH-06352,Ce fac dacă producția în curs nu a,altele,publicat,,nu,productia-curs,
GH-06353,Greșeli frecvente în contabilitate 2026: topul celor mai costisitoare,altele,publicat,,nu,greseli-frecvente-contabilitate-2026-topul,
GH-06354,Cea mai frecventă greșeală la impozitul micro: cum o eviți,micro,publicat,,nu,frecventa-greseala-impozitul-micro-eviti,
GH-06355,Greșeli la calculul plafonului micro care te scot din regim,micro,publicat,,nu,greseli-calculul-plafonului-micro-scot,
GH-06356,Am calculat greșit depășirea plafonului micro: ce fac,micro,publicat,,nu,calculat-gresit-depasirea-plafonului-micro,
GH-06357,Greșeala de a nu declara ieșirea din micro la timp,micro,publicat,,nu,greseala-declara-iesirea-micro-timp (+1 dubluri),
GH-06358,Confuzia dintre venit și încasare la micro: greșeală clasică,micro,candidat,,nu,,
GH-06359,Greșeli la calculul impozitului pe profit din neatenție,profit,publicat,,nu,greseli-calculul-impozitului-profit-neatentie,
GH-06360,Am omis cheltuieli nedeductibile la D101: cum corectez,profit,publicat,,nu,corectare-cheltuieli-nedeductibile-omise-d101,
GH-06361,Greșeli la trasarea diferențelor dintre contabil și fiscal,greseli,candidat,,nu,,
GH-06362,Am uitat să adaug cheltuielile cu amenzile în nedeductibile,altele,publicat,,nu,uitat-adaug-cheltuielile-amenzile-nedeductibile,
GH-06363,Greșeala de a deduce TVA nedeductibilă,tva,publicat,,nu,greseala-deduce-tva-nedeductibila,
GH-06364,Am dedus integral un bun care trebuia amortizat: cum repar,mijloace_fixe,publicat,,nu,dedus-integral-bun-trebuia-amortizat,
GH-06365,Greșeala de a nu înregistra amortizarea lunar,mijloace_fixe,publicat,,nu,greseala-inregistra-amortizarea-lunar,
GH-06366,Am prins amortizarea greșită la final de an: ce fac,mijloace_fixe,publicat,,nu,prins-amortizarea-gresita-final-an,
GH-06367,Greșeli la durata de amortizare raportată la catalog,mijloace_fixe,publicat,,nu,greseli-durata-amortizare-raportata-catalog,
GH-06368,Greșeala de a începe amortizarea la factură nu la punere în funcțiune,mijloace_fixe,publicat,,nu,greseala-incepe-amortizarea-factura-punere,
GH-06369,Am omis să scot din evidență un mijloc fix vândut,mijloace_fixe,publicat,,nu,omis-scot-evidenta-mijloc-fix,
GH-06370,Greșeli la descărcarea gestiunii la final de lună,stocuri,publicat,,nu,greseli-descarcarea-gestiunii-final-luna,
GH-06371,Am uitat descărcarea de gestiune: consecințe fiscale,stocuri,publicat,,nu,uitat-descarcarea-gestiune-consecinte-fiscale,
GH-06372,Stocul negativ din erori de descărcare: cum îl corectez,stocuri,publicat,,nu,stocul-negativ-erori-descarcare-corectez,
GH-06373,Am evaluat greșit stocurile la inventar,stocuri,publicat,,nu,evaluat-gresit-stocurile-inventar,
GH-06374,Greșeala de a nu face inventarierea anuală,stocuri,asemanator,,nu,,greseala-inventarierea-anuala-risca-firma
GH-06375,Am omis perisabilitatea la alimente: ce risc,altele,publicat,,nu,omis-perisabilitatea-alimente-risc,
GH-06376,Am înregistrat lipsuri de inventar fără documente,altele,publicat,,nu,inregistrat-lipsuri-inventar-documente,
GH-06377,Greșeli la TVA: deducerea unei facturi fără drept de deducere,tva,publicat,,nu,greseli-tva-deducerea-facturi-drept,
GH-06378,Am dedus TVA la o factură emisă greșit de furnizor,tva,publicat,,nu,dedus-tva-factura-emisa-gresit,
GH-06379,Am uitat să colectez TVA la o livrare: cum remediez,tva,publicat,,nu,uitat-colectez-tva-livrare-remediez,
GH-06380,Greșeala de a aplica cota greșită de TVA,tva,publicat,,nu,greseala-aplica-cota-gresita-tva,
GH-06381,Am facturat cu TVA o operare scutită: cum corectez,tva,candidat,,nu,,
GH-06382,Greșeala de a nu face ajustarea TVA pentru creanțe neîncasate,tva,publicat,,nu,greseala-ajustarea-tva-creante-neincasate,
GH-06383,Am omis ajustarea TVA la bunurile de capital vândute,tva,candidat,,nu,,
GH-06384,Greșeli la pro-rata de TVA: nerespectarea dreptului de deducere,tva,candidat,,nu,,
GH-06385,Am calculat greșit pro-rata: cum o refac,tva,publicat,,nu,calculat-gresit-pro-rata-refac,
GH-06386,Greșeala de a nu corela D300 cu balanța,tva,publicat,,nu,greseala-corela-d300-balanta,
GH-06387,Am depus D300 cu TVA deductibilă greșită,tva,publicat,,nu,depus-d300-tva-deductibila-gresita,
GH-06388,Greșeli la D394: operațiuni raportate incorect,tva,publicat,,nu,greseli-d394-operatiuni-raportate-incorect,
GH-06389,Am omis raportarea unor facturi în D394,tva,publicat,,nu,omis-raportarea-facturi-d394,
GH-06390,Greșeala de a nu declara achizițiile intracomunitare în D390,ic_ue,publicat,,nu,greseala-declara-achizitiile-intracomunitare-d390,
GH-06391,Am tratat greșit o livrare intracomunitară ca export,ic_ue,asemanator,,nu,,tratat-gresit-livrare-intracomunitara-export
GH-06392,Greșeala de a nu valida codul de TVA al partenerului UE,tva,publicat,,nu,greseala-valida-codul-tva-partenerului,
GH-06393,Am aplicat taxare inversă unde nu era cazul,ic_ue,publicat,,nu,aplicat-taxare-inversa-era-cazul,
GH-06394,Greșeli la salarizare: brut confundat cu net,salarizare,candidat,,nu,,
GH-06395,Am calculat greșit deducerea personală,greseli,publicat,,nu,calculat-gresit-deducerea-personala,
GH-06396,Greșeala de a nu reține corect CASS și CAS,greseli,publicat,,nu,greseala-retine-corect-cass-cas,
GH-06397,Am omis să depun D112 la timp,salarizare,asemanator,,nu,,omis-depun-d112-timp-urmeaza
GH-06398,Greșeli la statul de plată transmis greșit,greseli,publicat,,nu,greseli-statul-plata-transmis-gresit,
GH-06399,Am plătit salariul sub minimul legal: riscuri,salarizare,publicat,,nu,platit-salariul-sub-minimul-legal,
GH-06400,Greșeala de a nu înregistra concediul medical corect,salarizare,publicat,,nu,greseala-inregistra-concediul-medical-corect,
GH-06401,Am tratat greșit tichetele de masă,greseli,publicat,,nu,tratat-gresit-tichetele-masa,
GH-06402,Greșeala de a acorda beneficii fără tratament fiscal corect,greseli,candidat,,nu,,
GH-06403,Am omis impozitarea avantajului în natură,altele,candidat,,nu,,
GH-06404,Greșeli la bacșișul din HoReCa: netratat fiscal,industrii,candidat,,nu,,
GH-06405,Am înregistrat greșit bacșișul din POS,greseli,publicat,,nu,inregistrat-gresit-bacsisul-pos,
GH-06406,Greșeala de a nu împărți corect bacșișul între angajați,greseli,publicat,,nu,greseala-imparti-corect-bacsisul-angajati,
GH-06407,Greșeli la contractele de mandat: contribuții omise,altele,publicat,,nu,greseli-contractele-mandat-contributii-omise,
GH-06408,Am tratat administratorul ca salariat: corecție,salarizare,publicat,,nu,tratat-administratorul-salariat-corectie,
GH-06409,Greșeala de a nu reține impozit la colaboratorii PFA,pfa,candidat,,nu,,
GH-06410,Greșeli la facturarea electronică: XML incomplet,altele,candidat,,nu,,
GH-06411,Am emis facturi fără e-Factura: risc de amendă,spv,publicat,,nu,emis-facturi-factura-risc-amenda,
GH-06412,Greșeala de a nu transmite e-Factura la timp,spv,publicat,,nu,greseala-transmite-factura-timp,
GH-06413,Am stornat greșit o factură în e-Factura,spv,candidat,,nu,,
GH-06414,Greșeala de a nu corela e-Factura cu D300 și D394,tva,publicat,,nu,greseala-corela-factura-d300-d394,
GH-06415,Am depus SAF-T cu date incomplete,declaratii_speciale,publicat,,nu,depus-saft-date-incomplete,
GH-06416,Greșeala de a nu valida fișierul SAF-T înainte de depunere,declaratii_speciale,publicat,,nu,greseala-valida-fisierul-saft-inainte,
GH-06417,Am omis raportarea unor conturi în SAF-T,declaratii_speciale,publicat,,nu,omis-raportarea-conturi-saft,
GH-06418,Greșeli la înființarea firmei: coduri CAEN alese greșit,infiintare,candidat,,nu,,
GH-06419,Am înființat firma cu vector fiscal greșit,infiintare,candidat,,nu,,
GH-06420,Greșeala de a nu depune D010 corect,greseli,publicat,,nu,greseala-depune-d010-corect,
GH-06421,Am optat greșit pentru micro la înființare,infiintare,candidat,,nu,,
GH-06422,Greșeli la schimbarea regimului fiscal: D700 incomplete,altele,candidat,,nu,,
GH-06423,Am uitat să declar schimbarea sediului la ANAF,altele,publicat,,nu,uitat-declar-schimbarea-sediului-anaf,
GH-06424,Greșeala de a nu actualiza datele firmei,greseli,publicat,,nu,greseala-actualiza-datele-firmei,
GH-06425,Am operat cu date vechi la ONRC: ce risc,infiintare,candidat,,nu,,
GH-06426,Greșeli la închiderea firmei: datorii omise,altele,publicat,,nu,greseli-inchiderea-firmei-datorii-omise,
GH-06427,Am radiat firma fără să depun ultima declarație,altele,publicat,,nu,radiat-firma-depun-ultima-declaratie,
GH-06428,Greșeala de a nu soluționa angajații la lichidare,infiintare,candidat,,nu,,
GH-06429,Greșeli la fuziune: active nedistribuite corect,altele,candidat,,nu,,
GH-06430,Am tratat greșit o fuziune din punct de vedere fiscal,greseli,asemanator,,nu,,tratat-gresit-fuziune-punct-vedere
GH-06431,Greșeala de a nu ține evidența separat pentru TVA,tva,asemanator,,nu,,greseala-evidenta-separata-tva
GH-06432,Confuzia dintre casierie și contul bancar: greșeală des,casierie,candidat,,nu,,
GH-06433,Greșeli la registrul de casă: omisiuni frecvente,casierie,publicat,,nu,greseli-registrul-casa-omisiuni-frecvente,
GH-06434,Am depășit plafonul de numerar: consecințe,casierie,publicat,,nu,depasit-plafonul-numerar-consecinte,
GH-06435,Greșeala de a plăti facturi mari cu numerar,casierie,publicat,,nu,greseala-plati-facturi-mari-numerar,
GH-06436,Am încasat peste plafon de la o persoană: risc,altele,candidat,,nu,,
GH-06437,Greșeli la avansurile spre decontare nejustificate,altele,publicat,,nu,greseli-avansurile-spre-decontare-nejustificate,
GH-06438,Am omis să restitutionez avansurile neutilizate,altele,publicat,,nu,omis-restitutionez-avansurile-neutilizate,
GH-06439,Greșeala de a nu documenta cheltuielile cu bonuri,greseli,candidat,,nu,,
GH-06440,Am dedus cheltuieli fără document justificativ,altele,candidat,,nu,,
GH-06441,Greșeala de a înregistra cheltuieli personale pe firmă,greseli,publicat,,nu,greseala-inregistra-cheltuieli-personale-firma,
GH-06442,Am plătit cheltuieli personale din contul firmei: corecție,altele,publicat,,nu,platit-cheltuieli-personale-contul-firmei,
GH-06443,Greșeala de a amesteca banii firmei cu cei personali,greseli,publicat,,nu,greseala-amesteca-banii-firmei-personali,
GH-06444,Am omis să declar veniturile din chirii ale firmei,altele,publicat,,nu,omis-declar-veniturile-chirii-firmei,
GH-06445,Greșeli la dividende: distribuire fără hotărâre AGA,declaratii_speciale,publicat,,nu,greseli-dividende-distribuire-hotarare-aga,
GH-06446,Am plătit dividende fără reținerea impozitului,declaratii_speciale,publicat,,nu,platit-dividende-retinerea-impozitului,
GH-06447,Greșeala de a nu depune D205 la timp,declaratii_speciale,publicat,,nu,greseala-depune-d205-timp,
GH-06448,Am calculat greșit impozitul pe dividende,declaratii_speciale,publicat,,nu,calculat-gresit-impozitul-dividende,
GH-06449,Greșeala de a distribui dividende interimare greșit,declaratii_speciale,publicat,,nu,greseala-distribui-dividende-interimare-gresit,
GH-06450,Am omis CASS-ul la dividendele asociaților,declaratii_speciale,candidat,,nu,,
GH-06451,Greșeli la sponsorizare: fără contract și fără deducere corectă,profit,publicat,,nu,greseli-la-sponsorizare-fara-contract-si-fara-deducere-corecta,
GH-06452,Am dedus sponsorizarea peste plafon,profit,asemanator,,nu,,ce-fac-daca-am-dedus-sponsorizarea-peste-plafon
GH-06453,Greșeala de a nu înregistra sponsorizarea ca atare,profit,candidat,,nu,,
GH-06454,Greșeli la protocol: depășirea plafonului de deductibilitate,profit,candidat,,nu,,
GH-06455,Am tratat cadourile clienților ca protocol greșit,profit,publicat,,nu,tratat-cadourile-clientilor-protocol-gresit,
GH-06456,Greșeala de a pune pe protocol cheltuieli care nu se califică,profit,publicat,,nu,greseala-pune-protocol-cheltuieli-califica,
GH-06457,Greșeli la diurnă: plafoane neaplicate,salarizare,publicat,,nu,greseli-diurna-plafoane-neaplicate,
GH-06458,Am impozitat greșit diurna sub plafon,salarizare,publicat,,nu,impozitat-gresit-diurna-sub-plafon,
GH-06459,Greșeala de a nu înregistra deconturile de deplasare,greseli,publicat,,nu,greseala-inregistra-deconturile-deplasare,
GH-06460,Greșeli la combustibil: TVA dedusă incorect,tva,candidat,,nu,,
GH-06461,Am dedus TVA la motorină pentru un vehicul neeligibil,tva,publicat,,nu,dedus-tva-motorina-vehicul-neeligibil,
GH-06462,Greșeala de a deduce 50% vs 100% TVA la autoturisme,tva,publicat,,nu,greseala-deduce-50-vs-100,
GH-06463,Greșeli la autoturisme: limita de amortizare ignorată,mijloace_fixe,publicat,,nu,greseli-autoturisme-limita-amortizare-ignorata,
GH-06464,Am depășit plafonul de amortizare la autoturisme,mijloace_fixe,publicat,,nu,depasit-plafonul-amortizare-autoturisme,
GH-06465,Greșeala de a nu limita TVA la autoturisme de lux,tva,publicat,,nu,greseala-limita-tva-autoturisme-lux,
GH-06466,Greșeli la credite: dobânzi tratate incorect,altele,publicat,,nu,greseli-credite-dobanzi-tratate-incorect,
GH-06467,Am omis limitarea deductibilității dobânzilor,altele,publicat,,nu,omis-limitarea-deductibilitatii-dobanzilor,
GH-06468,Greșeala de a nu separa dobanda de principal,greseli,publicat,,nu,greseala-separa-dobanda-principal,
GH-06469,Greșeli la diferențe de curs: nerecunoscute la timp,greseli,publicat,,nu,greseli-diferente-curs-nerecunoscute-timp,
GH-06470,Am tratat greșit reevaluarea valutară a creanțelor,casierie,candidat,,nu,,
GH-06471,Greșeala de a nu înregistra veniturile din diferențe de curs,greseli,publicat,,nu,greseala-inregistra-veniturile-diferente-curs,
GH-06472,Greșeli la provizioane: constituite fără bază fiscală,altele,publicat,,nu,greseli-provizioane-constituite-baza-fiscala,
GH-06473,Am dedus provizioane nedeductibile,altele,candidat,,nu,,
GH-06474,Greșeala de a relua provizioane fără venit impozabil,greseli,candidat,,nu,,
GH-06475,Greșeli la ajustările de depreciere a creanțelor,altele,asemanator,,nu,,ce-greseli-apar-la-ajustarile-de-depreciere-a-creantelor
GH-06476,Am omis ajustarea pentru clientul insolvabil,altele,publicat,,nu,omis-ajustarea-clientul-insolvabil,
GH-06477,Greșeala de a nu scoate creanțele prescrise,greseli,publicat,,nu,greseala-scoate-creantele-prescrise,
GH-06478,Greșeli la închiderea anului: solduri neconcordante,altele,candidat,,nu,,
GH-06479,Am închis anul cu balanța neechilibrată,altele,publicat,,nu,inchis-anul-balanta-neechilibrata,
GH-06480,Greșeala de a nu face regularizările de final de an,greseli,publicat,,nu,greseala-regularizarile-final-an,
GH-06481,Greșeli la bilanț: active raportate incorect,altele,publicat,,nu,greseli-bilant-active-raportate-incorect,
GH-06482,Am depus situațiile financiare cu erori,altele,publicat,,nu,depus-situatiile-financiare-erori,
GH-06483,Greșeala de a nu semna situațiile financiare la timp,greseli,publicat,,nu,greseala-semna-situatiile-financiare-timp,
GH-06484,Greșeli la depunerea situațiilor financiare după termen,control_fiscal,candidat,,nu,,
GH-06485,Am omis raportul administratorului,infiintare,publicat,,nu,omis-raportul-administratorului,
GH-06486,Greșeala de a nu aproba situațiile în AGA,greseli,asemanator,,nu,,greseala-aproba-situatiile-financiare-aga
GH-06487,Greșeli la e-TVA: diferențe neexplicate,tva,candidat,,nu,,
GH-06488,Am ignorat o notificare de conformare: consecințe,control_fiscal,publicat,,nu,ignorat-notificare-conformare-consecinte,
GH-06489,Greșeala de a nu răspunde în termen la ANAF,control_fiscal,candidat,,nu,,
GH-06490,Greșeli la controlul fiscal: documente lipsă,control_fiscal,publicat,,nu,greseli-controlul-fiscal-documente-lipsa,
GH-06491,Nu am putut justifica o cheltuială la control: ce fac,altele,candidat,,nu,,
GH-06492,Greșeala de a nu păstra documentele 10 ani,greseli,candidat,,nu,,
GH-06493,Am arhivat incomplet documentele contabile,altele,asemanator,,nu,,arhivat-incomplet-documentele-contabile
GH-06494,Greșeala de a nu face reconcilierea bancară lunar,greseli,publicat,,nu,greseala-reconcilierea-bancara-lunar,
GH-06495,Am omis comisioanele bancare din evidență,altele,publicat,,nu,omis-comisioanele-bancare-evidenta,
GH-06496,Greșeala de a nu înregistra toate operațiunile din extras,greseli,publicat,,nu,greseala-inregistra-operatiunile-extras,
GH-06497,Greșeli la elaborarea balanței de verificare,altele,candidat,,nu,,
GH-06498,Am introdus greșit datele în programul de contabilitate,greseli,publicat,,nu,introdus-gresit-datele-programul-contabilitate,
GH-06499,Greșeala de a nu verifica soldurile conturilor de TVA,tva,candidat,,nu,,
GH-06500,Am omis să închid contul 4428 corect,altele,publicat,,nu,omis-inchid-contul-4428-corect,
GH-06501,Greșeala de a nu închide conturile de regularizare,greseli,publicat,,nu,greseala-inchide-conturile-regularizare,
GH-06502,Greșeli la trecerea de la un an fiscal la altul,altele,candidat,,nu,,
GH-06503,Am pierdut niște înregistrări la schimbarea anului,altele,candidat,,nu,,
GH-06504,Greșeala de a nu face notele de corecție la timp,greseli,asemanator,,nu,,greseala-factura-timp
GH-06505,Corectarea erorilor din anii anteriori: procedura greșită,greseli,publicat,,nu,corectarea-erorilor-anii-anteriori-procedura,
GH-06506,Am retratat greșit o eroare contabilă,greseli,publicat,,nu,retratat-gresit-eroare-contabila,
GH-06507,Greșeala de a nu documenta corecțiile,greseli,publicat,,nu,greseala-documenta-corectiile,
GH-06508,Confuzia între provizion și rezervă: greșeală frecventă,greseli,publicat,,nu,confuzia-provizion-rezerva-greseala-frecventa,
GH-06509,Confuzia între venit și încasare: cum te afectează,altele,candidat,,nu,,
GH-06510,Confuzia între cheltuială și plată: impact fiscal,altele,publicat,,nu,confuzia-cheltuiala-plata-impact-fiscal,
GH-06511,Confuzia dintre capital social și capital vărsat,infiintare,publicat,,nu,confuzia-dintre-capital-social-capital,
GH-06512,Confuzia dintre cash-flow și profit: greșeală de management,casierie,publicat,,nu,confuzia-dintre-cash-flow-profit,
GH-06513,Confuzia dintre impozit micro și TVA: cauze de blocaj,tva,candidat,,nu,,
GH-06514,Confuzia dintre cheltuieli deductibile și nedeductibile,altele,publicat,,nu,confuzia-dintre-cheltuieli-deductibile-nedeductibile,
GH-06515,Confuzia dintre perioada contabilă și cea fiscală,altele,asemanator,,nu,,confuzia-dintre-perioada-contabila-perioada
GH-06516,Confuzia dintre agentul și reprezentantul fiscal,altele,candidat,,nu,,
GH-06517,Confuzia dintre lichiditate și solvabilitate,altele,publicat,,nu,confuzia-dintre-lichiditate-solvabilitate,
GH-06518,Confuzia dintre activele de mică valoare și stocurile,stocuri,candidat,,nu,,
GH-06519,Confuzia dintre imobilizare necorporală și cheltuială,altele,publicat,,nu,confuzia-dintre-imobilizare-necorporala-cheltuiala,
GH-06520,Confuzia dintre discount și rabat,altele,candidat,,nu,,
GH-06521,Confuzia dintre avans și plată,altele,candidat,,nu,,
GH-06522,Confuzia dintre facturare și livrare,altele,candidat,,nu,,
GH-06523,Confuzia dintre contabilul angajat și contabilul autorizat,altele,publicat,,nu,confuzia-dintre-contabilul-angajat-contabilul,
GH-06524,Confuzia dintre consultantul fiscal și contabil,altele,candidat,,nu,,
GH-06525,Confuzia dintre persoana fizică autorizată și firma,altele,candidat,,nu,,
GH-06526,Confuzia dintre SRL și SA la înființare,infiintare,candidat,,nu,,
GH-06527,Confuzia dintre asociat și angajat: implicații fiscale,infiintare,candidat,,nu,,
GH-06528,Confuzia dintre dividende și salarii: strategie fiscală,declaratii_speciale,publicat,,nu,confuzia-dintre-dividende-salarii-strategie,
GH-06529,Greșeli de management financiar care ajung în contabilitate,altele,publicat,,nu,greseli-management-financiar-ajung-contabilitate,
GH-06530,Greșeala de a nu ține contabilitatea de gestiune,stocuri,candidat,,nu,,
GH-06531,Greșeala de a nu face analiza abaterilor de cost,greseli,candidat,,nu,,
GH-06532,Greșeala de a nu urmări rentabilitatea pe produs,greseli,asemanator,,nu,,greseala-calcula-marja-produs
GH-06533,Greșeala de a nu face bugete anuale,greseli,candidat,,nu,,
GH-06534,Greșeala de a neglija concilierea stocurilor,stocuri,publicat,,nu,greseala-neglija-concilierea-stocurilor,
GH-06535,Greșeala de a nu verifica facturile furnizorilor,greseli,candidat,,nu,,
GH-06536,Am plătit o factură de două ori: cum recuperez,altele,candidat,,nu,,
GH-06537,Greșeala de a nu urmări creanțele scadente,greseli,publicat,,nu,greseala-urmari-creantele-scadente,
GH-06538,Am ratat scadența unei facturi de la furnizor: penalități,altele,publicat,,nu,ratat-scadenta-facturi-furnizor-penalitati,
GH-06539,Greșeala de a nu factura la timp,greseli,publicat,,nu,greseala-factura-timp,
GH-06540,Am întârziat facturarea unui serviciu prestat,altele,publicat,,nu,intarziat-facturarea-serviciu-prestat,
GH-06541,Greșeala de a nu emite factura de avans,greseli,publicat,,nu,greseala-emite-factura-avans,
GH-06542,Am omis factura de avans: TVA și e-Factura,tva,publicat,,nu,omis-factura-avans-tva-factura,
GH-06543,Greșeala de a nu storna o factură greșită,greseli,publicat,,nu,greseala-storna-factura-gresita,
GH-06544,Am emis o factură cu date incorecte: cum corectez,greseli,publicat,,nu,emis-factura-date-incorecte-corectez,
GH-06545,Greșeala de a nu verifica CUI-ul clientului,greseli,publicat,,nu,greseala-verifica-cui-ul-clientului,
GH-06546,Am facturat către un client cu CUI nevalid,altele,publicat,,nu,facturat-client-cui-nevalid,
GH-06547,Greșeala de a nu folosi bonul de consum la producție,greseli,candidat,,nu,,
GH-06548,Am omis bonul de consum de materiale,altele,asemanator,,nu,,omis-bonul-consum-materiale
GH-06549,Greșeala de a nu înregistra producția în curs,greseli,publicat,,nu,greseala-inregistra-productia-curs,
GH-06550,Am omis evaluarea producției neterminate,altele,publicat,,nu,omis-evaluarea-productiei-neterminate,
GH-06551,Greșeala de a nu aloca corect cheltuielile indirecte,greseli,candidat,,nu,,
GH-06552,Am repartizat greșit cheltuielile generale,greseli,publicat,,nu,repartizat-gresit-cheltuielile-generale,
GH-06553,Greșeala de a confunda costul cu prețul de vânzare,greseli,publicat,,nu,greseala-confunda-costul-pretul-vanzare,
GH-06554,Greșeala de a nu calcula marja pe produs,greseli,publicat,,nu,greseala-calcula-marja-produs,
GH-06555,Am stabilit prețuri fără a acoperi costurile,altele,candidat,,nu,,
GH-06556,Greșeala de a vinde sub cost,greseli,candidat,,nu,,
GH-06557,Am omis adaosul comercial la amănunt,altele,asemanator,,nu,,ce-fac-daca-am-omis-adaosul-comercial-la-amanunt
GH-06558,Greșeala de a nu ajusta adaosul la reduceri,greseli,publicat,,nu,greseala-ajusta-adaosul-reduceri,
GH-06559,Am vândut sub valoarea de achiziție: TVA și impozit,tva,publicat,,nu,vandut-sub-valoarea-achizitie-tva,
GH-06560,Greșeala de a nu documenta reducerile acordate,greseli,publicat,,nu,greseala-documenta-reducerile-acordate,
GH-06561,Am aplicat reduceri fără documente: risc fiscal,altele,candidat,,nu,,
GH-06562,Greșeala de a nu reflecta stornările în stoc și TVA,tva,candidat,,nu,,
GH-06563,Am uitat să corectez stocul după o stornare,stocuri,publicat,,nu,uitat-corectez-stocul-stornare,
GH-06564,Noutăți 2026: greșelile noi de evitat sub digitalizare,altele,asemanator,,nu,,noutati-2026-greselile-noi-evitat
GH-06565,Cele mai scumpe 10 greșeli fiscale ale unui SRL,altele,candidat,,nu,,
GH-06566,Greșeli pe care ANAF le descoperă cel mai des la control,altele,candidat,,nu,,
GH-06567,Top erori care declanșează un control de fond,altele,candidat,,nu,,
GH-06568,Greșeli care te trec automat pe lista de risc ANAF,altele,publicat,,nu,greseli-trec-automat-lista-risc,
GH-06569,Cum să faci un audit intern al greșelilor contabile,altele,candidat,,nu,,
GH-06570,Checklist pentru auto-verificarea contabilității,altele,publicat,,nu,checklist-auto-verificarea-contabilitatii,
GH-06571,Cum să previi recidiva greșelilor în contabilitate,altele,candidat,,nu,,
GH-06572,Rolul programului de contabilitate în prevenirea erorilor,altele,candidat,,nu,,
GH-06573,Cum să verifici balanța și să descoperi greșeli,altele,publicat,,nu,verifici-balanta-descoperi-greseli,
GH-06574,Cele mai frecvente erori raportate la bilanțul anual,altele,candidat,,nu,,
GH-06575,Erori de înregistrare care deformează rezultatul fiscal,altele,candidat,,nu,,
GH-06576,Cum să eviți erorile la închiderea lunară,altele,candidat,,nu,,
GH-06577,Cele mai frecvente greșeli ale antreprenorilor începători în fiscalitate,altele,candidat,,nu,,
GH-06578,Greșeli de contabilitate la firmele nou înființate,infiintare,candidat,,nu,,
GH-06579,Greșeli specifice PFA în 2026,pfa,publicat,,nu,greseli-specifice-pfa-2026,
GH-06580,Greșeli specifice firmelor micro în 2026,micro,candidat,,nu,,
GH-06581,Greșeli specifice firmelor pe profit în 2026,altele,publicat,,nu,greseli-specifice-firmelor-profit-2026,
GH-06582,Greșeli specifice firmelor cu TVA trimestrial,tva,publicat,,nu,greseli-specifice-firmelor-tva-trimestrial,
GH-06583,Greșeli specifice firmelor cu TVA la încasare,tva,publicat,,nu,greseli-specifice-firmelor-tva-incasare,
GH-06584,Greșeli specifice magazinelor online,industrii,candidat,,nu,,
GH-06585,Greșeli specifice firmelor din construcții,industrii,publicat,,nu,greseli-specifice-firmelor-constructii,
GH-06586,Greșeli specifice firmelor IT,industrii,candidat,,nu,,
GH-06587,Greșeli specifice firmelor din HoReCa,industrii,publicat,,nu,greseli-specifice-firmelor-horeca,
GH-06588,Cum să corectezi o greșeală veche fără să plătești penalități,greseli,candidat,,nu,,
GH-06589,Când e mai bine să declari voluntar o greșeală la ANAF,greseli,candidat,,nu,,
GH-06590,Declararea voluntară a erorilor: beneficii,altele,asemanator,,nu,,declararea-voluntara-erorilor-inainte-control
GH-06591,Cum să negociezi penalitățile după o corecție voluntară,altele,candidat,,nu,,
GH-06592,Cum corectez un registru de casă cu sold greșit?,greseli,publicat,,nu,corectez-registru-casa-sold-gresit,
GH-06593,Ce fac dacă soldul scriptic al casei nu corespunde cu numerarul existent?,casierie,candidat,,nu,,
GH-06594,Cum corectez o încasare trecută de două ori în registrul de casă?,casierie,publicat,,nu,corectez-incasare-trecuta-doua-ori,
GH-06595,Cum corectez o plată înregistrată de două ori în casierie?,casierie,asemanator,,nu,,corectez-chitanta-inregistrata-doua-ori
GH-06596,Ce fac dacă am omis o chitanță din registrul de casă?,casierie,publicat,,nu,omis-chitanta-registrul-casa,
GH-06597,Cum înregistrez o chitanță găsită după închiderea lunii?,altele,publicat,,nu,inregistrez-chitanta-gasita-inchiderea-lunii,
GH-06598,Cum corectez data greșită din registrul de casă?,casierie,candidat,,nu,,
GH-06599,Ce fac dacă registrul de casă a fost întocmit cu întârziere?,casierie,candidat,,nu,,
GH-06600,Este obligatoriu registrul de casă pentru un SRL în 2026?,casierie,candidat,,da,,
GH-06601,Este obligatoriu registrul de casă pentru un PFA în 2026?,pfa,candidat,,da,,
GH-06602,Trebuie întocmit registru de casă în zilele fără operațiuni?,altele,publicat,,nu,intocmit-registru-casa-zilele-operatiuni,
GH-06603,Se poate ține registrul de casă doar electronic?,casierie,candidat,,nu,,
GH-06604,Trebuie tipărit registrul de casă dacă este ținut în programul de contabilitate?,casierie,asemanator,,nu,,tiparit-registrul-casa-tinut-programul
GH-06605,Cine trebuie să semneze registrul de casă?,casierie,publicat,,nu,semneze-registrul-casa,
GH-06606,Poate administratorul să fie și casierul firmei?,infiintare,candidat,,nu,,
GH-06607,Poate contabilul să întocmească registrul de casă?,casierie,candidat,,nu,,
GH-06608,Cum se predă casieria când se schimbă persoana responsabilă?,casierie,publicat,,nu,preda-casieria-schimba-persoana-responsabila,
GH-06609,Ce document se întocmește la predarea numerarului între doi casieri?,casierie,candidat,,nu,,
GH-06610,Cum se verifică soldul casei la sfârșitul zilei?,altele,candidat,,nu,,
GH-06611,Ce fac dacă găsesc bani în plus în casierie?,casierie,candidat,,nu,,
GH-06612,Cum contabilizez plusul de numerar constatat la casierie?,casierie,publicat,,nu,contabilizez-plusul-numerar-constatat-casierie,
GH-06613,Ce fac dacă lipsesc bani din casieria firmei?,casierie,candidat,,nu,,
GH-06614,Cum contabilizez lipsa de numerar constatată la inventariere?,stocuri,publicat,,nu,contabilizez-lipsa-numerar-constatata-inventariere,
GH-06615,Cine răspunde pentru lipsa de bani din casierie?,casierie,candidat,,nu,,
GH-06616,Cum recuperez de la casier o lipsă constatată în casă?,altele,candidat,,nu,,
GH-06617,Cum se inventariază numerarul din casierie?,stocuri,publicat,,nu,inventariaza-numerarul-casierie,
GH-06618,Când trebuie inventariată casieria firmei?,stocuri,publicat,,nu,inventariata-casieria-firmei,
GH-06619,Ce documente se întocmesc la inventarierea casei?,stocuri,publicat,,nu,documente-intocmesc-inventarierea-casei,
GH-06620,Cum se verifică numerarul în valută la inventariere?,stocuri,publicat,,nu,verifica-numerarul-valuta-inventariere,
GH-06621,Cum se înregistrează diferențele constatate la inventarierea casieriei?,stocuri,publicat,,nu,inregistreaza-diferentele-constatate-inventarierea-casieriei,
GH-06622,Care este soldul maxim de numerar permis în casierie în 2026?,casierie,publicat,,nu,soldul-maxim-numerar-permis-casierie,
GH-06623,Ce fac dacă soldul casei depășește plafonul legal?,altele,candidat,,nu,,
GH-06624,În cât timp trebuie depus la bancă numerarul care depășește plafonul de casă?,casierie,candidat,,nu,,
GH-06625,Când poate firma depăși temporar plafonul de numerar din casierie?,casierie,candidat,,nu,,
GH-06626,Cum se aplică plafonul de casă pentru salarii plătite în numerar?,salarizare,candidat,,nu,,
GH-06627,Se aplică plafonul de casă și unui PFA în 2026?,pfa,candidat,,nu,,
GH-06628,Se aplică plafonul de casă unei întreprinderi individuale?,pfa,candidat,,nu,,
GH-06629,Se aplică plafonul de casă unei firme fără salariați?,salarizare,publicat,,nu,aplica-plafonul-casa-firme-salariati,
GH-06630,Cum se calculează plafonul zilnic al numerarului din casierie?,casierie,publicat,,nu,calculeaza-plafonul-zilnic-numerarului-casierie,
GH-06631,Ce amendă riscă firma pentru depășirea plafonului de numerar?,casierie,publicat,,nu,amenda-risca-firma-depasirea-plafonului,
GH-06632,Care este plafonul pentru încasări cash de la o persoană juridică în 2026?,casierie,asemanator,,nu,,plafonul-incasari-cash-persoane-fizice
GH-06633,Care este plafonul pentru plăți cash către o persoană juridică în 2026?,casierie,asemanator,,nu,,plafonul-plati-cash-persoana-juridica
GH-06634,Care este plafonul pentru încasări cash de la persoane fizice în 2026?,casierie,publicat,,nu,plafonul-incasari-cash-persoane-fizice,
GH-06635,Care este plafonul pentru plăți cash către persoane fizice în 2026?,casierie,publicat,,nu,plafonul-plati-cash-persoane-fizice,
GH-06636,Pot încasa în numerar o factură mare în mai multe zile?,casierie,candidat,,nu,,
GH-06637,Pot împărți o factură în mai multe plăți cash pentru a respecta plafonul?,casierie,candidat,,nu,,
GH-06638,Este permisă fragmentarea unei facturi pentru plata în numerar?,casierie,candidat,,nu,,
GH-06639,Cum se aplică plafonul cash dacă am mai multe facturi cu același furnizor?,casierie,publicat,,nu,aplica-plafonul-cash-multe-facturi,
GH-06640,Cum se aplică plafonul de numerar dacă am mai mulți furnizori în aceeași zi?,casierie,candidat,,nu,,
GH-06641,Pot plăti cash și prin bancă aceeași factură?,casierie,candidat,,nu,,
GH-06642,Cum înregistrez o factură achitată parțial cash și parțial prin bancă?,casierie,candidat,,nu,,
GH-06643,Pot încasa o parte din factură cash și restul prin transfer bancar?,casierie,candidat,,nu,,
GH-06644,Cum se aplică plafonul de numerar la facturile cu plata în rate?,casierie,candidat,,nu,,
GH-06645,Cum se aplică plafonul cash la avansurile comerciale?,casierie,candidat,,nu,,
GH-06646,Pot plăti în numerar un avans către furnizor?,casierie,candidat,,nu,,
GH-06647,Pot încasa cash un avans de la client?,casierie,publicat,,nu,incasa-cash-avans-client,
GH-06648,Cum se aplică plafonul de numerar la restituirea unui avans?,casierie,candidat,,nu,,
GH-06649,Cum se aplică plafonul cash la contractele de împrumut?,casierie,candidat,,nu,,
GH-06650,Poate asociatul împrumuta firma în numerar în 2026?,casierie,candidat,,nu,,
GH-06651,Poate firma restitui în numerar împrumutul asociatului?,casierie,candidat,,nu,,
GH-06652,Cum înregistrez banii aduși de asociat în casieria firmei?,casierie,asemanator,,nu,,banii-adusi-de-asociat-in-casieria-firmei
GH-06653,Ce document justifică împrumutul în numerar acordat firmei de asociat?,casierie,publicat,,nu,document-justifica-imprumutul-numerar-acordat,
GH-06654,Cum se contabilizează împrumutul asociatului depus direct în bancă?,infiintare,publicat,,nu,contabilizeaza-imprumutul-asociatului-depus-direct,
GH-06655,Cum se contabilizează restituirea împrumutului asociatului prin bancă?,infiintare,publicat,,nu,contabilizeaza-restituirea-imprumutului-asociatului-banca,
GH-06656,Poate administratorul depune bani personali în contul firmei?,infiintare,publicat,,nu,administratorul-depune-bani-personali-contul,
GH-06657,Cum justific o depunere de numerar făcută de administrator în contul societății?,casierie,publicat,,nu,justific-depunere-numerar-facuta-administrator,
GH-06658,Cum înregistrez numerarul depus din casierie în contul bancar?,casierie,publicat,,nu,inregistrez-numerarul-depus-casierie-contul,
GH-06659,Ce document justifică transferul banilor din casă în bancă?,altele,publicat,,nu,document-justifica-transferul-banilor-casa,
GH-06660,Cum înregistrez numerarul retras din bancă pentru casierie?,casierie,asemanator,,nu,,inregistrezi-numerarul-retras-banca-casierie
GH-06661,Ce documente sunt necesare când retrag bani din bancă pentru casă?,altele,candidat,,nu,,
GH-06662,Cum contabilizez banii retrași din bancă și neintroduși încă în casierie?,casierie,candidat,,nu,,
GH-06663,Când se folosește contul 581 Viramente interne?,altele,publicat,,nu,foloseste-contul-581-viramente-interne,
GH-06664,Cum se verifică soldul contului 581?,altele,asemanator,,nu,,verifica-soldul-contului-542
GH-06665,De ce rămâne sold în contul 581 la sfârșitul lunii?,altele,publicat,,nu,ramane-sold-contul-581-sfarsitul,
GH-06666,Cum corectez un sold vechi rămas în contul 581?,greseli,candidat,,nu,,
GH-06667,Când se folosește contul 5125 Sume în curs de decontare?,altele,publicat,,nu,foloseste-contul-5125-sume-curs,
GH-06668,"Cum înregistrez o încasare care apare în procesator, dar nu încă în extrasul bancar?",casierie,candidat,,nu,,
GH-06669,Cum înregistrez o depunere care nu apare încă în extrasul de cont?,altele,candidat,,nu,,
GH-06670,Cum tratez un transfer bancar inițiat în ultima zi a lunii și decontat luna următoare?,altele,candidat,,nu,,
GH-06671,În ce lună înregistrez un ordin de plată decontat în luna următoare?,altele,candidat,,nu,,
GH-06672,Cum contabilizez un transfer între două conturi bancare ale aceleiași firme?,casierie,publicat,,nu,contabilizez-transfer-doua-conturi-bancare,
GH-06673,Cum contabilizez transferul între două bănci diferite?,altele,candidat,,nu,,
GH-06674,Cum contabilizez transferul din contul în lei în contul în euro?,altele,asemanator,,nu,,inregistreaza-transferul-contul-lei-contul
GH-06675,Cum contabilizez transferul între două conturi în valută?,casierie,candidat,,nu,,
GH-06676,Ce curs valutar folosesc la transferul între conturile proprii?,casierie,publicat,,nu,curs-valutar-folosesc-transferul-conturile,
GH-06677,Cum tratez diferențele de curs la transferurile între conturile firmei?,greseli,publicat,,nu,tratez-diferentele-curs-transferurile-conturile,
GH-06678,Cum se înregistrează un extras de cont bancar în contabilitate?,casierie,publicat,,nu,inregistreaza-extras-cont-bancar-contabilitate,
GH-06679,Este obligatoriu să înregistrez fiecare extras bancar separat?,casierie,publicat,,nu,obligatoriu-inregistrez-fiecare-extras-bancar,
GH-06680,Cum import automat extrasele bancare în contabilitate?,casierie,candidat,,nu,,
GH-06681,Cum verific dacă toate tranzacțiile din extras au fost contabilizate?,altele,publicat,,nu,verific-tranzactiile-extras-fost-contabilizate (+1 dubluri),
GH-06682,Cum reconciliez soldul contului 5121 cu extrasul bancar?,casierie,publicat,,nu,reconciliez-soldul-contului-5121-extrasul,
GH-06683,Ce fac dacă soldul din 5121 nu corespunde cu banca?,altele,publicat,,nu,soldul-5121-corespunde-banca,
GH-06684,Cum identific tranzacțiile bancare neînregistrate în contabilitate?,altele,publicat,,nu,identific-tranzactiile-bancare-neinregistrate-contabilitate,
GH-06685,Cum corectez un extras bancar înregistrat de două ori?,casierie,publicat,,nu,corectez-extras-bancar-inregistrat-doua,
GH-06686,Cum corectez o plată bancară atribuită furnizorului greșit?,greseli,publicat,,nu,corectez-plata-bancara-atribuita-furnizorului,
GH-06687,Cum corectez o încasare bancară atribuită clientului greșit?,greseli,publicat,,nu,corectez-incasare-bancara-atribuita-clientului,
GH-06688,Cum înregistrez o încasare bancară fără explicații?,altele,publicat,,nu,inregistrez-incasare-bancara-explicatii,
GH-06689,Ce fac dacă nu pot identifica clientul care a făcut transferul?,altele,candidat,,nu,,
GH-06690,Cum contabilizez o plată fără factură identificată?,altele,candidat,,nu,,
GH-06691,Cum tratez sumele neidentificate din extrasul bancar?,casierie,publicat,,nu,tratez-sumele-neidentificate-extrasul-bancar,
GH-06692,Cum înregistrez o sumă primită din greșeală în contul firmei?,greseli,publicat,,nu,inregistrez-suma-primita-greseala-contul,
GH-06693,Cum înregistrez restituirea unei sume primite din greșeală?,greseli,candidat,,nu,,
GH-06694,Ce fac dacă firma transferă bani în contul greșit?,greseli,candidat,,nu,,
GH-06695,Cum contabilizez banii recuperați după un transfer bancar greșit?,greseli,publicat,,nu,contabilizez-banii-recuperati-transfer-bancar,
GH-06696,Cum contabilizez o plată returnată de bancă?,altele,candidat,,nu,,
GH-06697,Cum contabilizez o încasare returnată clientului?,altele,publicat,,nu,contabilizez-incasare-returnata-clientului,
GH-06698,Cum înregistrez un ordin de plată refuzat de bancă?,altele,candidat,,nu,,
GH-06699,Cum înregistrez comisioanele bancare în contabilitate?,altele,candidat,,nu,,
GH-06700,Comisioanele bancare sunt deductibile fiscal?,altele,publicat,,nu,comisioanele-bancare-deductibile-fiscal,
GH-06701,Cum contabilizez comisionul pentru transfer internațional?,altele,candidat,,nu,,
GH-06702,Cum contabilizez comisionul pentru administrarea contului bancar?,casierie,candidat,,nu,,
GH-06703,Cum contabilizez comisionul pentru retragerea de numerar?,casierie,publicat,,nu,contabilizez-comisionul-retragerea-numerar,
GH-06704,Cum contabilizez comisionul pentru depunerea de numerar?,casierie,asemanator,,nu,,contabilizez-comisionul-retragerea-numerar
GH-06705,Cum contabilizez comisioanele unui cont bancar în valută?,casierie,candidat,,nu,,
GH-06706,Cum contabilizez dobânda primită pentru disponibilul din cont?,altele,publicat,,nu,contabilizez-dobanda-primita-disponibilul-cont,
GH-06707,Cum contabilizez dobânda plătită pentru descoperitul de cont?,altele,publicat,,nu,contabilizez-dobanda-platita-descoperitul-cont,
GH-06708,Cum contabilizez dobânda pentru linia de credit?,altele,candidat,,nu,,
GH-06709,Cum contabilizez un overdraft bancar?,altele,publicat,,nu,contabilizez-overdraft-bancar,
GH-06710,Cum se înregistrează utilizarea unei linii de credit?,altele,candidat,,nu,,
GH-06711,Cum se înregistrează rambursarea unei linii de credit?,altele,candidat,,nu,,
GH-06712,Cum verific soldul liniei de credit în contabilitate?,altele,publicat,,nu,verific-soldul-liniei-credit-contabilitate,
GH-06713,Cum contabilizez un credit bancar primit de firmă?,altele,candidat,,nu,,
GH-06714,Cum înregistrez rambursarea principalului unui credit?,altele,publicat,,nu,inregistrez-rambursarea-principalului-credit,
GH-06715,Cum separ principalul de dobândă într-o rată bancară?,altele,candidat,,nu,,
GH-06716,Cum contabilizez comisionul de acordare a unui credit?,altele,candidat,,nu,,
GH-06717,Cum contabilizez comisionul de rambursare anticipată?,altele,publicat,,nu,contabilizez-comisionul-rambursare-anticipata,
GH-06718,Cum contabilizez un credit bancar în valută?,casierie,publicat,,nu,contabilizez-credit-bancar-valuta,
GH-06719,Cum reevaluez la sfârșitul lunii un credit în valută?,casierie,publicat,,nu,reevaluez-sfarsitul-lunii-credit-valuta,
GH-06720,Cum contabilizez diferențele de curs la un credit în euro?,greseli,publicat,,nu,contabilizez-diferentele-curs-credit-euro,
GH-06721,Cum înregistrez o poprire bancară în contabilitate?,altele,publicat,,nu,inregistrez-poprire-bancara-contabilitate,
GH-06722,Ce fac contabil dacă ANAF pune poprire pe contul firmei?,altele,candidat,,nu,,
GH-06723,Cum contabilizez suma retrasă de bancă în baza unei popriri?,altele,candidat,,nu,,
GH-06724,Cum verific dacă plata făcută prin poprire a stins obligația fiscală?,altele,publicat,,nu,verific-plata-facuta-poprire-stins,
GH-06725,Cum înregistrez comisionul bancar aferent unei popriri?,altele,publicat,,nu,inregistrez-comisionul-bancar-aferent-popriri,
GH-06726,Cum contabilizez blocarea unei sume în contul bancar?,casierie,publicat,,nu,contabilizez-blocarea-sume-contul-bancar,
GH-06727,Cum tratez contabil un cont bancar indisponibilizat?,casierie,publicat,,nu,tratez-contabil-cont-bancar-indisponibilizat,
GH-06728,Cum contabilizez o garanție bancară constituită în numerar?,casierie,publicat,,nu,contabilizez-garantie-bancara-constituita-numerar,
GH-06729,Cum înregistrez un depozit colateral la bancă?,altele,candidat,,nu,,
GH-06730,Cum contabilizez un depozit bancar pe termen scurt?,control_fiscal,publicat,,nu,contabilizez-depozit-bancar-termen-scurt,
GH-06731,Cum contabilizez dobânda unui depozit bancar?,altele,candidat,,nu,,
GH-06732,Când un depozit bancar poate fi considerat echivalent de numerar?,casierie,publicat,,nu,depozit-bancar-considerat-echivalent-numerar,
GH-06733,Cum contabilizez lichidarea unui depozit bancar?,infiintare,asemanator,,nu,,contabilizezi-lichidarea-depozit-bancar
GH-06734,Cum se înregistrează un cont bancar nou deschis de firmă?,casierie,asemanator,,nu,,contabilizare-extras-cont-bancar
GH-06735,Trebuie declarat la ANAF un cont bancar nou al societății?,casierie,publicat,,nu,declarat-anaf-cont-bancar-nou,
GH-06736,Cum închid contabil un cont bancar care nu mai este folosit?,casierie,candidat,,nu,,
GH-06737,Ce fac cu diferențele rămase în contabilitate după închiderea unui cont bancar?,casierie,publicat,,nu,diferentele-ramase-contabilitate-inchiderea-cont,
GH-06738,Cum se ține evidența dacă firma are conturi la mai multe bănci?,altele,publicat,,nu,evidenta-firma-conturi-multe-banci,
GH-06739,Trebuie cont analitic separat pentru fiecare cont bancar?,casierie,asemanator,,nu,,cont-analitic-separat-fiecare-cont
GH-06740,Cum organizez analiticele contului 5121 pentru mai multe bănci?,altele,candidat,,nu,,
GH-06741,Cum contabilizez un cont Revolut Business în 2026?,altele,candidat,,nu,,
GH-06742,Cum contabilizez un cont Wise Business?,altele,candidat,,nu,,
GH-06743,Cum contabilizez transferurile dintre banca românească și Revolut Business?,altele,candidat,,nu,,
GH-06744,Cum contabilizez transferurile dintre Wise și contul bancar al firmei?,casierie,candidat,,nu,,
GH-06745,Cum contabilizez comisioanele Revolut Business?,altele,candidat,,nu,,
GH-06746,Cum contabilizez comisioanele Wise?,altele,publicat,,nu,contabilizez-comisioanele-wise,
GH-06747,Cum contabilizez schimbul valutar făcut în Revolut Business?,casierie,publicat,,nu,contabilizez-schimbul-valutar-revolut-business,
GH-06748,Cum contabilizez schimbul valutar făcut în Wise?,casierie,publicat,,nu,contabilizez-schimbul-valutar-wise,
GH-06749,Ce document folosesc pentru înregistrarea tranzacțiilor dintr-un cont fintech?,altele,publicat,,nu,document-folosesc-inregistrarea-tranzactiilor-dintr,
GH-06750,Extrasul Revolut este suficient ca document pentru contabilitate?,altele,publicat,,nu,extrasul-revolut-suficient-document-contabilitate,
GH-06751,Cum reconciliez soldul Revolut cu balanța?,altele,asemanator,,nu,,reconciliez-soldul-wise-balanta
GH-06752,Cum reconciliez soldul Wise cu balanța?,altele,publicat,,nu,reconciliez-soldul-wise-balanta,
GH-06753,Cum înregistrez un cont PayPal în contabilitate?,altele,candidat,,nu,,
GH-06754,Cum contabilizez soldul PayPal la sfârșitul lunii?,altele,candidat,,nu,,
GH-06755,Cum înregistrez transferul banilor din PayPal în bancă?,altele,publicat,,nu,inregistrez-transferul-banilor-paypal-banca,
GH-06756,Cum contabilizez comisionul reținut de PayPal?,altele,publicat,,nu,contabilizez-comisionul-retinut-paypal,
GH-06757,Cum înregistrez un cont Stripe în contabilitate?,industrii,candidat,,nu,,
GH-06758,Cum contabilizez sumele în tranzit dintre Stripe și bancă?,industrii,candidat,,nu,,
GH-06759,Cum reconciliez facturile cu încasările Stripe?,industrii,candidat,,nu,,
GH-06760,Cum contabilizez taxele reținute de Stripe înainte de virarea banilor?,industrii,publicat,,nu,contabilizez-taxele-retinute-stripe-inainte,
GH-06761,Cum tratez diferențele dintre suma facturată și suma virată de procesator?,greseli,publicat,,nu,tratez-diferentele-dintre-suma-facturata,
GH-06762,Cum contabilizez un chargeback bancar?,altele,publicat,,nu,contabilizez-chargeback-bancar,
GH-06763,Cum contabilizez un chargeback Stripe?,industrii,asemanator,,nu,,contabilizez-chargeback-bancar
GH-06764,Cum contabilizez restituirea banilor pe cardul clientului?,altele,publicat,,nu,contabilizez-restituirea-banilor-cardul-clientului,
GH-06765,Cum contabilizez refund-ul unei plăți online?,altele,candidat,,nu,,
GH-06766,Cum reconciliez încasările cu cardul cu extrasul bancar?,casierie,publicat,,nu,reconciliez-incasarile-cardul-extrasul-bancar,
GH-06767,Cum contabilizez încasările prin POS?,altele,publicat,,nu,contabilizez-incasarile-pos,
GH-06768,Cum contabilizez comisionul POS reținut de bancă?,altele,asemanator,,nu,,contabilizez-comisionul-retinut-paypal
GH-06769,Cum verific raportul POS cu extrasul de cont?,altele,publicat,,nu,cum-verific-raportul-pos-cu-extrasul-de-cont,
GH-06770,Ce fac dacă încasările POS apar în bancă după două zile?,altele,candidat,,nu,,
GH-06771,Cum înregistrez încasările POS aflate în curs de decontare la sfârșitul lunii?,altele,candidat,,nu,,
GH-06772,Cum contabilizez bacșișul plătit cu cardul?,altele,publicat,,nu,contabilizez-bacsisul-platit-cardul,
GH-06773,Cum contabilizez o plată făcută cu cardul firmei?,altele,candidat,,nu,,
GH-06774,Ce documente trebuie să am pentru o achiziție plătită cu cardul firmei?,altele,candidat,,nu,,
GH-06775,Ce fac dacă administratorul plătește o cheltuială personală cu cardul firmei?,infiintare,asemanator,,nu,,administratorul-plateste-cheltuiala-personala-cardul
GH-06776,Cum recuperez contabil o plată personală făcută din contul societății?,altele,publicat,,nu,recuperez-contabil-plata-personala-facuta,
GH-06777,Cum înregistrez banii restituiți firmei după o plată personală făcută din greșeală?,greseli,candidat,,nu,,
GH-06778,Poate asociatul folosi cardul firmei pentru cheltuieli personale?,infiintare,candidat,,nu,,
GH-06779,Cum tratează contabilitatea retragerile personale ale asociatului din contul firmei?,infiintare,publicat,,nu,trateaza-contabilitatea-retragerile-personale-asociatului,
GH-06780,Poate administratorul retrage numerar din cont fără document justificativ?,casierie,candidat,,nu,,
GH-06781,Cum justific o retragere de numerar făcută cu cardul firmei?,casierie,candidat,,nu,,
GH-06782,Cum înregistrez retragerea de numerar de la ATM cu cardul societății?,casierie,candidat,,nu,,
GH-06783,Cum înregistrez avansul spre decontare virat pe cardul angajatului?,altele,publicat,,nu,inregistrez-avansul-spre-decontare-virat,
GH-06784,Cum se contabilizează avansurile de trezorerie acordate prin card?,altele,candidat,,nu,,
GH-06785,Ce termen are angajatul pentru decontarea unui avans de trezorerie?,control_fiscal,candidat,,nu,,
GH-06786,Ce fac dacă angajatul nu justifică avansul primit?,altele,candidat,,nu,,
GH-06787,Cum corectez un avans spre decontare rămas deschis din anul trecut?,greseli,publicat,,nu,corectez-avans-spre-decontare-ramas,
GH-06788,Cum înregistrez restituirea avansului neutilizat în casierie?,casierie,candidat,,nu,,
GH-06789,Cum înregistrez restituirea avansului neutilizat direct în bancă?,altele,candidat,,nu,,
GH-06790,Cum contabilizez o cheltuială mai mare decât avansul primit de angajat?,altele,candidat,,nu,,
GH-06791,Cum rambursez angajatului cheltuielile plătite din bani personali?,altele,candidat,,nu,,
GH-06792,Cum contabilizez cumpărăturile făcute de administrator din bani personali pentru firmă?,infiintare,candidat,,nu,,
GH-06793,Cum înregistrez decontul administratorului fără avans acordat anterior?,infiintare,publicat,,nu,inregistrez-decontul-administratorului-avans-acordat,
GH-06794,Ce documente trebuie anexate la decontul de cheltuieli?,altele,publicat,,nu,documente-anexate-decontul-cheltuieli,
GH-06795,Cum tratez un bon fiscal plătit cu cardul personal al administratorului?,infiintare,candidat,,nu,,
GH-06796,Cum tratez un bon fiscal plătit cu cardul firmei?,altele,candidat,,nu,,
GH-06797,Cum contabilizez o factură achitată de salariat din bani proprii?,salarizare,publicat,,nu,contabilizez-factura-achitata-salariat-bani,
GH-06798,Cum se tratează avansurile de trezorerie în valută?,casierie,asemanator,,nu,,avansurile-trezorerie-valuta-trateaza-diferentele
GH-06799,Ce curs valutar folosesc la decontarea unui avans în euro?,casierie,publicat,,nu,curs-valutar-folosesc-decontarea-avans,
GH-06800,Cum contabilizez diferențele de curs la avansurile în valută?,casierie,publicat,,nu,contabilizez-diferentele-curs-avansurile-valuta,
GH-06801,Cum înregistrez numerarul în euro din casieria firmei?,casierie,candidat,,nu,,
GH-06802,Pot avea casierie în lei și casierie în euro?,casierie,candidat,,nu,,
GH-06803,Trebuie registru de casă separat pentru fiecare valută?,casierie,publicat,,nu,registru-casa-separat-fiecare-valuta,
GH-06804,Cum se reevaluează soldul casei în valută la sfârșitul lunii?,casierie,candidat,,nu,,
GH-06805,Ce curs BNR folosesc pentru reevaluarea disponibilităților în valută?,casierie,publicat,,nu,curs-bnr-folosesc-reevaluarea-disponibilitatilor,
GH-06806,Cum contabilizez diferențele favorabile de curs din conturile bancare?,casierie,candidat,,nu,,
GH-06807,Cum contabilizez diferențele nefavorabile de curs din casierie?,casierie,candidat,,nu,,
GH-06808,Cum verific diferențele de curs generate de conturile bancare?,casierie,candidat,,nu,,
GH-06809,Cum corectez o reevaluare valutară calculată greșit?,casierie,publicat,,nu,corectez-reevaluare-valutara-calculata-gresit,
GH-06810,Cum înregistrez schimbul valutar făcut prin bancă?,casierie,asemanator,,nu,,inregistreaza-schimbul-valutar-banca
GH-06811,Cum contabilizez diferența dintre cursul băncii și cursul BNR?,greseli,publicat,,nu,contabilizez-diferenta-dintre-cursul-bancii,
GH-06812,Cum înregistrez cumpărarea de euro din contul în lei?,altele,publicat,,nu,inregistrez-cumpararea-euro-contul-lei,
GH-06813,Cum înregistrez vânzarea valutei către bancă?,casierie,candidat,,nu,,
GH-06814,Cum contabilizez plata unei facturi în euro dintr-un cont în lei?,altele,publicat,,nu,contabilizez-plata-facturi-euro-dintr,
GH-06815,Cum contabilizez încasarea unei facturi în valută?,casierie,publicat,,nu,contabilizez-incasarea-facturi-valuta,
GH-06816,Cum înregistrez diferența de curs dintre factură și încasare?,greseli,publicat,,nu,inregistrez-diferenta-curs-dintre-factura,
GH-06817,Cum înregistrez diferența de curs dintre factură și plată?,greseli,asemanator,,nu,,inregistrez-diferenta-curs-dintre-factura
GH-06818,Cum contabilizez o plată bancară făcută în avans către furnizor extern?,altele,candidat,,nu,,
GH-06819,Cum contabilizez un avans primit în valută de la client?,casierie,candidat,,nu,,
GH-06820,Cum se tratează diferențele de curs la regularizarea avansurilor în valută?,casierie,publicat,,nu,cum-se-trateaza-diferentele-de-curs-la-regularizarea-avansurilor-in-valuta,
GH-06821,Cum înregistrez o plată către ANAF prin internet banking?,altele,candidat,,nu,,
GH-06822,Cum verific dacă plata taxelor a ajuns în contul corect la Trezorerie?,altele,candidat,,nu,,
GH-06823,Ce fac dacă am plătit impozitul într-un IBAN greșit?,greseli,publicat,,nu,platit-impozitul-iban-gresit,
GH-06824,Cum corectez o plată făcută către bugetul greșit?,greseli,candidat,,nu,,
GH-06825,Cum contabilizez o taxă plătită de două ori la ANAF?,altele,candidat,,nu,,
GH-06826,Cum înregistrez restituirea unei sume de la ANAF în contul firmei?,altele,publicat,,nu,inregistrez-restituirea-sume-anaf-contul,
GH-06827,Cum contabilizez compensarea unei obligații fiscale cu o sumă de restituit?,altele,candidat,,nu,,
GH-06828,Cum verific dacă plata din bancă corespunde cu obligația din SPV?,spv,publicat,,nu,verific-plata-banca-corespunde-obligatia,
GH-06829,Cum reconciliez plățile către buget cu fișa pe plătitor?,altele,publicat,,nu,reconciliez-platile-buget-fisa-platitor,
GH-06830,"Ce fac dacă plata apare în extrasul bancar, dar nu apare stinsă în fișa pe plătitor?",casierie,publicat,,nu,plata-apare-extrasul-bancar-dar,
GH-06831,Casierie și bancă 2026: reguli noi de numerar care intră în vigoare,casierie,candidat,,nu,,
GH-06832,Cum se aplică noile restricții de numerar din 2026,casierie,candidat,,nu,,
GH-06833,Plafonul de numerar între persoane juridice 2026: valoare actualizată,casierie,candidat,,nu,,
GH-06834,Restricțiile de numerar la încasările de la persoane fizice 2026,casierie,publicat,,nu,restrictiile-numerar-incasarile-persoane-fizice,
GH-06835,Cum afectează legea numerarului din 2026 firmele mari,casierie,publicat,,nu,afecteaza-legea-numerarului-2026-firmele,
GH-06836,Tranzacții cu numerar interzise în 2026: lista completă,casierie,candidat,,nu,,
GH-06837,Cum dovedesc că o plată în numerar e în legalitate 2026,casierie,candidat,,nu,,
GH-06838,Sancțiuni noi pentru încălcarea plafonului de numerar în 2026,casierie,candidat,,nu,,
GH-06839,Cum se împarte plata în numerar legal sub plafonul 2026,casierie,candidat,,nu,,
GH-06840,Numerarul între firme afiliate 2026: ce este interzis,casierie,publicat,,nu,numerarul-firme-afiliate-2026-interzis,
GH-06841,Restricțiile de cash la tranzacțiile imobiliare 2026,casierie,publicat,,nu,restrictiile-cash-tranzactiile-imobiliare-2026,
GH-06842,Cum se aplică noul plafon de numerar la plățile de salarii,salarizare,candidat,,nu,,
GH-06843,Numerar la plata dividendelor 2026: limite,declaratii_speciale,candidat,,nu,,
GH-06844,Cum plătesc dividende mari fără a încălca plafonul de numerar,declaratii_speciale,candidat,,nu,,
GH-06845,Plata chiriei cu numerar 2026: se mai poate,casierie,candidat,,nu,,
GH-06846,Cum încasez de la clienți mari fără a depăși plafonul 2026,altele,candidat,,nu,,
GH-06847,Numerar de la asociați 2026: restricții noi,casierie,publicat,,nu,numerar-asociati-2026-restrictii-noi,
GH-06848,Împrumuturile în numerar între persoane 2026: plafon,casierie,publicat,,nu,imprumuturile-numerar-persoane-2026-plafon,
GH-06849,Cum funcționează splitarea plăților pentru evitarea plafonului,altele,candidat,,nu,,
GH-06850,Riscurile splitării plăților de numerar 2026,casierie,publicat,,nu,riscurile-splitarii-platilor-numerar-2026,
GH-06851,Amplitudinea plafonului pe o zi la numerar 2026,casierie,candidat,,nu,,
GH-06852,Cum se calculează plafonul zilnic de numerar 2026,casierie,asemanator,,nu,,plafonul-sponsorizare-2026-calculeaza
GH-06853,Numerar pe persoană vs pe tranzacție 2026: cum se interpretează,casierie,candidat,,nu,,
GH-06854,Cum se aplică plafonul de cash la un termen scurt de facturare 2026,casierie,candidat,,nu,,
GH-06855,Numerar restricționat la plățile către stat 2026,casierie,asemanator,,nu,,numerar-restrictionat-platile-stat-2026
GH-06856,Cum plătesc taxe la ANAF în numerar 2026: dacă se mai poate,casierie,candidat,,nu,,
GH-06857,Numerar la achiziții de la persoane fizice 2026: ce e permis,casierie,candidat,,nu,,
GH-06858,Achiziții cash de la producători agricoli 2026: reguli,casierie,candidat,,nu,,
GH-06859,Cum se înregistrează numerarul la o cooperativă 2026,casierie,candidat,,nu,,
GH-06860,Numerar la PAS-ul agricol 2026: obligații,casierie,asemanator,,nu,,numerar-pfa-ul-agricol-2026
GH-06861,Casieria la PFA după noile reguli 2026,pfa,candidat,,nu,,
GH-06862,Cum ține registrul de casă un PFA în 2026,pfa,asemanator,,nu,,pfa-evidenta-numerarului-registrul-casa
GH-06863,II cu vânzări cash: noile obligații 2026,pfa,candidat,,nu,,
GH-06864,Casierie la întreprinderea familială 2026: se aplică,pfa,publicat,,nu,casierie-intreprinderea-familiala-2026-aplica,
GH-06865,Numerar la o SA 2026: restricții specifice,casierie,asemanator,,nu,,numerar-2026-restrictii-specifice
GH-06866,Casierie la micro cu numerar 2026,casierie,publicat,,nu,casierie-micro-numerar-2026,
GH-06867,Firma micro scutită de TVA cu numerar 2026,tva,candidat,,nu,,
GH-06868,Cum monitorez plafonul de numerar prin program,casierie,candidat,,nu,,
GH-06869,Alerte pentru depășirea plafonului de numerar 2026,casierie,publicat,,nu,alerte-depasirea-plafonului-numerar-2026,
GH-06870,Software pentru gestiunea numerarului 2026,stocuri,publicat,,nu,software-gestiunea-numerarului-2026,
GH-06871,Cum configurez casa de marcat pentru noile reguli 2026,altele,publicat,,nu,configurez-casa-marcat-noile-reguli,
GH-06872,Jurnalul de evenimente al casei de marcat 2026,altele,publicat,,nu,jurnalul-evenimente-casei-marcat-2026,
GH-06873,Cum tratez datele din jurnalul electronic al casei 2026,altele,publicat,,nu,tratez-datele-jurnalul-electronic-casei,
GH-06874,Raportul Z corelat cu plafonul de numerar 2026,casierie,publicat,,nu,raportul-z-corelat-plafonul-numerar-2026 (+1 dubluri),
GH-06875,Cum împac casa de marcat cu numerarul încasat 2026,casierie,publicat,,nu,impac-casa-marcat-numerarul-incasat,
GH-06876,Diferențe la casa de marcat și plafonul de numerar 2026,casierie,publicat,,nu,diferente-casa-marcat-plafonul-numerar,
GH-06877,Cum se închide tura la casierie 2026,casierie,publicat,,nu,inchide-tura-casierie-2026,
GH-06878,Predarea numerarului între ture 2026: documente,casierie,publicat,,nu,predarea-numerarului-ture-2026-documente,
GH-06879,Cum se documentează schimbul de ture la casierie 2026,casierie,publicat,,nu,documenteaza-schimbul-ture-casierie-2026,
GH-06880,Casieria la punctele mobile 2026: obligații,casierie,publicat,,nu,casieria-punctele-mobile-2026-obligatii,
GH-06881,Collectarea numerarului de la puncte de lucru 2026,casierie,candidat,,nu,,
GH-06882,Companii de cash-in-transit 2026: TVA și deductibilitate,tva,candidat,,nu,,
GH-06883,Cum se predă numerarul la firma de transport valori 2026,casierie,publicat,,nu,preda-numerarul-firma-transport-valori,
GH-06884,Asigurarea numerarului 2026: tratament fiscal,casierie,candidat,,nu,,
GH-06885,Costul asigurării casieriei 2026: deductibilitate,casierie,publicat,,nu,costul-asigurarii-casieriei-2026-deductibilitate,
GH-06886,Banca 2026: obligația de raportare a tranzacțiilor suspecte,altele,asemanator,,nu,,obligatia-raportare-tranzactiilor-semnificative
GH-06887,Cum raportează banca tranzacțiile mari 2026,altele,candidat,,nu,,
GH-06888,Tranzacții cu numerar raportate automat 2026,casierie,candidat,,nu,,
GH-06889,Pragul de raportare a tranzacțiilor bancare 2026,altele,candidat,,nu,,
GH-06890,Cum se tratează tranzacțiile peste prag la firme 2026,altele,candidat,,nu,,
GH-06891,Numerar peste prag: ce verifică banca,casierie,publicat,,nu,numerar-prag-verifica-banca,
GH-06892,Cum justific o tranzacție mare la bancă 2026,altele,publicat,,nu,justific-tranzactie-mare-banca-2026,
GH-06893,Blocarea contului pentru activitate suspectă 2026,altele,candidat,,nu,,
GH-06894,Cum deblochez contul blocat pentru suspiciune 2026,altele,candidat,,nu,,
GH-06895,SPV-ul bancar vs SPV-ul ANAF: diferențe 2026,spv,publicat,,nu,spv-ul-bancar-vs-spv,
GH-06896,KYC bancar actualizat 2026: ce documente cere banca,altele,candidat,,nu,,
GH-06897,Beneficiarul real la deschiderea contului 2026,altele,publicat,,nu,beneficiarul-real-deschiderea-contului-2026,
GH-06898,Cum declar beneficiarul real la bancă 2026,altele,candidat,,nu,,
GH-06899,Actualizarea datelor firmei la bancă 2026,altele,publicat,,nu,actualizarea-datelor-firmei-banca-2026,
GH-06900,Cum se schimbă semnăturile la contul bancar 2026,casierie,candidat,,nu,,
GH-06901,Împuterniciți pe cont: cum se adaugă 2026,altele,candidat,,nu,,
GH-06902,Limitarea accesului la cont pentru angajați 2026,altele,publicat,,nu,limitarea-accesului-cont-angajati-2026,
GH-06903,Cum se configurează plățile în doi pași 2026,altele,candidat,,nu,,
GH-06904,Autorizarea plăților mari în bancă 2026,altele,candidat,,nu,,
GH-06905,Cum se transferă bani între firme proprii 2026,altele,asemanator,,nu,,transfera-bani-firme-proprii-2026
GH-06906,Cont de trezorerie vs cont comercial 2026: când e obligatoriu,altele,candidat,,nu,,
GH-06907,Cont unic de trezorerie: obligații 2026,altele,publicat,,nu,cont-unic-trezorerie-obligatii-2026,
GH-06908,Cum se fac plăți către buget din contul de trezorerie 2026,altele,candidat,,nu,,
GH-06909,Blocaj tehnic banking 2026: cum procedez urgent,altele,candidat,,nu,,
GH-06910,Fallback la plăți când internet banking cade 2026,altele,candidat,,nu,,
GH-06911,Cum se programează plăți automate către furnizori 2026,altele,publicat,,nu,programeaza-plati-automate-furnizori-2026,
GH-06912,Direct debit pentru utilități 2026: tratament contabil,altele,publicat,,nu,direct-debit-utilitati-2026-tratament,
GH-06913,Debitarea automată greșită 2026: recuperare sume,greseli,publicat,,nu,debitarea-automata-gresita-2026-recuperare,
GH-06914,Cum contest o tranzacție neautorizată la bancă 2026,altele,publicat,,nu,contest-tranzactie-neautorizata-banca,
GH-06915,Termenul de reclamare la bancă a unei fraude 2026,control_fiscal,candidat,,nu,,
GH-06916,Chargeback la plățile cu card 2026: cum funcționează,altele,candidat,,nu,,
GH-06917,Reversarea unei plăți prin card 2026: contabilitate,altele,candidat,,nu,,
GH-06918,Cum se înregistrează un chargeback la firmă 2026,altele,candidat,,nu,,
GH-06919,Fraudă prin inginerie socială 2026: cum mă feresc,altele,candidat,,nu,,
GH-06920,Verificarea IBAN-ului înainte de plată 2026,altele,publicat,,nu,verificarea-iban-ului-inainte-plata,
GH-06921,Fraudă cu facturi false de la furnizori 2026,altele,publicat,,nu,frauda-facturi-false-furnizori-2026,
GH-06922,Cum validez un furnizor nou înainte de plată 2026,altele,candidat,,nu,,
GH-06923,Plata către un CUI inactiv 2026: riscuri,altele,publicat,,nu,plata-cui-inactiv-2026-riscuri,
GH-06924,Conturile firmei în străinătate 2026: declarare,altele,candidat,,nu,,
GH-06925,Raportarea conturilor externe la ANAF 2026,altele,candidat,,nu,,
GH-06926,Obligațiile firmei cu cont în alt stat 2026,altele,publicat,,nu,obligatiile-firmei-cont-alt-stat,
GH-06927,Transferul de numerar între firme pe același grup 2026,casierie,candidat,,nu,,
GH-06928,Politici interne de numerar 2026: cum le scriu,casierie,candidat,,nu,,
GH-06929,Procedura internă de autorizare a plăților 2026,altele,candidat,,nu,,
GH-06930,Segregarea atribuțiilor în casierie 2026,casierie,candidat,,nu,,
GH-06931,Controlul intern al numerarului: cum îl organizez,casierie,publicat,,nu,controlul-intern-numerarului-organizez,
GH-06932,Auditul intern al casieriei 2026: procedura,casierie,candidat,,nu,,
GH-06933,Reconcilierea de casierie 2026: cum se face,casierie,candidat,,nu,,
GH-06934,Diferențe de inventar la numerar 2026: cauze,casierie,publicat,,nu,diferente-inventar-numerar-2026-cauze,
GH-06935,Cum se înregistrează un minus de casierie 2026,casierie,publicat,,nu,inregistreaza-minus-casierie,
GH-06936,Plusul de casierie 2026: tratament fiscal,casierie,candidat,,nu,,
GH-06937,Recuperarea lipsurilor de la casier 2026,altele,candidat,,nu,,
GH-06938,Limitele răspunderii casierului 2026,altele,candidat,,nu,,
GH-06939,Asigurarea de fidelitate pentru casieri 2026,casierie,candidat,,nu,,
GH-06940,Cum se organizează casieria fără casier angajat 2026,casierie,publicat,,nu,organizeaza-casieria-casier-angajat-2026,
GH-06941,Casieria la firma cu un singur angajat 2026,casierie,candidat,,nu,,
GH-06942,Administrator casier: conflicte de rol 2026,infiintare,candidat,,nu,,
GH-06943,Cum evit amestecul banilor personali cu ai firmei 2026,altele,candidat,,nu,,
GH-06944,Contabilitatea banilor personali ai asociatului 2026,infiintare,publicat,,nu,contabilitatea-banilor-personali-asociatului-2026,
GH-06945,Împrumuturi de la firmă către asociat 2026: limite,infiintare,publicat,,nu,imprumuturi-firma-asociat-2026-limite,
GH-06946,Retrageri cash de către asociat 2026: tratament,casierie,publicat,,nu,retrageri-cash-asociat-2026-tratament,
GH-06947,Decontarea cash a cheltuielilor personale 2026,casierie,candidat,,nu,,
GH-06948,Avansuri către salariați 2026: plafoane,salarizare,candidat,,nu,,
GH-06949,Cum se acordă un avans de trezorerie 2026,altele,candidat,,nu,,
GH-06950,Justificarea avansurilor de trezorerie 2026: termen,control_fiscal,candidat,,nu,,
GH-06951,Nejustificarea avansurilor 2026: impozit și contribuții,altele,candidat,,nu,,
GH-06952,Cash-back comercial 2026: tratament fiscal,casierie,publicat,,nu,cash-back-comercial-2026-tratament,
GH-06953,Cum se tratează voucherele de masă în casierie 2026,casierie,candidat,,nu,,
GH-06954,Tichetele de masă și plafonul de numerar 2026,casierie,publicat,,nu,tichetele-masa-plafonul-numerar-2026,
GH-06955,Voucherele de vacanță emise electronic 2026,altele,candidat,,nu,,
GH-06956,Cum se decontează voucherele primite de firmă 2026,altele,publicat,,nu,deconteaza-voucherele-primite-firma-2026,
GH-06957,Bonurile de valoare: evidență și numerar 2026,casierie,publicat,,nu,bonurile-valoare-evidenta-numerar-2026,
GH-06958,Cum se ține evidența tichetelor în casierie 2026,casierie,publicat,,nu,cum-se-tine-evidenta-tichetelor-in-casierie-2026,
GH-06959,Casieria în valută 2026: curs și înregistrare,casierie,asemanator,,nu,,casierie-valuta-curs-inregistrare
GH-06960,Cum se schimbă valută la casierie 2026,casierie,candidat,,nu,,
GH-06961,Diferențele de curs la casieria în valută 2026,casierie,publicat,,nu,diferentele-curs-casieria-valuta-2026,
GH-06962,Numerar în valută: plafon special 2026,casierie,candidat,,nu,,
GH-06963,Cum se depune valută la bancă 2026,casierie,candidat,,nu,,
GH-06964,Comisioane la schimbul valutar 2026: TVA,tva,publicat,,nu,comisioane-schimbul-valutar-2026-tva,
GH-06965,Încasări prin procesatori de plăți 2026: evidență,altele,candidat,,nu,,
GH-06966,Comisioanele procesatorilor 2026: deductibilitate,altele,candidat,,nu,,
GH-06967,Dispute cu procesatorul de plăți 2026: recuperare,altele,publicat,,nu,dispute-procesatorul-plati-2026-recuperare,
GH-06968,Cum reconcilez vânzările online cu încasările 2026,altele,candidat,,nu,,
GH-06969,Retururi și refulări online 2026: impact pe casierie,casierie,publicat,,nu,retururi-refulari-online-2026-impact,
GH-06970,Curierii și numerarul la ramburs 2026: tratament,casierie,candidat,,nu,,
GH-06971,Cum se înregistrează ramburs-urile 2026,altele,candidat,,nu,,
GH-06972,Comisionul curierului pentru ramburs 2026: TVA,tva,candidat,,nu,,
GH-06973,Cum se face încasarea prin curier din punct de vedere contabil 2026,altele,publicat,,nu,incasarea-curier-punct-vedere-contabil,
GH-06974,Numerarul la firmele de curierat 2026: obligații,casierie,asemanator,,nu,,numerarul-firmele-curierat-2026-obligatii
GH-06975,Cash la punctele PoS ale partenerilor 2026,casierie,candidat,,nu,,
GH-06976,Firmele cu puncte de încasare cash 2026: reguli,casierie,publicat,,nu,firmele-puncte-incasare-cash-2026,
GH-06977,Terminalele de plată self-service 2026: înregistrare,altele,publicat,,nu,terminalele-plata-self-service-2026,
GH-06978,Încasări prin automate de plată 2026: TVA,tva,candidat,,nu,,
GH-06979,Numerar la automatul de cafea/parking 2026,casierie,candidat,,nu,,
GH-06980,Cum se înregistrează încasările din automate 2026,altele,candidat,,nu,,
GH-06981,Cash la târguri și evenimente 2026: casierie,casierie,publicat,,nu,cash-targuri-evenimente-2026-casierie,
GH-06982,Vânzări la domiciliu cu numerar 2026: documente,casierie,candidat,,nu,,
GH-06983,Vânzările la piață 2026: obligații de casierie,casierie,publicat,,nu,vanzarile-piata-2026-obligatii-casierie,
GH-06984,Cum se justifică numerarul la vânzările ambulante 2026,casierie,candidat,,nu,,
GH-06985,Casieria la chioșc și tonetă 2026,casierie,publicat,,nu,casieria-chiosc-toneta-2026,
GH-06986,Numerar la service auto 2026: evidență,casierie,publicat,,nu,numerar-service-auto-2026-evidenta,
GH-06987,Cum se ține casa la farmacie 2026,altele,candidat,,nu,,
GH-06988,Numerar la cabinete medicale private 2026,casierie,candidat,,nu,,
GH-06989,Încasare cash la avocat/notar 2026: obligații,casierie,publicat,,nu,incasare-cash-avocat-notar-2026,
GH-06990,Cum se înregistrează onorariile încasate cash 2026,casierie,publicat,,nu,inregistreaza-onorariile-incasate-cash-2026,
GH-06991,Numerar la un cabinet de contabilitate 2026,casierie,publicat,,nu,numerar-cabinet-contabilitate-2026,
GH-06992,Cum se tratează încasările cash la o firmă de consultanță 2026,casierie,candidat,,nu,,
GH-06993,Plata în numerar a furnizorilor mici 2026: riscuri,casierie,candidat,,nu,,
GH-06994,Achiziții de la piețe și târguri 2026: documente,altele,asemanator,,nu,,achizitii-piete-targuri-2026-documente
GH-06995,Cum se justifică o plată cash fără bon 2026,casierie,asemanator,,nu,,justifica-plata-cash-bon-2026
GH-06996,Bonul de casă intern 2026: când se folosește,altele,candidat,,nu,,
GH-06997,Dispoziția de încasare/plată 2026: modele,altele,publicat,,nu,dispozitia-incasare-plata-2026-modele,
GH-06998,Cum se semnează documentele de casierie electronic 2026,casierie,asemanator,,nu,,semneaza-documentele-casierie-electronic-2026
GH-06999,Arhivarea electronică a documentelor de casierie 2026,casierie,candidat,,nu,,
GH-07000,Cum se păstrează registrul de casă 2026: termen,casierie,candidat,,nu,,
GH-07001,Migrarea registrului de casă în format electronic 2026,altele,publicat,,nu,migrarea-registrului-casa-format-electronic,
GH-07002,Cum se exportă registrul de casă pentru control 2026,casierie,candidat,,nu,,
GH-07003,Raportul de casierie lunar 2026: ce cuprinde,casierie,candidat,,nu,,
GH-07004,Statistici de numerar pentru management 2026,casierie,publicat,,nu,statistici-numerar-management-2026,
GH-07005,Cum optimizez fluxul de numerar al firmei 2026,casierie,publicat,,nu,optimizez-fluxul-numerar-firmei-2026,
GH-07006,Planificarea încasărilor și plăților 2026,altele,publicat,,nu,planificarea-incasarilor-platilor-2026,
GH-07007,Gestionarea crizei de lichiditate 2026,altele,publicat,,nu,gestionarea-crizei-lichiditate-2026,
GH-07008,Cum negociez termenele de plată cu furnizorii 2026,control_fiscal,candidat,,nu,,
GH-07009,Factoring ca soluție de numerar 2026: tratament,casierie,candidat,,nu,,
GH-07010,Scontarea facturilor 2026: costuri și fiscalitate,altele,candidat,,nu,,
GH-07011,Linii de credit pentru acoperirea decalajului de cash 2026,casierie,publicat,,nu,linii-credit-acoperirea-decalajului-cash,
GH-07012,Overdraft vs linie de credit 2026: ce aleg,altele,publicat,,nu,overdraft-vs-linie-credit-2026,
GH-07013,Costurile bancare ale unei firme mici 2026: optimizare,altele,publicat,,nu,costurile-bancare-firme-mici-2026,
GH-07014,Cum reduc comisioanele bancare 2026,altele,candidat,,nu,,
GH-07015,Pachetele de cont pentru firme 2026: comparație,altele,candidat,,nu,,
GH-07016,Cum aleg banca potrivită pentru firma mea 2026,altele,publicat,,nu,aleg-banca-potrivita-firma-2026,
GH-07017,Bănci digitale pentru firme 2026: avantaje,altele,publicat,,nu,banci-digitale-firme-2026-avantaje,
GH-07018,Cont multivalutar 2026: utilitate,casierie,candidat,,nu,,
GH-07019,Cum evit dubla conversie valutară 2026,casierie,candidat,,nu,,
GH-07020,Numerar și banca la firma sezonieră 2026,casierie,candidat,,nu,,
GH-07021,Cum planific cash-ul pe sezon 2026,casierie,candidat,,nu,,
GH-07022,Casieria la firma cu vânzări fluctuante 2026,casierie,candidat,,nu,,
GH-07023,Provizioane pentru riscuri de casierie 2026,casierie,publicat,,nu,provizioane-riscuri-casierie-2026,
GH-07024,Asigurarea împotriva furtului de numerar 2026,casierie,publicat,,nu,asigurarea-impotriva-furtului-numerar-2026,
GH-07025,Cum se tratează o spargere la casierie 2026,casierie,asemanator,,nu,,trateaza-spargere-casierie-2026
GH-07026,Furt de numerar: recuperare și fiscalitate 2026,casierie,publicat,,nu,furt-numerar-recuperare-fiscalitate-2026,
GH-07027,Deturnarea de fonduri de către angajat 2026: pași,altele,candidat,,nu,,
GH-07028,Cum documentez un prejudiciu de casierie 2026,casierie,publicat,,nu,documentez-prejudiciu-casierie-2026,
GH-07029,Acțiunea în recuperarea prejudiciului 2026,altele,candidat,,nu,,
GH-07030,Noutăți legale casierie-bancă 2026: sinteză,casierie,publicat,,nu,noutati-legale-casierie-banca-2026,
GH-07031,Ce se schimbă la numerar în 2026 față de 2025,casierie,candidat,,nu,,
GH-07032,Ghidul complet al noilor reguli de numerar 2026,casierie,candidat,,nu,,
GH-07033,Cum mă conformez rapid noilor limite de numerar 2026,casierie,candidat,,nu,,
GH-07034,Impactul noilor reguli pe IMM-uri 2026,altele,candidat,,nu,,
GH-07035,Reacția pieței la noile restricții de numerar 2026,casierie,publicat,,nu,reactia-pietei-noile-restrictii-numerar,
GH-07036,Cum interpretează practicienii noile reguli de cash 2026,casierie,publicat,,nu,interpreteaza-practicienii-noile-reguli-cash,
GH-07037,Erori de înțelegere ale noilor reguli de numerar 2026,casierie,candidat,,nu,,
GH-07038,Confuzii frecvente despre plafonul de numerar 2026,casierie,publicat,,nu,confuzii-frecvente-plafonul-numerar-2026,
GH-07039,Interpretări diferite ale legii numerarului 2026,casierie,candidat,,nu,,
GH-07040,Clarificări oficiale privind numerarul 2026,casierie,candidat,,nu,,
GH-07041,Puncte de vedere ANAF despre numerar 2026,casierie,publicat,,nu,puncte-vedere-anaf-numerar-2026,
GH-07042,Cum se aplică legea numerarului la PFA 2026,pfa,asemanator,,nu,,aplica-legea-numerarului-pfa-2026
GH-07043,Noile reguli la încasările online 2026,altele,candidat,,nu,,
GH-07044,Numerarul în economie după 2026: tendințe,casierie,publicat,,nu,numerarul-economie-2026-tendinte,
GH-07045,Digitalizarea plăților și impactul pe casierie 2026,casierie,candidat,,nu,,
GH-07046,Rolul casieriei într-o firmă digitală 2026,casierie,candidat,,nu,,
GH-07047,Cum migrez complet la plăți digitale 2026,altele,candidat,,nu,,
GH-07048,Reducerea dependenței de numerar 2026: strategie,casierie,candidat,,nu,,
GH-07049,Cum conving clienții să plătească digital 2026,altele,asemanator,,nu,,convingi-clientii-plateasca-digital
GH-07050,Costurile ascunse ale numerarului 2026,casierie,candidat,,nu,,
GH-07051,Beneficii fiscale ale plăților digitale 2026,altele,candidat,,nu,,
GH-07052,Cum pregătesc firma pentru un viitor fără numerar 2026,casierie,candidat,,nu,,
GH-07053,Checklist de conformare casierie-bancă 2026,casierie,candidat,,nu,,
GH-07054,Checklist lunar pentru reconcilierea bancară 2026,altele,publicat,,nu,checklist-lunar-reconcilierea-bancara-2026,
GH-07055,Checklist pentru controalele de numerar 2026,casierie,candidat,,nu,,
GH-07056,Cele mai frecvente greșeli la casierie în 2026,casierie,candidat,,nu,,
GH-07057,Top riscuri bancare pentru firmele mici 2026,altele,publicat,,nu,top-riscuri-bancare-firmele-mici,
GH-07058,Cum evit penalitățile la plățile bancare 2026,altele,candidat,,nu,,
GH-07059,Ghid practic pentru casieri 2026,casierie,publicat,,nu,ghid-practic-casieri-2026,
GH-07060,Cum instruit un casier nou 2026,altele,publicat,,nu,instruit-casier-nou-2026,
GH-07061,Manual intern de proceduri de casierie 2026,casierie,publicat,,nu,manual-intern-proceduri-casierie-2026,
GH-07062,Cum se contabilizează taxa de serviciu inclusă automat pe nota de plată a unui restaurant?,industrii,publicat,,nu,contabilizeaza-taxa-serviciu-inclusa-automat,
GH-07063,Cum se înregistrează în contabilitate mesele oferite gratuit personalului unui hotel?,industrii,publicat,,nu,inregistreaza-contabilitate-mesele-oferite-gratuit,
GH-07064,Cum se contabilizează diferențele dintre consumul teoretic și consumul real într-o bucătărie?,greseli,publicat,,nu,contabilizeaza-diferentele-dintre-consumul-teoretic,
GH-07065,Cum se corectează gestiunea unui restaurant când rețetarul a fost introdus greșit?,stocuri,publicat,,nu,corecteaza-gestiunea-restaurant-retetarul-fost,
GH-07066,Cum se înregistrează transferul de alimente între două puncte de lucru ale aceluiași restaurant?,industrii,publicat,,nu,inregistreaza-transferul-alimente-doua-puncte,
GH-07067,Cum se contabilizează marfa transferată între restaurant și terasa sezonieră?,industrii,publicat,,nu,contabilizeaza-marfa-transferata-restaurant-terasa,
GH-07068,Cum se tratează fiscal produsele alimentare retrase din cauza temperaturii necorespunzătoare?,altele,publicat,,nu,trateaza-fiscal-produsele-alimentare-retrase,
GH-07069,Cum se justifică în contabilitate pierderile din prepararea alimentelor?,altele,publicat,,nu,justifica-contabilitate-pierderile-prepararea-alimentelor,
GH-07070,Cum se contabilizează ingredientele înlocuite într-o rețetă fără modificarea prețului de vânzare?,altele,publicat,,nu,contabilizeaza-ingredientele-inlocuite-reteta-modificarea,
GH-07071,Cum se corectează descărcarea de gestiune făcută greșit într-un restaurant?,stocuri,publicat,,nu,corecteaza-descarcarea-gestiune-facuta-gresit,
GH-07072,Cum se contabilizează diferența dintre gramajul din rețetar și cantitatea efectiv consumată?,greseli,publicat,,nu,contabilizeaza-diferenta-dintre-gramajul-retetar,
GH-07073,Cum se înregistrează băuturile oferite din partea casei într-un restaurant?,industrii,candidat,,nu,,
GH-07074,Cum se contabilizează produsele consumate pentru degustări într-un restaurant?,industrii,publicat,,nu,contabilizeaza-produsele-consumate-degustari-restaurant,
GH-07075,Cum se înregistrează mesele oferite gratuit influencerilor de către un restaurant?,industrii,publicat,,nu,inregistreaza-mesele-oferite-gratuit-influencerilor,
GH-07076,Cum se contabilizează un voucher de restaurant vândut și folosit într-o lună ulterioară?,industrii,publicat,,nu,contabilizeaza-voucher-restaurant-vandut-folosit,
GH-07077,Cum se tratează contabil un voucher de restaurant expirat și neutilizat?,industrii,publicat,,nu,trateaza-contabil-voucher-restaurant-expirat,
GH-07078,Cum se contabilizează avansul pentru organizarea unei nunți la restaurant?,industrii,publicat,,nu,cum-se-contabilizeaza-avansul-pentru-organizarea-unei-nunti-la-restaurant,
GH-07079,Cum se facturează diferența finală pentru un eveniment după avansurile deja încasate?,greseli,publicat,,nu,factureaza-diferenta-finala-eveniment-avansurile,
GH-07080,Cum se contabilizează garanția încasată pentru rezervarea unui eveniment la restaurant?,industrii,publicat,,nu,contabilizeaza-garantia-incasata-rezervarea-eveniment,
GH-07081,Cum se tratează fiscal garanția reținută după anularea unui eveniment?,altele,candidat,,nu,,
GH-07082,Cum se înregistrează în contabilitate taxa de dop percepută de un restaurant?,industrii,candidat,,nu,,
GH-07083,Cum se contabilizează serviciile de livrare prestate direct de restaurant?,industrii,publicat,,nu,contabilizeaza-serviciile-livrare-prestate-direct,
GH-07084,Cum se separă în contabilitate vânzările din restaurant de cele pentru livrare?,industrii,publicat,,nu,separa-contabilitate-vanzarile-restaurant-livrare,
GH-07085,Cum se corectează o încasare trecută cash în loc de card la restaurant?,casierie,candidat,,nu,,
GH-07086,Cum se contabilizează diferențele dintre raportul casei de marcat și terminalul POS?,greseli,publicat,,nu,contabilizeaza-diferentele-dintre-raportul-casei,
GH-07087,Cum se înregistrează sumele încasate prin mai multe terminale POS într-un hotel?,industrii,candidat,,nu,,
GH-07088,Cum se contabilizează tips-ul plătit cu cardul separat de nota de consum?,altele,publicat,,nu,contabilizeaza-tips-ul-platit-cardul,
GH-07089,Cum se tratează contabil bacșișul rămas nedistribuit la sfârșitul lunii?,altele,publicat,,nu,trateaza-contabil-bacsisul-ramas-nedistribuit,
GH-07090,Cum se înregistrează o consumație anulată după emiterea bonului fiscal?,altele,candidat,,nu,,
GH-07091,Cum se corectează un bon fiscal emis cu o cotă TVA greșită la restaurant?,tva,candidat,,nu,,
GH-07092,Cum se contabilizează minibarul din camerele unui hotel?,industrii,publicat,,nu,contabilizeaza-minibarul-camerele-hotel,
GH-07093,Cum se face descărcarea de gestiune pentru minibarul unui hotel?,stocuri,candidat,,nu,,
GH-07094,Cum se contabilizează produsele de protocol oferite gratuit în camera de hotel?,profit,publicat,,nu,contabilizeaza-produsele-protocol-oferite-gratuit,
GH-07095,Cum se înregistrează serviciile spa vândute împreună cu cazarea?,altele,candidat,,nu,,
GH-07096,Cum se contabilizează late check-out-ul facturat separat de cazare?,altele,publicat,,nu,contabilizeaza-late-check-out-ul,
GH-07097,Cum se contabilizează no-show-ul taxat de un hotel?,industrii,candidat,,nu,,
GH-07098,Cum se tratează contabil diferențele dintre rezervările din PMS și facturile emise?,greseli,publicat,,nu,trateaza-contabil-diferentele-dintre-rezervarile,
GH-07099,Cum se corectează o rezervare facturată de două ori într-un hotel?,industrii,publicat,,nu,corecteaza-rezervare-facturata-doua-ori,
GH-07100,Cum se contabilizează depozitul de garanție încasat de la clientul hotelului?,industrii,publicat,,nu,contabilizeaza-depozitul-garantie-incasat-clientul,
GH-07101,Cum se înregistrează pagubele recuperate de hotel de la un client?,industrii,candidat,,nu,,
GH-07102,Cum se contabilizează lenjeria și vesela cumpărate pentru un hotel?,industrii,publicat,,nu,contabilizeaza-lenjeria-vesela-cumparate-hotel,
GH-07103,Cum se tratează inventarul obiectelor din camerele unui hotel?,industrii,publicat,,nu,trateaza-inventarul-obiectelor-camerele-hotel,
GH-07104,Cum se contabilizează micul dejun inclus în preț când este prestat de altă firmă?,altele,asemanator,,nu,,contabilizeaza-micul-dejun-inclus-pret
GH-07105,Cum se contabilizează serviciile turistice revândute de un hotel?,industrii,publicat,,nu,contabilizeaza-serviciile-turistice-revandute-hotel,
GH-07106,Cum se înregistrează diferențele dintre decontul platformei de rezervări și suma intrată în bancă?,greseli,asemanator,,nu,,diferenta-dintre-decontul-platformei-rezervari
GH-07107,"Cum se contabilizează discountul suportat de platforma de rezervări, nu de hotel?",industrii,candidat,,nu,,
GH-07108,Cum se tratează contabil o rezervare achitată cu luni înainte de cazare?,altele,candidat,,nu,,
GH-07109,Cum se contabilizează serviciile hoteliere prestate la trecerea dintre două exerciții financiare?,industrii,publicat,,nu,contabilizeaza-serviciile-hoteliere-prestate-trecerea,
GH-07110,Cum se înregistrează consumabilele hoteliere distribuite zilnic în camere?,industrii,publicat,,nu,inregistreaza-consumabilele-hoteliere-distribuite-zilnic,
GH-07111,Cum se contabilizează pierderile de inventar produse de clienții unui hotel?,industrii,publicat,,nu,contabilizeaza-pierderile-inventar-produse-clientii,
GH-07112,Cum se contabilizează materialele returnate de pe șantier în depozitul central?,altele,publicat,,nu,contabilizeaza-materialele-returnate-santier-depozitul (+1 dubluri),
GH-07113,Cum se corectează consumul de materiale înregistrat pe șantierul greșit?,greseli,publicat,,nu,corecteaza-consumul-materiale-inregistrat-santierul,
GH-07114,Cum se contabilizează materialele cumpărate de beneficiar și montate de constructor?,industrii,publicat,,nu,contabilizeaza-materialele-cumparate-beneficiar-montate,
GH-07115,Cum se contabilizează materialele cumpărate de constructor și refacturate beneficiarului?,spv,publicat,,nu,contabilizeaza-materialele-cumparate-constructor-refacturate-beneficiarului (+1 dubluri),
GH-07116,"Cum se înregistrează în contabilitate lucrările executate, dar încă nefacturate?",spv,candidat,,nu,,
GH-07117,Cum se contabilizează o situație de lucrări acceptată parțial de beneficiar?,altele,candidat,,nu,,
GH-07118,Cum se corectează o situație de lucrări facturată la o valoare greșită?,greseli,publicat,,nu,corecteaza-situatie-lucrari-facturata-valoare,
GH-07119,Cum se contabilizează diferențele dintre deviz și costurile reale ale unei lucrări?,greseli,publicat,,nu,contabilizeaza-diferentele-dintre-deviz-costurile,
GH-07120,Cum se repartizează cheltuielile indirecte între mai multe șantiere?,altele,publicat,,nu,repartizeaza-cheltuielile-indirecte-multe-santiere,
GH-07121,Cum se repartizează costul utilajelor folosite simultan pe mai multe șantiere?,altele,publicat,,nu,repartizeaza-costul-utilajelor-folosite-simultan,
GH-07122,Cum se contabilizează chiria unui utilaj folosit pentru o singură lucrare?,altele,publicat,,nu,contabilizeaza-chiria-utilaj-folosit-singura,
GH-07123,Cum se contabilizează utilajele închiriate cu operator?,altele,publicat,,nu,contabilizeaza-utilajele-inchiriate-operator,
GH-07124,Cum se înregistrează consumul de materiale peste cantitățile prevăzute în deviz?,altele,publicat,,nu,inregistreaza-consumul-materiale-cantitatile-prevazute,
GH-07125,Cum se justifică fiscal pierderile tehnologice de materiale pe șantier?,altele,publicat,,nu,justifica-fiscal-pierderile-tehnologice-materiale,
GH-07126,Cum se contabilizează materialele recuperate din demolări?,altele,publicat,,nu,contabilizeaza-materialele-recuperate-demolari,
GH-07127,Cum se înregistrează materialele rezultate din dezmembrarea unei construcții?,industrii,publicat,,nu,inregistreaza-materialele-rezultate-dezmembrarea-constructii,
GH-07128,Cum se contabilizează lucrările de remediere executate pe cheltuiala constructorului?,industrii,candidat,,nu,,
GH-07129,Cum se contabilizează costurile apărute în perioada de garanție a unei construcții?,industrii,publicat,,nu,contabilizeaza-costurile-aparute-perioada-garantie,
GH-07130,Cum se constituie și se contabilizează un provizion pentru garanții acordate clienților?,altele,candidat,,nu,,
GH-07131,Cum se contabilizează despăgubirea primită pentru daune produse pe șantier?,altele,publicat,,nu,contabilizeaza-despagubirea-primita-daune-produse,
GH-07132,Cum se înregistrează despăgubirea plătită beneficiarului pentru defecte de execuție?,altele,candidat,,nu,,
GH-07133,Cum se contabilizează penalitățile reținute direct din factura constructorului?,industrii,publicat,,nu,contabilizeaza-penalitatile-retinute-direct-factura,
GH-07134,Cum se înregistrează o factură de subcontractare primită după închiderea proiectului?,altele,candidat,,nu,,
GH-07135,Cum se contabilizează un subcontractor care facturează avans înainte de începerea lucrării?,altele,candidat,,nu,,
GH-07136,Cum se verifică dacă o cheltuială aparține șantierului corect?,altele,publicat,,nu,verifica-cheltuiala-apartine-santierului-corect,
GH-07137,Cum se contabilizează costurile unui șantier abandonat?,altele,candidat,,nu,,
GH-07138,Cum se tratează fiscal proiectarea unei construcții care nu mai este realizată?,industrii,publicat,,nu,trateaza-fiscal-proiectarea-constructii-realizata,
GH-07139,Cum se contabilizează autorizațiile și avizele aferente unui proiect de construcții?,industrii,asemanator,,nu,,contabilizeaza-autorizatiile-avizele-proiect-constructii
GH-07140,Cum se contabilizează costurile cu organizarea de șantier?,altele,publicat,,nu,contabilizeaza-costurile-organizarea-santier,
GH-07141,Organizarea de șantier se amortizează sau se include în costul lucrării?,mijloace_fixe,candidat,,nu,,
GH-07142,Cum se contabilizează containerele și barăcile folosite pe șantier?,altele,publicat,,nu,contabilizeaza-containerele-baracile-folosite-santier,
GH-07143,Cum se înregistrează energia electrică temporară consumată pe șantier?,altele,publicat,,nu,inregistreaza-energia-electrica-temporara-consumata,
GH-07144,Cum se contabilizează serviciile de pază aferente unui șantier?,altele,publicat,,nu,contabilizeaza-serviciile-paza-aferente-santier,
GH-07145,Cum se înregistrează testele și verificările tehnice înainte de recepția lucrării?,altele,candidat,,nu,,
GH-07146,Cum se contabilizează recepția parțială a unei construcții?,industrii,publicat,,nu,contabilizeaza-receptia-partiala-constructii,
GH-07147,Cum se contabilizează o lucrare recepționată într-un an și facturată în anul următor?,altele,publicat,,nu,contabilizeaza-lucrare-receptionata-an-facturata,
GH-07148,Cum se tratează contabil o factură de lucrări contestată de beneficiar?,control_fiscal,publicat,,nu,trateaza-contabil-factura-lucrari-contestata,
GH-07149,Cum se contabilizează lucrările executate pentru un beneficiar din alt stat UE?,altele,publicat,,nu,contabilizeaza-lucrarile-executate-beneficiar-alt,
GH-07150,Cum se stabilește tratamentul TVA pentru lucrări efectuate asupra unui imobil din alt stat UE?,tva,publicat,,nu,stabileste-tratamentul-tva-lucrari-efectuate,
GH-07151,Cum se contabilizează serviciile unui arhitect străin pentru un proiect din România?,altele,publicat,,nu,contabilizeaza-serviciile-arhitect-strain-proiect,
GH-07152,Cum se contabilizează închirierea de utilaje din alt stat UE pentru un șantier din România?,altele,publicat,,nu,contabilizeaza-inchirierea-utilaje-alt-stat,
GH-07153,Cum se tratează contabil costurile unui proiect imobiliar înainte de obținerea autorizației?,altele,candidat,,nu,,
GH-07154,"Cum se contabilizează apartamentele finalizate, dar nevândute de un dezvoltator?",altele,publicat,,nu,contabilizeaza-apartamentele-finalizate-dar-nevandute,
GH-07155,Cum se contabilizează locurile de parcare construite pentru vânzare?,altele,publicat,,nu,contabilizeaza-locurile-parcare-construite-vanzare,
GH-07156,Cum se repartizează costurile infrastructurii comune într-un ansamblu rezidențial?,altele,publicat,,nu,repartizeaza-costurile-infrastructurii-comune-ansamblu,
GH-07157,Cum se contabilizează apartamentul dat la schimb pentru terenul unui proiect imobiliar?,altele,candidat,,nu,,
GH-07158,Cum se tratează contabil rezervările pentru apartamente înainte de antecontract?,altele,candidat,,nu,,
GH-07159,Cum se contabilizează rezilierea unui antecontract pentru un apartament?,altele,publicat,,nu,contabilizeaza-rezilierea-antecontract-apartament,
GH-07160,Cum se înregistrează modificările solicitate de client înainte de predarea apartamentului?,altele,candidat,,nu,,
GH-07161,Cum se contabilizează costurile de remediere după predarea unui apartament nou?,altele,publicat,,nu,contabilizeaza-costurile-remediere-predarea-apartament,
GH-07162,Cum se contabilizează veniturile unei firme IT din proiecte cu preț fix?,industrii,publicat,,nu,contabilizeaza-veniturile-firme-it-proiecte,
GH-07163,Cum se recunoaște venitul unui proiect software care durează mai multe luni?,altele,candidat,,nu,,
GH-07164,Cum se contabilizează un proiect software facturat pe etape?,altele,publicat,,nu,contabilizeaza-proiect-software-facturat-etape,
GH-07165,Cum se înregistrează orele programatorilor pe proiecte diferite?,altele,publicat,,nu,inregistreaza-orele-programatorilor-proiecte-diferite,
GH-07166,Cum se repartizează salariile dezvoltatorilor între mentenanță și dezvoltare software?,salarizare,publicat,,nu,repartizeaza-salariile-dezvoltatorilor-mentenanta-dezvoltare,
GH-07167,Cum se contabilizează costurile unui produs software abandonat înainte de lansare?,altele,publicat,,nu,contabilizeaza-costurile-produs-software-abandonat,
GH-07168,Cum se tratează contabil o aplicație dezvoltată pentru uzul intern al firmei?,altele,publicat,,nu,trateaza-contabil-aplicatie-dezvoltata-uzul,
GH-07169,Cum se contabilizează migrarea datelor într-un proiect software?,altele,publicat,,nu,contabilizeaza-migrarea-datelor-proiect-software,
GH-07170,Cum se contabilizează implementarea unui ERP la client?,altele,candidat,,nu,,
GH-07171,Cum se separă contabil licența software de serviciile de implementare?,altele,publicat,,nu,separa-contabil-licenta-software-serviciile,
GH-07172,Cum se contabilizează mentenanța software facturată pentru un an în avans?,altele,candidat,,nu,,
GH-07173,Cum se recunoaște venitul dintr-un contract software multianual?,altele,candidat,,nu,,
GH-07174,Cum se contabilizează taxa de setup percepută unui client SaaS?,altele,publicat,,nu,contabilizeaza-taxa-setup-perceputa-client,
GH-07175,Cum se contabilizează perioada gratuită oferită unui client SaaS?,altele,publicat,,nu,contabilizeaza-perioada-gratuita-oferita-client,
GH-07176,Cum se contabilizează upgrade-ul unui abonament software în mijlocul lunii?,altele,candidat,,nu,,
GH-07177,Cum se contabilizează downgrade-ul unui abonament SaaS plătit în avans?,altele,publicat,,nu,contabilizeaza-downgrade-ul-abonament-saas,
GH-07178,Cum se contabilizează creditul acordat clientului pentru indisponibilitatea serviciului SaaS?,altele,candidat,,nu,,
GH-07179,Cum se contabilizează un chargeback primit prin Stripe pentru un abonament software?,industrii,candidat,,nu,,
GH-07180,Cum se înregistrează o plată Stripe contestată de client?,industrii,candidat,,nu,,
GH-07181,Cum se contabilizează rezervele temporare reținute de un procesator de plăți?,altele,candidat,,nu,,
GH-07182,Cum se contabilizează comisioanele diferite reținute din aceeași plată online?,altele,candidat,,nu,,
GH-07183,Cum se contabilizează încasările SaaS în mai multe valute?,casierie,publicat,,nu,contabilizeaza-incasarile-saas-multe-valute,
GH-07184,Cum se tratează diferențele de curs pentru soldurile păstrate în Stripe?,industrii,candidat,,nu,,
GH-07185,Cum se contabilizează conversia valutară făcută automat de procesatorul de plăți?,casierie,candidat,,nu,,
GH-07186,Cum se înregistrează abonamentele software plătite cu cardul personal al administratorului?,infiintare,candidat,,nu,,
GH-07187,Cum se contabilizează serviciile API cumpărate în funcție de consum?,altele,publicat,,nu,contabilizeaza-serviciile-api-cumparate-functie,
GH-07188,Cum se contabilizează creditele preplătite pentru servicii cloud?,altele,publicat,,nu,contabilizeaza-creditele-preplatite-servicii-cloud,
GH-07189,Cum se tratează creditele cloud gratuite primite de un startup?,altele,publicat,,nu,trateaza-creditele-cloud-gratuite-primite,
GH-07190,Cum se contabilizează costurile AWS aferente mai multor proiecte?,altele,publicat,,nu,contabilizeaza-costurile-aws-aferente-multor,
GH-07191,Cum se repartizează costurile cloud între clienții unei firme IT?,industrii,publicat,,nu,repartizeaza-costurile-cloud-clientii-firme,
GH-07192,Cum se contabilizează achiziția unei baze de date pentru un proiect software?,altele,publicat,,nu,contabilizeaza-achizitia-baze-date-proiect,
GH-07193,Cum se contabilizează cumpărarea codului sursă al unei aplicații?,altele,candidat,,nu,,
GH-07194,Cum se contabilizează cesiunea drepturilor asupra unui program software?,altele,publicat,,nu,contabilizeaza-cesiunea-drepturilor-asupra-program,
GH-07195,Cum se facturează cesiunea drepturilor de proprietate intelectuală către un client străin?,altele,publicat,,nu,factureaza-cesiunea-drepturilor-proprietate-intelectuala,
GH-07196,Cum se contabilizează redevențele primite pentru utilizarea unui software?,altele,publicat,,nu,contabilizeaza-redeventele-primite-utilizarea-software,
GH-07197,Cum se contabilizează redevențele plătite unei firme din străinătate?,altele,publicat,,nu,contabilizeaza-redeventele-platite-firme-strainatate,
GH-07198,Cum se tratează fiscal plata unui dezvoltator freelancer din alt stat UE?,altele,publicat,,nu,trateaza-fiscal-plata-dezvoltator-freelancer,
GH-07199,Cum se contabilizează serviciile unui programator din afara UE?,altele,publicat,,nu,contabilizeaza-serviciile-programator-afara-ue,
GH-07200,Cum se tratează fiscal serviciile IT cumpărate de la o persoană juridică nerezidentă?,altele,candidat,,nu,,
GH-07201,Cum se contabilizează un contract IT cu facturare în funcție de orele lucrate?,altele,publicat,,nu,contabilizeaza-contract-it-facturare-functie,
GH-07202,Cum se corectează venitul când clientul contestă o parte din orele facturate?,altele,candidat,,nu,,
GH-07203,Cum se contabilizează un bonus de succes primit pentru finalizarea unui proiect IT?,altele,publicat,,nu,contabilizeaza-bonus-succes-primit-finalizarea,
GH-07204,Cum se contabilizează costurile cu certificările tehnice ale angajaților IT?,altele,publicat,,nu,contabilizeaza-costurile-certificarile-tehnice-angajatilor,
GH-07205,Cum se contabilizează echipamentele trimise angajaților care lucrează remote?,altele,publicat,,nu,contabilizeaza-echipamentele-trimise-angajatilor-lucreaza,
GH-07206,Cum se tratează contabil laptopul nereturnat de un fost angajat?,altele,publicat,,nu,trateaza-contabil-laptopul-nereturnat-fost,
GH-07207,Cum se contabilizează echipamentele IT date temporar unui contractor?,altele,candidat,,nu,,
GH-07208,Cum se contabilizează serverele cumpărate și instalate într-un centru de date?,altele,candidat,,nu,,
GH-07209,Cum se contabilizează costurile de colocare într-un data center?,altele,publicat,,nu,contabilizeaza-costurile-colocare-data-center,
GH-07210,Cum se contabilizează achiziția unui certificat SSL multianual?,altele,publicat,,nu,contabilizeaza-achizitia-certificat-ssl-multianual,
GH-07211,Cum se contabilizează un domeniu internet cumpărat pentru revânzare?,altele,publicat,,nu,contabilizeaza-domeniu-internet-cumparat-revanzare,
GH-07212,Cum se tratează contabil un domeniu premium cumpărat de firmă?,altele,candidat,,nu,,
GH-07213,Cum se contabilizează achiziția unei aplicații mobile deja dezvoltate?,altele,candidat,,nu,,
GH-07214,Cum se contabilizează veniturile dintr-o aplicație vândută prin App Store?,altele,candidat,,nu,,
GH-07215,Cum se contabilizează veniturile din Google Play pentru o aplicație mobilă?,altele,candidat,,nu,,
GH-07216,Cum se tratează comisionul reținut de Apple App Store?,altele,candidat,,nu,,
GH-07217,Cum se tratează comisionul Google Play în contabilitatea unei firme românești?,altele,candidat,,nu,,
GH-07218,Cum se contabilizează abonamentele vândute prin Apple App Store?,altele,publicat,,nu,contabilizeaza-abonamentele-vandute-apple-app,
GH-07219,Cum se contabilizează achizițiile in-app realizate de utilizatori?,altele,candidat,,nu,,
GH-07220,Cum se contabilizează veniturile din publicitate într-o aplicație mobilă?,altele,candidat,,nu,,
GH-07221,Cum se contabilizează veniturile primite de la Google AdSense?,altele,publicat,,nu,contabilizeaza-veniturile-primite-google-adsense,
GH-07222,Cum se tratează fiscal serviciile de publicitate prestate unei platforme străine?,altele,publicat,,nu,trateaza-fiscal-serviciile-publicitate-prestate,
GH-07223,Cum se contabilizează vânzările unui magazin online când factura este emisă înainte de expediere?,industrii,publicat,,nu,contabilizeaza-vanzarile-magazin-online-factura,
GH-07224,Cum se contabilizează o comandă online expediată într-o lună și livrată în luna următoare?,altele,publicat,,nu,contabilizeaza-comanda-online-expediata-luna,
GH-07225,Cum se tratează o comandă ramburs refuzată de client?,altele,publicat,,nu,trateaza-comanda-ramburs-refuzata-client,
GH-07226,Cum se contabilizează coletul returnat fără ca clientul să îl fi ridicat?,altele,publicat,,nu,contabilizeaza-coletul-returnat-clientul-ridicat,
GH-07227,Cum se contabilizează taxa de retur suportată de magazinul online?,industrii,publicat,,nu,contabilizeaza-taxa-retur-suportata-magazinul,
GH-07228,Cum se înregistrează diferența dintre rambursul încasat de curier și valoarea facturilor?,greseli,candidat,,nu,,
GH-07229,Cum se contabilizează sumele reținute temporar de curier din rambursuri?,altele,candidat,,nu,,
GH-07230,Cum se contabilizează despăgubirea pentru un colet pierdut dacă marfa fusese deja descărcată din gestiune?,stocuri,candidat,,nu,,
GH-07231,Cum se corectează gestiunea când un retur online nu a fost reintrodus în stoc?,stocuri,publicat,,nu,corecteaza-gestiunea-retur-online-fost,
GH-07232,Cum se contabilizează schimbul unui produs cu alt produs într-un magazin online?,industrii,publicat,,nu,contabilizeaza-schimbul-produs-alt-produs,
GH-07233,Cum se tratează diferența de preț la schimbarea unui produs comandat online?,greseli,publicat,,nu,trateaza-diferenta-pret-schimbarea-produs,
GH-07234,Cum se contabilizează un retur parțial dintr-o comandă cu mai multe produse?,altele,candidat,,nu,,
GH-07235,Cum se repartizează discountul unei comenzi între produsele returnate și cele păstrate?,altele,publicat,,nu,repartizeaza-discountul-comenzi-produsele-returnate,
GH-07236,Cum se contabilizează un cupon de reducere finanțat de marketplace?,industrii,candidat,,nu,,
GH-07237,Cum se contabilizează un discount suportat parțial de magazin și parțial de marketplace?,industrii,publicat,,nu,contabilizeaza-discount-suportat-partial-magazin,
GH-07238,Cum se înregistrează bonusurile comerciale primite de la marketplace?,industrii,publicat,,nu,inregistreaza-bonusurile-comerciale-primite-marketplace,
GH-07239,Cum se contabilizează taxele de depozitare percepute de marketplace?,industrii,asemanator,,nu,,contabilizeaza-taxele-fulfillment-retinute-marketplace
GH-07240,Cum se contabilizează taxele de fulfillment reținute de marketplace?,industrii,publicat,,nu,contabilizeaza-taxele-fulfillment-retinute-marketplace,
GH-07241,Cum se contabilizează penalitățile percepute vânzătorului de un marketplace?,industrii,publicat,,nu,contabilizeaza-penalitatile-percepute-vanzatorului-marketplace,
GH-07242,"Cum se reconciliază decontul marketplace-ului când include vânzări, retururi, comisioane și penalități?",industrii,publicat,,nu,reconciliaza-decontul-marketplace-ului-include,
GH-07243,Cum se contabilizează soldul rămas în contul unui marketplace la sfârșitul lunii?,industrii,publicat,,nu,contabilizeaza-soldul-ramas-contul-marketplace,
GH-07244,Cum se contabilizează conversia valutară făcută de Amazon pentru încasările magazinului?,casierie,candidat,,nu,,
GH-07245,Cum se tratează contabil vânzările Amazon în mai multe țări UE?,altele,publicat,,nu,trateaza-contabil-vanzarile-amazon-multe,
GH-07246,Cum se separă TVA pe țări pentru vânzările declarate prin OSS?,tva,publicat,,nu,separa-tva-tari-vanzarile-declarate,
GH-07247,Cum se corectează o vânzare OSS declarată într-o țară greșită?,greseli,publicat,,nu,corecteaza-vanzare-oss-declarata-tara,
GH-07248,Cum se tratează un retur OSS într-un trimestru ulterior vânzării?,altele,candidat,,nu,,
GH-07249,Cum se contabilizează o reducere acordată ulterior unei vânzări declarate prin OSS?,altele,publicat,,nu,contabilizeaza-reducere-acordata-ulterior-vanzari,
GH-07250,Cum se contabilizează stocul trimis într-un depozit Amazon din alt stat UE?,stocuri,publicat,,nu,contabilizeaza-stocul-trimis-depozit-amazon,
GH-07251,Ce obligații TVA apar când un magazin românesc mută marfă într-un depozit din alt stat UE?,tva,publicat,,nu,obligatii-tva-apar-magazin-romanesc,
GH-07252,Cum se contabilizează transferul propriilor bunuri într-un depozit din alt stat membru?,altele,publicat,,nu,contabilizeaza-transferul-propriilor-bunuri-depozit,
GH-07253,Cum se ține evidența stocurilor aflate simultan în România și în alte state UE?,stocuri,publicat,,nu,evidenta-stocurilor-aflate-simultan-romania,
GH-07254,Cum se contabilizează marfa aflată în tranzit către un centru de fulfillment?,altele,candidat,,nu,,
GH-07255,Cum se corectează diferențele de stoc raportate de un centru de fulfillment?,stocuri,publicat,,nu,corecteaza-diferentele-stoc-raportate-centru,
GH-07256,Cum se contabilizează produsele distruse de marketplace într-un depozit extern?,industrii,publicat,,nu,contabilizeaza-produsele-distruse-marketplace-depozit,
GH-07257,Cum se contabilizează despăgubirile primite de la marketplace pentru stoc pierdut?,stocuri,publicat,,nu,contabilizeaza-despagubirile-primite-marketplace-stoc,
GH-07258,Cum se contabilizează taxele de retur internațional într-un magazin online?,industrii,publicat,,nu,contabilizeaza-taxele-retur-international-magazin,
GH-07259,Cum se contabilizează taxele vamale pentru un retur primit din afara UE?,altele,candidat,,nu,,
GH-07260,Cum se tratează contabil o comandă exportată și returnată ulterior în România?,altele,publicat,,nu,trateaza-contabil-comanda-exportata-returnata,
GH-07261,Cum se contabilizează importurile când factura furnizorului și declarația vamală au valori diferite?,altele,publicat,,nu,contabilizeaza-importurile-factura-furnizorului-declaratia,
GH-07262,Cum se repartizează transportul internațional asupra costului mărfurilor importate?,altele,publicat,,nu,repartizeaza-transportul-international-asupra-costului,
GH-07263,Cum se contabilizează costurile de inspecție și vămuire ale mărfurilor importate?,altele,publicat,,nu,contabilizeaza-costurile-inspectie-vamuire-marfurilor,
GH-07264,Cum se contabilizează mostrele primite,altele,candidat,,nu,,
GH-07265,Contabilitate HoReCa 2026: ce costuri se pot deduce la un restaurant,industrii,publicat,,nu,contabilitate-horeca-2026-costuri-deduce,
GH-07266,Cum îmi dau seama dacă un restaurant e mai avantajos pe micro sau pe profit,industrii,publicat,,nu,imi-dau-seama-restaurant-avantajos,
GH-07267,TVA la livrarea de mâncare prin platforme de curierat: cum se declară corect,tva,candidat,,nu,,
GH-07268,Bonul de consum la bucătărie: cum se întocmește și cine îl semnează,altele,publicat,,nu,bonul-consum-bucatarie-intocmeste-semneaza,
GH-07269,Bacșișul din casa de marcat electronică: cum se impozitează în 2026,altele,publicat,,nu,bacsisul-casa-marcat-electronica-impoziteaza,
GH-07270,Cum se împarte bacșișul între ospătari fără să apară probleme la control,altele,publicat,,nu,imparte-bacsisul-ospatari-apara-probleme,
GH-07271,Norme de perisabilitate la băuturi alcoolice pentru baruri 2026,altele,publicat,,nu,norme-perisabilitate-bauturi-alcoolice-baruri,
GH-07272,Tratamentul fiscal al consumului de băuturi din partea casei,altele,publicat,,nu,tratamentul-fiscal-consumului-bauturi-partea,
GH-07273,TVA la pachetele de cazare și demipensiune de la o pensiune,tva,asemanator,,nu,,tva-pachetele-cazare-demipensiune-pensiune
GH-07274,Tichetele de vacanță încasate de un hotel: cum se înregistrează,industrii,publicat,,nu,tichetele-vacanta-incasate-hotel-inregistreaza,
GH-07275,Cum se recunosc veniturile sezoniere la o firmă din HoReCa,industrii,publicat,,nu,recunosc-veniturile-sezoniere-firma-horeca,
GH-07276,Inventarul la bar: cât de des trebuie făcut ca să nu ai probleme,altele,candidat,,nu,,
GH-07277,Cum tratez pierderile din mâncare gătită neconsumată,altele,publicat,,nu,tratez-pierderile-mancare-gatita-neconsumata,
GH-07278,TVA la alimentele oferite gratuit angajaților din bucătărie,tva,publicat,,nu,tva-alimentele-oferite-gratuit-angajatilor,
GH-07279,Cota de TVA la cazare pentru turiști străini în 2026,tva,publicat,,nu,cota-tva-cazare-turisti-straini,
GH-07280,Cum se înregistrează comisionul plătit platformei de livrare mâncare,altele,asemanator,,nu,,inregistreaza-comisionul-platformei-livrare
GH-07281,Autoconsumul din restaurant: cum se fiscalizează corect,industrii,publicat,,nu,autoconsumul-restaurant-fiscalizeaza-corect,
GH-07282,Firma din HoReCa cu activitate doar în sezon: cum își calculează micro,industrii,publicat,,nu,firma-horeca-activitate-sezon-calculeaza,
GH-07283,Cum demonstrez normele de consum în bucătărie la un control ANAF,altele,publicat,,nu,demonstrez-normele-consum-bucatarie-control,
GH-07284,Contabilitatea unui hotel mic: particularități față de un restaurant,industrii,publicat,,nu,contabilitatea-hotel-mic-particularitati-restaurant,
GH-07285,TVA la brunch-ul cu băuturi incluse: cum se aplică cotele,tva,publicat,,nu,tva-brunch-ul-bauturi-incluse,
GH-07286,Cum se gestionează stocul de alimente perisabile la final de lună,stocuri,publicat,,nu,gestioneaza-stocul-alimente-perisabile-final,
GH-07287,Aplicația de gestiune și TVA: ce verifici ca să nu greșești,tva,candidat,,nu,,
GH-07288,Construcții 2026: cum se aplică taxarea inversă la lucrările dintre firme,industrii,publicat,,nu,constructii-2026-aplica-taxarea-inversa,
GH-07289,De ce mi se reține TVA la încasare la o lucrare de construcții,tva,publicat,,nu,retine-tva-incasare-lucrare-constructii-2 (+1 dubluri),
GH-07290,Cum se înregistrează situațiile de lucrări emise către beneficiar,altele,publicat,,nu,inregistreaza-situatiile-lucrari-emise-beneficiar,
GH-07291,TVA la avansul încasat pentru o lucrare de construcții,tva,publicat,,nu,tva-avansul-incasat-lucrare-constructii,
GH-07292,Recunoașterea veniturilor pe stadiu fizic la o firmă de construcții,industrii,publicat,,nu,recunoasterea-veniturilor-stadiu-fizic-firma,
GH-07293,Cum se calculează gradul de avansare al unei lucrări în execuție,altele,candidat,,nu,,
GH-07294,Materialele pe șantier: cum se descarcă din gestiune fără greșeli,stocuri,candidat,,nu,,
GH-07295,Cum se tratează deșeurile metalice rezultate de pe șantier,altele,publicat,,nu,trateaza-deseurile-metalice-rezultate-santier,
GH-07296,Garantia de bună execuție reținută în contract: TVA și impozit,tva,publicat,,nu,garantia-buna-executie-retinuta-contract,
GH-07297,Taxarea inversă la lucrări pentru un beneficiar din alt stat,altele,publicat,,nu,taxarea-inversa-lucrari-beneficiar-alt,
GH-07298,Facilitățile din construcții pentru angajați: mai merită în 2026,industrii,publicat,,nu,facilitatile-constructii-angajati-merita-2026,
GH-07299,Cum se aplică TVA 5% la construcția de locuințe în 2026,tva,candidat,,nu,,
GH-07300,Contractele de construcții pe termen lung: cum le tratez la impozit,industrii,publicat,,nu,contractele-constructii-termen-lung-tratez,
GH-07301,Cum se înregistrează un șantier cu durata mai mare de un an,altele,publicat,,nu,inregistreaza-santier-durata-mare-an,
GH-07302,Subcontractorii și răspunderea solidară la TVA: ce trebuie să știu,tva,candidat,,nu,,
GH-07303,Cum se calculează costul pe lucrare pentru o firmă de construcții,industrii,publicat,,nu,calculeaza-costul-lucrare-firma-constructii,
GH-07304,TVA la materialele achiziționate direct de beneficiar,tva,candidat,,nu,,
GH-07305,Cum tratez amenajările făcute la sediul închiriat al firmei,altele,publicat,,nu,tratez-amenajarile-facute-sediul-inchiriat,
GH-07306,Amortizarea pe durata contractului de închiriere: cum procedez,mijloace_fixe,candidat,,nu,,
GH-07307,IT 2026: cum se acordă scutirea de impozit pentru programatori,altele,asemanator,,nu,,aplica-scutirea-impozit-angajatii-it
GH-07308,Condițiile reale pentru scutirea IT: ce verifică ANAF în 2026,altele,candidat,,nu,,
GH-07309,Cum se calculează salariul unui programator cu scutire de impozit,salarizare,candidat,,nu,,
GH-07310,Firma de software pe micro sau profit: ce e mai avantajos,micro,candidat,,nu,,
GH-07311,TVA la vânzarea de licențe software către firme din UE,tva,publicat,,nu,tva-vanzarea-licente-software-firme,
GH-07312,Locul prestării serviciilor IT pentru clienți din afara UE,altele,publicat,,nu,locul-prestarii-serviciilor-it-clienti,
GH-07313,Cum se declară serviciile SaaS către clienți din alte state,altele,asemanator,,nu,,cum-se-declara-serviciile-saas-catre-clienti-din-alte-state
GH-07314,Veniturile din App Store și Google Play: cum se declară fiscal,altele,candidat,,nu,,
GH-07315,Publicitatea online încasată de la Google/Facebook: TVA,tva,publicat,,nu,publicitatea-online-incasata-google-facebook,
GH-07316,Capitalizarea costurilor de dezvoltare a unui soft propriu,altele,candidat,,nu,,
GH-07317,Cum se amortizează un program informatic dezvoltat intern,mijloace_fixe,publicat,,nu,amortizeaza-program-informatic-dezvoltat-intern,
GH-07318,Proiect IT cu preț fix pe termen lung: recunoașterea veniturilor,control_fiscal,publicat,,nu,proiect-it-pret-fix-termen,
GH-07319,Contract time and materials: cum înregistrez facturarea lunară,altele,candidat,,nu,,
GH-07320,Cesiunea drepturilor de autor dintr-un proiect IT: tratament fiscal,altele,publicat,,nu,cesiunea-drepturilor-autor-dintr-proiect,
GH-07321,Cum se înregistrează echipamentele IT achiziționate pentru hosting,altele,publicat,,nu,inregistreaza-echipamentele-it-achizitionate-hosting,
GH-07322,Deducerea integrală a laptopurilor sub plafon: condiții 2026,altele,publicat,,nu,deducerea-integrala-laptopurilor-sub-plafon,
GH-07323,TVA la abonamentul de cloud plătit către un furnizor din UE,tva,publicat,,nu,tva-abonamentul-cloud-platit-furnizor,
GH-07324,Ești micro cu activitate IT și depășești plafonul: ce se schimbă,micro,candidat,,nu,,
GH-07325,Comerț online 2026: cum se aplică TVA la vânzările către consumatori din UE,tva,publicat,,nu,comert-online-2026-aplica-tva,
GH-07326,Pragul de 10.000 euro la vânzările online în UE: cum se calculează,altele,candidat,,nu,,
GH-07327,Cum mă înregistrez în OSS pentru un magazin online,industrii,publicat,,da,ma-inregistrez-oss-magazin-online,
GH-07328,Cum se declară vânzările prin eMAG: de la ce comision la ce TVA,tva,candidat,,nu,,
GH-07329,Comisionul plătit marketplace-ului: TVA și deductibilitate,tva,publicat,,nu,comisionul-platit-marketplace-ului-tva,
GH-07330,Cum se înregistrează returul unui colet vândut online,altele,candidat,,nu,,
GH-07331,TVA la livrarea gratuită oferită clienților online,tva,publicat,,nu,tva-livrarea-gratuita-oferita-clientilor,
GH-07332,Procesatorul de plăți reține suma: cum se înregistrează decontarea,altele,candidat,,nu,,
GH-07333,Cum împăc stocul magazinului online cu vânzările reale,stocuri,publicat,,nu,impac-stocul-magazinului-online-vanzarile,
GH-07334,Descărcarea de gestiune pentru vânzările online zilnice,stocuri,publicat,,nu,descarcarea-gestiune-vanzarile-online-zilnice,
GH-07335,Facturarea B2C online: când e obligatorie factura,altele,candidat,,nu,,
GH-07336,Cum se emite factura pentru o vânzare pe un site propriu,altele,publicat,,nu,emite-factura-vanzare-site-propriu,
GH-07337,TVA la produsele vândute prin curier în afara UE,tva,publicat,,nu,tva-produsele-vandute-curier-afara,
GH-07338,Ghișeul unic IOSS pentru colete mici: cum funcționează,altele,publicat,,nu,ghiseul-unic-ioss-colete-mici,
GH-07339,Cum se declară vânzările pe Shopify din punct de vedere fiscal,altele,candidat,,nu,,
GH-07340,Promoțiile și cupoanele de reducere: cum afectează TVA,tva,candidat,,nu,,
GH-07341,Am vândut prin TikTok Shop: cum înregistrez veniturile,altele,publicat,,nu,vandut-tiktok-shop-inregistrez-veniturile,
GH-07342,Cum tratez ramburs-urile încasate de la curier,altele,candidat,,nu,,
GH-07343,Magazin online pe micro: ce condiții trebuie să îndeplinesc,industrii,candidat,,nu,,
GH-07344,TVA la abonamentele lunare vândute online,tva,candidat,,nu,,
GH-07345,Cum se gestionează stornarea unei comenzi online,altele,publicat,,nu,cum-se-gestioneaza-stornarea-unei-comenzi-online,
GH-07346,Returul de marfă și reintrarea în stoc: monografie corectă,stocuri,publicat,,nu,returul-marfa-reintrarea-stoc-monografie,
GH-07347,Cum se calculează adaosul la un magazin online,industrii,publicat,,nu,cum-se-calculeaza-adaosul-la-un-magazin-online,
GH-07348,Depozitare externă a stocului online: cum se înregistrează,stocuri,publicat,,nu,depozitare-externa-stocului-online-inregistreaza,
GH-07349,Firme de servicii 2026: TVA la consultanță către clienți din UE,tva,publicat,,nu,firme-servicii-2026-tva-consultanta,
GH-07350,Contabilitatea unei firme de pază: particularități fiscale,altele,publicat,,nu,contabilitatea-firme-paza-particularitati-fiscale,
GH-07351,Cum se aplică TVA la serviciile de curățenie către persoane fizice,tva,publicat,,nu,aplica-tva-serviciile-curatenie-persoane,
GH-07352,Firma de curățenie cu angajați cu normă parțială: contribuții,altele,publicat,,nu,firma-curatenie-angajati-norma-partiala,
GH-07353,Contabilitatea unei firme de publicitate: TVA la serviciile media,tva,candidat,,nu,,
GH-07354,Cum se înregistrează barterul publicitar: TVA și impozit,tva,publicat,,nu,inregistreaza-barterul-publicitar-tva-impozit,
GH-07355,Tipărirea de materiale publicitare: TVA și deductibilitate,tva,publicat,,nu,tiparirea-materiale-publicitare-tva-deductibilitate,
GH-07356,Contabilitatea unei firme de evenimente: cum se recunosc veniturile,altele,publicat,,nu,contabilitatea-firme-evenimente-recunosc-veniturile,
GH-07357,TVA la organizarea unui eveniment corporate,tva,publicat,,nu,tva-organizarea-eveniment-corporate,
GH-07358,Contabilitatea unei firme de catering: particularități,altele,publicat,,nu,contabilitatea-firme-catering-particularitati,
GH-07359,Cum se aplică TVA la serviciile de catering în 2026,tva,asemanator,,nu,,tva-serviciile-catering-2026
GH-07360,Contabilitatea unui cabinet stomatologic: scutire de TVA,tva,publicat,,nu,contabilitatea-cabinet-stomatologic-scutire-tva,
GH-07361,Scutirea de TVA la serviciile medicale: condiții și limite,tva,candidat,,nu,,
GH-07362,Cum se impozitează veniturile unui cabinet medical mic,altele,candidat,,nu,,
GH-07363,Contabilitatea unei farmacii: cotele de TVA la medicamente,tva,publicat,,nu,contabilitatea-farmacii-cotele-tva-medicamente,
GH-07364,Medicamente expirate: cum se casează și ce TVA se ajustează,tva,publicat,,nu,medicamente-expirate-caseaza-tva-ajusteaza,
GH-07365,Discountul de la distribuitorii de medicamente: tratament fiscal,altele,candidat,,nu,,
GH-07366,Contabilitatea unei firme de transport marfă: TVA și accize,tva,publicat,,nu,contabilitatea-firme-transport-marfa-tva,
GH-07367,Rambursarea accizelor la motorină pentru transportatori 2026,altele,asemanator,,nu,,rambursarea-accizelor-transportatori
GH-07368,Diurna șoferilor de camion: plafoane și deductibilitate,salarizare,publicat,,nu,diurna-soferilor-camion-plafoane-deductibilitate,
GH-07369,Amortizarea camioanelor: durată și regim fiscal,mijloace_fixe,publicat,,nu,amortizarea-camioanelor-durata-regim-fiscal,
GH-07370,Contabilitatea unei firme de taxi: TVA și venituri,tva,candidat,,nu,,
GH-07371,Cum se tratează veniturile din ride-sharing pentru o firmă,altele,publicat,,nu,trateaza-veniturile-ride-sharing-firma,
GH-07372,Contabilitatea unui service auto: TVA și garanții,tva,publicat,,nu,contabilitatea-service-auto-tva-garantii,
GH-07373,Piesele de schimb montate la service: descărcarea stocului,stocuri,publicat,,nu,piesele-schimb-montate-service-descarcarea,
GH-07374,Contabilitatea unei spălătorii auto: TVA și consumabile,tva,publicat,,nu,contabilitatea-spalatorii-auto-tva-consumabile,
GH-07375,Contabilitatea unui magazin alimentar de cartier: gestiune,stocuri,publicat,,nu,contabilitatea-magazin-alimentar-cartier-gestiune,
GH-07376,Contabilitatea unei brutării: TVA și costuri de producție,tva,candidat,,nu,,
GH-07377,Contabilitatea unui atelier de croitorie: particularități,altele,publicat,,nu,contabilitatea-atelier-croitorie-particularitati,
GH-07378,Contabilitatea unei firme de mobilă la comandă: producție în curs,altele,publicat,,nu,contabilitatea-firme-mobila-comanda-productie,
GH-07379,Contabilitatea unei firme de imprimeuri 3D: stocuri și TVA,tva,asemanator,,nu,,contabilitatea-firme-imprimare-3d-stocuri
GH-07380,Contabilitatea unei firme agricole: subvenții și TVA,tva,candidat,,nu,,
GH-07381,Scutirea de TVA pentru micii producători agricoli în 2026,tva,publicat,,da,scutirea-tva-micii-producatori-agricoli-2026,
GH-07382,Cum se înregistrează subvenția APIA la o firmă agricolă,altele,publicat,,nu,inregistreaza-subventia-apia-firma-agricola,
GH-07383,Contabilitatea unei ferme zootehnice: particularități fiscale,altele,publicat,,nu,contabilitatea-ferme-zootehnice-particularitati-fiscale,
GH-07384,Contabilitatea unei firme de legume și fructe: TVA,tva,candidat,,nu,,
GH-07385,Contabilitatea unei firme de panificație: costuri și TVA,tva,candidat,,nu,,
GH-07386,Cota de TVA la produse de panificație în 2026,tva,publicat,,nu,cota-tva-produse-panificatie-2026,
GH-07387,Contabilitatea unei firme de reciclare: taxarea inversă la deșeuri,altele,publicat,,nu,contabilitatea-firme-reciclare-taxarea-inversa,
GH-07388,Contabilitatea unei firme de construcții metalice: taxarea inversă,industrii,publicat,,nu,contabilitatea-firme-constructii-metalice-taxarea,
GH-07389,Contabilitatea unei firme de închirieri utilaje: TVA,tva,publicat,,nu,contabilitatea-firme-inchirieri-utilaje-tva,
GH-07390,Închirierea de echipamente către o firmă din UE: TVA,tva,publicat,,nu,inchirierea-echipamente-firma-ue-tva,
GH-07391,Contabilitatea unei firme de leasing operațional: venituri,altele,publicat,,nu,contabilitatea-firme-leasing-operational-venituri,
GH-07392,Contabilitatea unui magazin de materiale de construcții: stocuri,stocuri,candidat,,nu,,
GH-07393,Contabilitatea unui depozit en-gros: adaos și descărcare,altele,publicat,,nu,contabilitatea-depozit-en-gros-adaos,
GH-07394,Contabilitatea unui lanț de magazine: gestiune pe puncte de lucru,stocuri,publicat,,nu,contabilitatea-lant-magazine-gestiune-puncte,
GH-07395,Contabilitatea unui francizat: redevențe și TVA,tva,candidat,,nu,,
GH-07396,Redevența plătită francizorului: TVA și deductibilitate,tva,publicat,,nu,redeventa-platita-francizorului-tva-deductibilitate,
GH-07397,Contabilitatea unei firme de livrări rapide proprii: flotă și TVA,tva,publicat,,nu,contabilitatea-firme-livrari-rapide-proprii,
GH-07398,Contabilitatea unui salon de înfrumusețare: TVA și comisioane,tva,publicat,,nu,contabilitatea-salon-infrumusetare-tva-comisioane,
GH-07399,Comisionul plătit unui colaborator din salon: cum se tratează,altele,candidat,,nu,,
GH-07400,Contabilitatea unui magazin de animale: TVA și stocuri,tva,publicat,,nu,contabilitatea-magazin-animale-tva-stocuri,
GH-07401,Contabilitatea unei firme de consultanță HR: venituri și TVA,tva,candidat,,nu,,
GH-07402,Contabilitatea unei firme de training: TVA la cursurile online,tva,candidat,,nu,,
GH-07403,Contabilitatea vânzării de cursuri online: TVA și platforme,tva,publicat,,nu,contabilitatea-vanzarii-cursuri-online-tva,
GH-07404,Contabilitatea unei firme de traduceri: TVA la servicii UE,tva,publicat,,nu,contabilitatea-firme-traduceri-tva-servicii,
GH-07405,Contabilitatea unei firme de design grafic: TVA la servicii digitale,tva,publicat,,nu,contabilitatea-firme-design-grafic-tva,
GH-07406,Contabilitatea unei firme de arhitectură: particularități,altele,publicat,,nu,contabilitatea-firme-arhitectura-particularitati,
GH-07407,Contabilitatea unei firme de contabilitate: TVA la propriile servicii,tva,publicat,,nu,contabilitatea-firme-contabilitate-tva-propriile,
GH-07408,Contabilitatea unei firme de securitate cibernetică: TVA,tva,candidat,,nu,,
GH-07409,Contabilitatea unei firme de jocuri video: venituri și TVA,tva,candidat,,nu,,
GH-07410,Vânzarea unui joc online în UE: OSS și TVA,tva,publicat,,nu,vanzarea-joc-online-ue-oss,
GH-07411,Contabilitatea unei firme de turism: regim special de TVA,tva,publicat,,nu,contabilitatea-firme-turism-regim-special,
GH-07412,Cum se aplică marja de profit la o agenție de turism,altele,publicat,,nu,aplica-marja-profit-agentie-turism,
GH-07413,Contabilitatea unei firme de închirieri auto: TVA și TVA la marjă,tva,publicat,,nu,contabilitatea-firme-inchirieri-auto-tva,
GH-07414,Cum tratez TVA la închirierile pe termen scurt de autovehicule,tva,publicat,,nu,tratez-tva-inchirierile-termen-scurt,
GH-07415,Contabilitatea unei spălătorii self-service: încasări,altele,publicat,,nu,contabilitatea-spalatorii-self-service-incasari,
GH-07416,Contabilitatea unui magazin de second-hand: TVA la marjă,tva,publicat,,nu,contabilitatea-magazin-second-hand-tva (+1 dubluri),
GH-07417,Contabilitatea unui centru de fitness: abonamente și TVA,tva,publicat,,nu,contabilitatea-centru-fitness-abonamente-tva,
GH-07418,Contabilitatea unei școli private: TVA și venituri din taxe,tva,publicat,,nu,contabilitatea-scoli-private-tva-venituri,
GH-07419,Contabilitatea unei grădinițe private: scutiri de TVA,tva,asemanator,,nu,,contabilitatea-gradinite-private-scutit-tva
GH-07420,Contabilitatea unei firme de curierat: particularități,altele,asemanator,,nu,,contabilitatea-firme-catering-particularitati
GH-07421,Contabilitatea unui magazin de bijuterii: TVA și garanții,tva,publicat,,nu,contabilitatea-magazin-bijuterii-tva-garantii,
GH-07422,Contabilitatea unei firme de electronice: garanții și retururi,altele,candidat,,nu,,
GH-07423,Noutăți fiscale 2026 pentru restaurante și hoteluri,industrii,candidat,,nu,,
GH-07424,Ce se schimbă în 2026 pentru firmele de construcții,industrii,publicat,,da,schimba-2026-firmele-constructii,
GH-07425,Noutăți 2026 pentru programatori: scutiri și condiții,altele,candidat,,nu,,
GH-07426,Impactul e-Factura asupra firmelor din HoReCa 2026,spv,publicat,,nu,impactul-factura-asupra-firmelor-horeca,
GH-07427,Cum se adaptează construcțiile la SAF-T în 2026,declaratii_speciale,publicat,,nu,adapteaza-constructiile-saft-2026,
GH-07428,Digitalizarea fiscală pentru firmele IT în 2026,industrii,candidat,,nu,,
GH-07429,Cum pregătesc un magazin online pentru e-TVA 2026,tva,publicat,,nu,pregatesc-magazin-online-tva-2026,
GH-07430,Checklist fiscal pentru un restaurant 2026,industrii,publicat,,nu,checklist-fiscal-restaurant-2026,
GH-07431,Checklist fiscal pentru o firmă de construcții 2026,industrii,publicat,,nu,checklist-fiscal-firma-constructii-2026,
GH-07432,Checklist fiscal pentru o firmă IT 2026,industrii,asemanator,,nu,,checklist-fiscal-firma-constructii-2026
GH-07433,Checklist fiscal pentru un magazin online 2026,industrii,candidat,,nu,,
GH-07434,Comparație micro vs profit pentru un restaurant în 2026,industrii,candidat,,nu,,
GH-07435,Comparație micro vs profit pentru o firmă de construcții în 2026,industrii,publicat,,nu,comparatie-micro-vs-profit-firma,
GH-07436,Comparație micro vs profit pentru o firmă IT în 2026,industrii,asemanator,,nu,,comparatie-micro-vs-profit-firma
GH-07437,Comparație micro vs profit pentru un magazin online în 2026,industrii,asemanator,,nu,,comparatie-micro-vs-profit-magazinele
GH-07438,Simulare fiscală 2026 pentru un restaurant mic,industrii,asemanator,,nu,,simulare-fiscala-2026-restaurant
GH-07439,Simulare fiscală 2026 pentru un programator PFA vs SRL,pfa,candidat,,nu,,
GH-07440,Erori frecvente la contabilitatea restaurantelor și cum le eviți,industrii,publicat,,nu,erori-frecvente-contabilitatea-restaurantelor-eviti,
GH-07441,Erori frecvente la contabilitatea firmelor de construcții,industrii,publicat,,da,erori-frecvente-contabilitatea-firmelor-constructii,
GH-07442,Erori frecvente la contabilitatea firmelor IT,industrii,asemanator,,da,,erori-frecvente-contabilitatea-firmelor-it
GH-07443,Erori frecvente la contabilitatea magazinelor online,industrii,asemanator,,da,,erori-frecvente-contabilitatea-magazinelor-online
GH-07444,Cum aleg regimul fiscal potrivit industriei mele în 2026,altele,candidat,,nu,,
GH-07445,Cum calculez impozitul pe profit de 16% pentru un SRL în 2026?,profit,publicat,,da,calculez-impozitul-profit-16-srl,
GH-07446,Când devine exigibil impozitul pe profit în 2026?,profit,publicat,,nu,devine-exigibil-impozitul-profit-2026,
GH-07447,Care este termenul pentru plata impozitului pe profit în 2026?,profit,publicat,,da,termenul-plata-impozitului-profit-2026,
GH-07448,Cum calculez rezultatul fiscal pornind de la balanța contabilă?,altele,publicat,,nu,calculez-rezultatul-fiscal-pornind-balanta,
GH-07449,Ce diferență este între profitul contabil și profitul impozabil?,profit,candidat,,nu,,
GH-07450,Cum transform profitul contabil în profit fiscal?,profit,publicat,,nu,transform-profitul-contabil-profit-fiscal,
GH-07451,Ce cheltuieli trebuie adăugate înapoi la calculul profitului impozabil?,altele,publicat,,nu,cheltuieli-adaugate-inapoi-calculul-profitului,
GH-07452,Cum verific calculul impozitului pe profit înainte de închiderea trimestrului?,profit,publicat,,nu,verific-calculul-impozitului-profit-inainte,
GH-07453,Cum fac calculul trimestrial al impozitului pe profit dacă firma are pierdere într-o lună?,profit,publicat,,nu,calculul-trimestrial-impozitului-profit-firma,
GH-07454,Cum recalculez impozitul pe profit cumulat de la începutul anului?,profit,publicat,,nu,recalculez-impozitul-profit-cumulat-inceputul,
GH-07455,Cum regularizez impozitul pe profit la sfârșitul anului?,profit,publicat,,nu,regularizez-impozitul-profit-sfarsitul-anului,
GH-07456,Ce fac dacă impozitul pe profit calculat în contabilitate diferă de suma declarată?,profit,candidat,,nu,,
GH-07457,Cum înregistrez contabil impozitul pe profit la sfârșitul trimestrului?,profit,publicat,,nu,inregistrez-contabil-impozitul-profit-sfarsitul,
GH-07458,Cum corectez o înregistrare greșită a impozitului pe profit?,profit,publicat,,nu,corectez-inregistrare-gresita-impozitului-profit,
GH-07459,Cum verific contul 4411 înainte de depunerea declarațiilor?,altele,publicat,,nu,verific-contul-4411-inainte-depunerea,
GH-07460,De ce am sold în contul 4411 după plata impozitului pe profit?,profit,candidat,,nu,,
GH-07461,Cum reconciliez contul 4411 cu fișa ANAF?,altele,publicat,,nu,reconciliez-contul-4411-fisa-anaf,
GH-07462,Ce fac dacă fișa ANAF arată alt impozit pe profit decât contabilitatea?,profit,publicat,,nu,fisa-anaf-arata-alt-impozit,
GH-07463,Cum verific impozitul pe profit datorat direct din balanță?,profit,publicat,,nu,verific-impozitul-profit-datorat-direct,
GH-07464,Când trebuie depusă D101 pentru anul 2026?,profit,candidat,,nu,,
GH-07465,Cine are obligația să depună D101?,profit,publicat,,nu,obligatia-depuna-d101,
GH-07466,Se depune D101 dacă firma a avut pierdere fiscală?,profit,candidat,,nu,,
GH-07467,Se depune D101 dacă firma nu a avut activitate?,profit,asemanator,,nu,,completeaza-d101-firma-avut-activitate
GH-07468,Se depune D101 dacă firma a avut venituri zero?,profit,candidat,,nu,,
GH-07469,Se depune D101 pentru o firmă suspendată în cursul anului?,profit,asemanator,,nu,,completeaza-d101-firma-infiintata-cursul
GH-07470,Cum completez D101 pentru prima dată?,profit,publicat,,nu,completez-d101-prima-data,
GH-07471,Ce date din balanță trebuie verificate înainte de completarea D101?,profit,publicat,,nu,date-balanta-verificate-inainte-completarea,
GH-07472,Cum verific dacă D101 corespunde cu balanța de verificare?,profit,publicat,,nu,verific-d101-corespunde-balanta-verificare,
GH-07473,Cum verific D101 cu registrul de evidență fiscală?,profit,publicat,,da,verific-d101-registrul-evidenta-fiscala,
GH-07474,Cum verific D101 cu declarațiile depuse în cursul anului?,profit,publicat,,nu,verific-d101-declaratiile-depuse-cursul,
GH-07475,De ce D101 nu corespunde cu impozitul pe profit declarat în cursul anului?,profit,publicat,,nu,d101-corespunde-impozitul-profit-declarat,
GH-07476,Cum declar diferența de impozit rezultată la D101?,profit,publicat,,nu,declar-diferenta-impozit-rezultata-d101,
GH-07477,Ce fac dacă D101 rezultă cu impozit suplimentar de plată?,profit,candidat,,nu,,
GH-07478,Ce fac dacă D101 rezultă cu impozit plătit în plus?,profit,candidat,,nu,,
GH-07479,Cum recuperez impozitul pe profit plătit în plus după D101?,profit,candidat,,nu,,
GH-07480,Cum compensez impozitul pe profit plătit în plus cu alte obligații fiscale?,profit,publicat,,nu,compensez-impozitul-profit-platit-plus,
GH-07481,Când trebuie depusă D101 rectificativă?,profit,publicat,,nu,depusa-d101-rectificativa,
GH-07482,Cum completez D101 rectificativă după descoperirea unei erori contabile?,profit,candidat,,nu,,
GH-07483,Cum corectez D101 dacă am omis o cheltuială nedeductibilă?,profit,publicat,,nu,corectez-d101-omis-cheltuiala-nedeductibila,
GH-07484,Cum corectez D101 dacă am tratat greșit un venit ca neimpozabil?,profit,candidat,,nu,,
GH-07485,Cum corectez D101 după modificarea amortizării fiscale?,profit,publicat,,nu,corectez-d101-modificarea-amortizarii-fiscale,
GH-07486,Cum corectez D101 după identificarea unei facturi din anul precedent?,profit,publicat,,nu,corectez-d101-identificarea-facturi-anul,
GH-07487,Cum corectez D101 după inventarierea făcută cu întârziere?,profit,candidat,,nu,,
GH-07488,Cum corectez D101 după constatarea unor lipsuri de gestiune?,profit,publicat,,nu,corectez-d101-constatarea-lipsuri-gestiune,
GH-07489,Cum corectez D101 după recalcularea provizioanelor?,profit,candidat,,nu,,
GH-07490,Cum corectez D101 după descoperirea unei erori în calculul sponsorizării?,profit,publicat,,nu,corectez-d101-descoperirea-erori-calculul,
GH-07491,Ce penalități apar dacă depun D101 după termen?,profit,candidat,,nu,,
GH-07492,Ce dobânzi se calculează dacă plătesc impozitul pe profit cu întârziere?,profit,publicat,,nu,dobanzi-calculeaza-platesc-impozitul-profit,
GH-07493,Cum calculez impozitul pe profit când firma trece de la micro la profit în cursul anului?,profit,publicat,,nu,calculez-impozitul-profit-firma-trece,
GH-07494,De la ce dată calculez impozit pe profit după ieșirea din regimul micro?,profit,candidat,,nu,,
GH-07495,Ce balanță folosesc pentru primul calcul de impozit pe profit după ieșirea de la micro?,profit,publicat,,nu,balanta-folosesc-primul-calcul-impozit,
GH-07496,Cum tratez veniturile realizate înainte de trecerea de la micro la profit?,micro,candidat,,nu,,
GH-07497,Cum tratez cheltuielile făcute în perioada în care firma era micro?,micro,candidat,,nu,,
GH-07498,Cum completez D101 pentru un SRL care a fost micro o parte din an?,profit,publicat,,nu,completez-d101-srl-fost-micro,
GH-07499,Cum declar impozitul pe profit în primul trimestru după ieșirea de la micro?,profit,publicat,,nu,declar-impozitul-profit-primul-trimestru,
GH-07500,Ce fac dacă am observat târziu că firma trebuia să iasă din regimul micro?,micro,publicat,,nu,observat-tarziu-firma-trebuia-iasa,
GH-07501,Cum corectez impozitul dacă am continuat să declar micro după ce trebuia să trec la profit?,micro,candidat,,nu,,
GH-07502,Cum verific data fiscală corectă a trecerii de la micro la profit?,micro,publicat,,nu,verific-data-fiscala-corecta-trecerii,
GH-07503,Cum calculez impozitul pe profit pentru o firmă nou-înființată?,profit,publicat,,nu,calculez-impozitul-profit-firma-nou,
GH-07504,Cum calculez impozitul pe profit dacă firma începe activitatea în cursul trimestrului?,profit,publicat,,nu,calculez-impozitul-profit-firma-incepe,
GH-07505,Cum calculez impozitul pe profit pentru o firmă reactivată în cursul anului?,profit,publicat,,nu,calculez-impozitul-profit-firma-reactivata,
GH-07506,Cum calculez impozitul pe profit la suspendarea activității firmei?,profit,asemanator,,nu,,calculezi-impozitul-profit-suspendarea-activitatii
GH-07507,Cum calculez impozitul pe profit în anul dizolvării societății?,profit,publicat,,nu,calculez-impozitul-profit-anul-dizolvarii,
GH-07508,Cum calculez impozitul pe profit în perioada de lichidare?,profit,publicat,,da,impozit-profit-perioada-lichidare,
GH-07509,Ce declarație de impozit pe profit depun la închiderea firmei?,profit,publicat,,nu,declaratie-impozit-profit-depun-inchiderea,
GH-07510,Cum se tratează fiscal veniturile obținute în timpul lichidării?,altele,publicat,,nu,trateaza-fiscal-veniturile-obtinute-timpul,
GH-07511,Cum se tratează fiscal activele distribuite asociaților la lichidare?,infiintare,publicat,,nu,trateaza-fiscal-activele-distribuite-asociatilor,
GH-07512,Cum verific rezultatul fiscal înainte de radierea unui SRL?,altele,publicat,,nu,verific-rezultatul-fiscal-inainte-radierea,
GH-07513,Cum tratez fiscal cheltuielile cu autoturismele la impozitul pe profit?,profit,publicat,,nu,tratez-fiscal-cheltuielile-autoturismele-impozitul,
GH-07514,Când sunt cheltuielile auto deductibile integral?,altele,asemanator,,nu,,cheltuielile-auto-deductibile-50
GH-07515,Când sunt cheltuielile auto deductibile doar 50%?,altele,publicat,,nu,cheltuielile-auto-deductibile-50,
GH-07516,Cum tratez fiscal combustibilul pentru mașina firmei?,altele,candidat,,nu,,
GH-07517,Cum demonstrez utilizarea exclusiv economică a unui autoturism?,altele,candidat,,nu,,
GH-07518,Este obligatorie foaia de parcurs pentru deductibilitatea integrală a cheltuielilor auto?,altele,candidat,,nu,,
GH-07519,Cum tratez fiscal reparațiile unui autoturism folosit și personal?,altele,publicat,,nu,tratez-fiscal-reparatiile-autoturism-folosit,
GH-07520,Cum tratez RCA și CASCO la calculul impozitului pe profit?,profit,publicat,,nu,tratez-rca-casco-calculul-impozitului,
GH-07521,Cum tratez leasingul auto la calculul rezultatului fiscal?,altele,candidat,,nu,,
GH-07522,Cum tratez chiria unui autoturism la impozitul pe profit?,profit,candidat,,nu,,
GH-07523,Cum tratez fiscal cheltuielile cu taxi și ridesharing pentru angajați?,altele,candidat,,nu,,
GH-07524,Cum tratez fiscal cheltuielile de protocol în 2026?,profit,publicat,,nu,tratez-fiscal-cheltuielile-protocol-2026,
GH-07525,Cum calculez limita deductibilă pentru protocol?,profit,publicat,,nu,calculez-limita-deductibila-protocol,
GH-07526,Ce fac cu protocolul care depășește limita fiscală?,profit,publicat,,nu,protocolul-depaseste-limita-fiscala,
GH-07527,Cum tratez TVA aferentă cheltuielilor de protocol?,profit,publicat,,nu,tratez-tva-aferenta-cheltuielilor-protocol,
GH-07528,Cum tratez fiscal cadourile oferite partenerilor de afaceri?,altele,candidat,,nu,,
GH-07529,Cum tratez fiscal mesele cu clienții și partenerii?,altele,publicat,,nu,tratez-fiscal-mesele-clientii-partenerii,
GH-07530,Cum justific o cheltuială de protocol la control fiscal?,profit,candidat,,nu,,
GH-07531,Cum tratez fiscal cheltuielile de reclamă și publicitate?,altele,publicat,,nu,tratez-fiscal-cheltuielile-reclama-publicitate,
GH-07532,Produsele oferite gratuit în campanii promoționale sunt deductibile?,altele,publicat,,nu,produsele-oferite-gratuit-campanii-promotionale,
GH-07533,Cum tratez fiscal mostrele oferite gratuit clienților?,altele,publicat,,nu,tratez-fiscal-mostrele-oferite-gratuit,
GH-07534,Cum tratez fiscal sponsorizările la impozitul pe profit în 2026?,profit,publicat,,nu,cum-tratez-fiscal-sponsorizarile-la-impozitul-pe-profit-in-2026,
GH-07535,Cum calculez suma care poate fi scăzută pentru sponsorizare?,profit,publicat,,nu,cum-calculez-suma-care-poate-fi-scazuta-pentru-sponsorizare,
GH-07536,Ce fac dacă sponsorizarea depășește suma care poate fi scăzută din impozit?,profit,publicat,,nu,ce-fac-daca-sponsorizarea-depaseste-suma-care-poate-fi-scazuta-din-impozit,
GH-07537,Cum evidențiez sponsorizarea în calculul impozitului pe profit?,profit,publicat,,nu,evidentiez-sponsorizarea-calculul-impozitului-profit,
GH-07538,Cum declar sponsorizările împreună cu impozitul pe profit?,profit,publicat,,nu,declar-sponsorizarile-impreuna-impozitul-profit,
GH-07539,Ce fac dacă am uitat să scad sponsorizarea din impozitul pe profit?,profit,publicat,,nu,uitat-scad-sponsorizarea-impozitul-profit,
GH-07540,Cum tratez fiscal donațiile făcute de societate?,altele,candidat,,nu,,
GH-07541,Care este diferența fiscală dintre sponsorizare și donație?,profit,publicat,,nu,diferenta-fiscala-dintre-sponsorizare-donatie,
GH-07542,Cum tratez fiscal cheltuielile sociale în 2026?,altele,publicat,,nu,tratez-fiscal-cheltuielile-sociale-2026,
GH-07543,Cum calculez plafonul pentru cheltuielile sociale?,altele,publicat,,nu,calculez-plafonul-cheltuielile-sociale,
GH-07544,Cum tratez fiscal ajutoarele acordate salariaților?,salarizare,asemanator,,nu,,tratez-fiscal-cadourile-acordate-salariatilor
GH-07545,Cum tratez fiscal cadourile acordate salariaților?,salarizare,publicat,,nu,tratez-fiscal-cadourile-acordate-salariatilor,
GH-07546,Cum tratez fiscal abonamentele medicale plătite de firmă?,altele,candidat,,nu,,
GH-07547,Cum tratez fiscal pensiile facultative plătite pentru salariați?,salarizare,publicat,,nu,tratez-fiscal-pensiile-facultative-platite,
GH-07548,Cum tratez fiscal abonamentele sportive suportate de angajator?,altele,publicat,,nu,tratez-fiscal-abonamentele-sportive-suportate,
GH-07549,Cum tratez fiscal primele și bonusurile acordate salariaților?,salarizare,candidat,,nu,,
GH-07550,Cum tratez fiscal cheltuielile de team building?,altele,candidat,,nu,,
GH-07551,Cum tratez fiscal petrecerea de Crăciun organizată pentru angajați?,altele,candidat,,nu,,
GH-07552,Cum tratez fiscal cheltuielile de deplasare ale administratorului?,infiintare,publicat,,nu,tratez-fiscal-cheltuielile-deplasare-administratorului,
GH-07553,Cum tratez fiscal diurna la calculul impozitului pe profit?,salarizare,candidat,,nu,,
GH-07554,Cum tratez fiscal cazarea și transportul în delegație?,altele,publicat,,nu,tratez-fiscal-cazarea-transportul-delegatie,
GH-07555,Cum tratez fiscal cheltuielile administratorului fără contract de muncă?,infiintare,publicat,,nu,tratez-fiscal-cheltuielile-administratorului-contract,
GH-07556,Cum tratez fiscal cheltuielile plătite cu cardul personal al administratorului?,infiintare,candidat,,nu,,
GH-07557,Cum tratez fiscal cumpărăturile firmei fără factură?,altele,candidat,,nu,,
GH-07558,Este deductibilă o cheltuială justificată doar cu bon fiscal?,altele,candidat,,nu,,
GH-07559,Cum tratez fiscal o factură emisă pe numele administratorului în locul firmei?,infiintare,candidat,,nu,,
GH-07560,Ce fac dacă furnizorul a trecut CUI-ul greșit pe factură?,greseli,publicat,,nu,furnizorul-trecut-cui-ul-gresit,
GH-07561,Este deductibilă o cheltuială dacă factura nu apare în RO e-Factura?,spv,candidat,,nu,,
GH-07562,Cum tratez fiscal o factură primită după închiderea exercițiului?,altele,asemanator,,nu,,tratez-factura-primita-inchiderea-anului
GH-07563,Cum tratez o factură din 2025 primită în 2026 la impozitul pe profit?,profit,publicat,,nu,tratez-factura-2025-primita-2026,
GH-07564,Cum tratez o factură din 2026 primită după depunerea D101?,profit,publicat,,nu,tratez-factura-2026-primita-depunerea,
GH-07565,Cum tratez fiscal cheltuielile înregistrate în avans?,altele,asemanator,,nu,,tratez-fiscal-cheltuielile-sociale-2026
GH-07566,Cum tratez fiscal veniturile înregistrate în avans?,altele,candidat,,nu,,
GH-07567,Cum influențează contul 471 calculul impozitului pe profit?,profit,asemanator,,nu,,influenteaza-inventarierea-calculul-impozitului-profit
GH-07568,Cum influențează contul 472 rezultatul fiscal?,altele,candidat,,nu,,
GH-07569,Cum tratez fiscal cheltuielile estimate pentru care factura nu a sosit?,altele,publicat,,nu,tratez-fiscal-cheltuielile-estimate-factura,
GH-07570,Cum tratez fiscal facturile de primit la închiderea exercițiului?,altele,candidat,,nu,,
GH-07571,Cum tratez fiscal facturile de întocmit la sfârșitul anului?,altele,candidat,,nu,,
GH-07572,Cum tratez fiscal veniturile aferente serviciilor nefacturate?,spv,publicat,,nu,tratez-fiscal-veniturile-aferente-serviciilor,
GH-07573,Cum tratez fiscal reducerile comerciale primite după închiderea anului?,altele,asemanator,,nu,,tratez-fiscal-reducerile-comerciale-acordate
GH-07574,Cum tratez fiscal reducerile comerciale acordate după închiderea anului?,altele,publicat,,nu,tratez-fiscal-reducerile-comerciale-acordate,
GH-07575,Cum tratez fiscal penalitățile plătite furnizorilor?,altele,candidat,,nu,,
GH-07576,Penalitățile contractuale sunt deductibile la impozitul pe profit?,profit,asemanator,,nu,,provizioanele-sunt-deductibile-la-impozitul-pe-profit
GH-07577,Cum tratez fiscal amenzile ANAF?,altele,publicat,,nu,tratez-fiscal-amenzile-anaf,
GH-07578,Sunt deductibile amenzile de circulație plătite de firmă?,altele,candidat,,nu,,
GH-07579,Sunt deductibile dobânzile și penalitățile datorate ANAF?,altele,publicat,,nu,deductibile-dobanzile-penalitatile-datorate-anaf,
GH-07580,Cum tratez fiscal despăgubirile plătite unui client?,altele,publicat,,nu,tratez-fiscal-despagubirile-platite-client,
GH-07581,Cum tratez fiscal daunele contractuale?,altele,candidat,,nu,,
GH-07582,Cum tratez fiscal creanțele neîncasate la impozitul pe profit?,profit,publicat,,nu,tratez-fiscal-creantele-neincasate-impozitul,
GH-07583,Când pot deduce pierderea dintr-o creanță neîncasată?,altele,publicat,,nu,cand-pot-deduce-pierderea-dintr-o-creanta-neincasata,
GH-07584,Cum tratez fiscal un client intrat în insolvență?,altele,publicat,,nu,cum-tratez-fiscal-un-client-intrat-in-insolventa,
GH-07585,Când pot constitui ajustare deductibilă pentru clienți incerți?,altele,publicat,,nu,cand-pot-constitui-ajustare-deductibila-pentru-clienti-incerti,
GH-07586,Cum tratez fiscal creanțele prescrise?,altele,publicat,,nu,tratez-fiscal-creantele-prescrise,
GH-07587,Cum scot din evidență o creanță nerecuperabilă?,altele,candidat,,nu,,
GH-07588,Ce documente justifică deductibilitatea unei creanțe nerecuperabile?,altele,publicat,,nu,documente-justifica-deductibilitatea-creante-nerecuperabile,
GH-07589,Cum tratez fiscal datoriile prescrise către furnizori?,altele,publicat,,nu,tratez-fiscal-datoriile-prescrise-furnizori,
GH-07590,Ce se întâmplă fiscal când anulez o datorie veche către furnizor?,altele,candidat,,nu,,
GH-07591,Cum tratez fiscal provizioanele pentru litigii?,altele,publicat,,nu,tratez-fiscal-provizioanele-litigii,
GH-07592,Când este un provizion deductibil fiscal?,altele,publicat,,nu,provizion-deductibil-fiscal,
GH-07593,Cum tratez provizioanele nedeductibile în D101?,profit,publicat,,nu,cum-tratez-provizioanele-nedeductibile-in-d101,
GH-07594,Cum tratez reluarea la venit a unui provizion nedeductibil?,altele,publicat,,nu,tratez-reluarea-venit-provizion-nedeductibil,
GH-07595,Cum tratez reluarea la venit a unui provizion care a fost deductibil?,altele,publicat,,nu,tratez-reluarea-venit-provizion-fost,
GH-07596,Cum țin evidența diferențelor dintre provizioanele contabile și cele fiscale?,greseli,publicat,,nu,cum-tin-evidenta-diferentelor-dintre-provizioanele-contabile-si-cele-fiscale,
GH-07597,Cum tratez fiscal ajustările pentru deprecierea stocurilor?,stocuri,candidat,,nu,,
GH-07598,Când este deductibilă deprecierea creanțelor?,altele,publicat,,nu,deductibila-deprecierea-creantelor,
GH-07599,Cum tratez fiscal mărfurile degradate?,altele,publicat,,nu,tratez-fiscal-marfurile-degradate,
GH-07600,Cum tratez fiscal stocurile expirate?,stocuri,publicat,,nu,tratez-fiscal-stocurile-expirate,
GH-07601,Când este deductibilă pierderea din distrugerea stocurilor?,stocuri,publicat,,nu,deductibila-pierderea-distrugerea-stocurilor,
GH-07602,Cum tratez fiscal lipsurile constatate la inventar?,altele,publicat,,nu,tratez-fiscal-lipsurile-constatate-inventar,
GH-07603,Cum tratez fiscal bunurile furate din gestiune?,stocuri,publicat,,nu,tratez-fiscal-bunurile-furate-gestiune,
GH-07604,Cum tratez fiscal plusurile constatate la inventariere?,stocuri,candidat,,nu,,
GH-07605,Cum influențează inventarierea calculul impozitului pe profit?,profit,publicat,,nu,influenteaza-inventarierea-calculul-impozitului-profit,
GH-07606,Ce documente trebuie să am pentru deductibilitatea stocurilor distruse?,stocuri,candidat,,nu,,
GH-07607,Cum tratez fiscal diferențele de curs valutar?,casierie,publicat,,nu,tratez-fiscal-diferentele-curs-valutar,
GH-07608,Diferențele de curs valutar intră în rezultatul fiscal?,casierie,publicat,,nu,diferentele-curs-valutar-intra-rezultatul,
GH-07609,Cum tratez fiscal reevaluarea disponibilităților în valută?,casierie,publicat,,nu,tratez-fiscal-reevaluarea-disponibilitatilor-valuta,
GH-07610,Cum tratez fiscal reevaluarea creanțelor și datoriilor în valută?,casierie,publicat,,nu,tratez-fiscal-reevaluarea-creantelor-datoriilor,
GH-07611,Cum tratez fiscal dobânzile la creditele bancare?,altele,publicat,,nu,tratez-fiscal-dobanzile-creditele-bancare,
GH-07612,Când sunt dobânzile deductibile integral?,altele,publicat,,nu,dobanzile-deductibile-integral,
GH-07613,Cum se aplică regulile privind costurile excedentare ale îndatorării?,altele,candidat,,nu,,
GH-07614,Cum tratez fiscal dobânda la un împrumut primit de la asociat?,infiintare,publicat,,nu,tratez-fiscal-dobanda-imprumut-primit,
GH-07615,Cum tratez fiscal dobânda la un împrumut între firme afiliate?,altele,candidat,,nu,,
GH-07616,Ce documente justifică dobânda la împrumuturile între societăți?,altele,candidat,,nu,,
GH-07617,Cum influențează prețurile de transfer calculul impozitului pe profit?,profit,publicat,,nu,influenteaza-preturile-transfer-calculul-impozitului,
GH-07618,Când trebuie analizate tranzacțiile cu persoane afiliate pentru D101?,profit,candidat,,nu,,
GH-07619,Cum tratez fiscal serviciile de management facturate de o firmă afiliată?,altele,publicat,,nu,tratez-fiscal-serviciile-management-facturate,
GH-07620,Cum demonstrez deductibilitatea serviciilor de consultanță?,altele,asemanator,,nu,,justifici-deductibilitatea-serviciilor-consultanta
GH-07621,Ce documente justifică serviciile primite de la o firmă din străinătate?,altele,publicat,,nu,documente-justifica-serviciile-primite-firma,
GH-07622,Cum tratez fiscal abonamentele software cumpărate din străinătate?,altele,publicat,,nu,tratez-fiscal-abonamentele-software-cumparate,
GH-07623,Cum tratez fiscal serviciile de marketing cumpărate de la Google sau Meta?,altele,publicat,,nu,tratez-fiscal-serviciile-marketing-cumparate,
GH-07624,Cum tratez fiscal comisioanele plătite platformelor online?,altele,candidat,,nu,,
GH-07625,Cum tratez fiscal serviciile facturate de un nerezident?,altele,candidat,,nu,,
GH-07626,Cum influențează impozitul pe veniturile nerezidenților impozitul pe profit?,profit,candidat,,nu,,
GH-07627,Cum tratez fiscal veniturile din dividende primite de un SRL?,declaratii_speciale,candidat,,nu,,
GH-07628,Când sunt dividendele primite venit neimpozabil?,declaratii_speciale,candidat,,nu,,
GH-07629,Cum tratez fiscal dividendele primite din străinătate?,declaratii_speciale,publicat,,nu,tratez-fiscal-dividendele-primite-strainatate,
GH-07630,Cum tratez fiscal veniturile din vânzarea participațiilor?,altele,publicat,,nu,tratez-fiscal-veniturile-vanzarea-participatiilor,
GH-07631,Cum tratez fiscal veniturile din despăgubiri?,altele,asemanator,,nu,,tratez-fiscal-veniturile-vanzarea-participatiilor
GH-07632,Cum tratez fiscal veniturile din subvenții?,altele,asemanator,,nu,,tratez-fiscal-veniturile-vanzarea-participatiilor
GH-07633,Cum tratez fiscal subvențiile pentru investiții?,altele,asemanator,,nu,,tratez-fiscal-subventiile-cheltuieli
GH-07634,Cum tratez fiscal subvențiile pentru cheltuieli?,altele,publicat,,nu,tratez-fiscal-subventiile-cheltuieli,
GH-07635,Cum tratez fiscal veniturile din anularea unor datorii?,altele,candidat,,nu,,
GH-07636,Cum tratez fiscal veniturile din reduceri comerciale?,altele,candidat,,nu,,
GH-07637,Cum tratez fiscal veniturile din penalități facturate clienților?,altele,publicat,,nu,tratez-fiscal-veniturile-penalitati-facturate,
GH-07638,Cum recuperez pierderea fiscală din anii precedenți în 2026?,profit,publicat,,nu,recuperez-pierderea-fiscala-anii-precedenti,
GH-07639,Cum verific ce pierdere fiscală mai am de recuperat?,profit,publicat,,nu,verific-pierdere-fiscala-recuperat,
GH-07640,Unde evidențiez pierderea fiscală reportată în D101?,profit,publicat,,nu,evidentiez-pierderea-fiscala-reportata-d101,
GH-07641,Ce se întâmplă cu pierderea fiscală dacă firma își schimbă acționarii?,profit,publicat,,nu,intampla-pierderea-fiscala-firma-schimba,
GH-07642,Ce se întâmplă cu pierderea fiscală la fuziunea societăților?,profit,publicat,,nu,intampla-pierderea-fiscala-fuziunea-societatilor,
GH-07643,Ce se întâmplă cu pierderea fiscală la divizarea unei firme?,profit,publicat,,nu,intampla-pierderea-fiscala-divizarea-firme,
GH-07644,Cum tratez pierderea fiscală când societatea revine la impozit pe profit?,profit,publicat,,nu,tratez-pierderea-fiscala-societatea-revine,
GH-07645,Cum țin evidența pierderilor fiscale pe ani?,profit,candidat,,nu,,
GH-07646,Ce fac dacă pierderea fiscală reportată în D101 a fost calculată greșit?,profit,candidat,,nu,,
GH-07647,Cum verific automat cheltuielile nedeductibile înainte de D101?,profit,publicat,,nu,verific-automat-cheltuielile-nedeductibile-inainte,
GH-07648,Cum identific din balanță conturile care necesită analiză fiscală?,altele,publicat,,nu,identific-balanta-conturile-necesita-analiza,
GH-07649,Ce conturi trebuie verificate obligatoriu înainte de depunerea D101?,profit,candidat,,nu,,
GH-07650,Cum construiesc registrul de evidență fiscală pentru impozitul pe profit?,profit,publicat,,nu,construiesc-registrul-evidenta-fiscala-impozitul,
GH-07651,Ce trebuie să conțină registrul de evidență fiscală în 2026?,altele,asemanator,,nu,,contina-registrul-imobilizari
GH-07652,Cum verific registrul de evidență fiscală cu D101?,profit,candidat,,da,,
GH-07653,Cum documentez ajustările fiscale pentru un control ANAF?,altele,publicat,,nu,documentez-ajustarile-fiscale-control-anaf,
GH-07654,Ce documente trebuie păstrate pentru calculul impozitului pe profit?,profit,candidat,,nu,,
GH-07655,Cum verific rapid dacă impozitul pe profit de 16% a fost calculat corect înainte de depunerea D101?,profit,publicat,,nu,verific-rapid-impozitul-profit-16,
GH-07656,Cum știu sigur dacă firma mea e plătitoare de impozit pe profit în 2026,profit,publicat,,nu,stiu-sigur-firma-platitoare-impozit,
GH-07657,Cine plătește 16% și cine plătește 1% în 2026: cum mă încadrez,altele,publicat,,nu,plateste-16-plateste-1-2026,
GH-07658,Firmele care nu pot alege micro: când rămân pe impozit pe profit,profit,publicat,,nu,firmele-alege-micro-raman-impozit,
GH-07659,Cum se calculează impozitul pe profit la un SRL cu venituri mari,profit,publicat,,nu,calculeaza-impozitul-profit-srl-venituri,
GH-07660,Baza impozabilă la impozitul pe profit: de la profit contabil la profit fiscal,profit,publicat,,nu,baza-impozabila-impozitul-profit-profit,
GH-07661,Cum ajung de la rezultatul contabil la rezultatul fiscal pe D101,profit,asemanator,,nu,,de-la-rezultatul-contabil-la-rezultatul-fiscal-d101
GH-07662,Diferența dintre cheltuiala contabilă și cea fiscal deductibilă,greseli,candidat,,nu,,
GH-07663,Ce înseamnă cheltuială deductibilă cu limită la impozitul pe profit,profit,publicat,,nu,inseamna-cheltuiala-deductibila-limita-impozitul,
GH-07664,Reguli de deducere a cheltuielilor în 2026 la impozitul pe profit,profit,candidat,,nu,,
GH-07665,Cum se calculează rezultatul fiscal la final de an 2026,altele,publicat,,nu,calculeaza-rezultatul-fiscal-final-an,
GH-07666,Venituri neimpozabile la impozitul pe profit: lista completă 2026,profit,publicat,,nu,venituri-neimpozabile-impozitul-profit-lista,
GH-07667,Cheltuieli integral nedeductibile: ce nu se scade în 2026,altele,candidat,,nu,,
GH-07668,Cum stabilizez profitul impozabil lunar ca să nu am surprize la D101,profit,candidat,,nu,,
GH-07669,Cum se calculează impozitul pe profit datorat pe anul 2026,profit,publicat,,nu,calculul-impozitului-pe-profit-datorat-2026,
GH-07670,D101 în 2026: termenul de depunere a declarației anuale,profit,candidat,,nu,,
GH-07671,Când este scadentă plata impozitului pe profit în 2026,profit,publicat,,nu,scadenta-plata-impozitului-profit-2026,
GH-07672,D101 pentru anul 2025 depusă în 2026: pași corecți,profit,publicat,,nu,d101-anul-2025-depusa-2026,
GH-07673,Cum completez D101 pentru un SRL pe profit în 2026,profit,publicat,,nu,completez-d101-srl-profit-2026,
GH-07674,Ce rânduri din D101 completez pentru cheltuielile nedeductibile,profit,publicat,,nu,randuri-d101-completez-cheltuielile-nedeductibile,
GH-07675,Cum declar în D101 veniturile neimpozabile,profit,publicat,,nu,declar-d101-veniturile-neimpozabile,
GH-07676,D101 cu pierdere fiscală: cum se completează corect,profit,publicat,,nu,d101-pierdere-fiscala-completeaza-corect,
GH-07677,Cum se reportează pierderea fiscală în D101 2026,profit,publicat,,nu,recuperarea-pierderii-fiscale-in-d101-2026,
GH-07678,Regularizarea anuală a impozitului pe profit: cum se face,profit,publicat,,nu,regularizarea-anuala-impozitului-profit,
GH-07679,D101 rectificativă 2026: cum corectez o declarație depusă greșit,profit,publicat,,nu,d101-rectificativa-2026-corectez-declaratie,
GH-07680,Am depus D101 greșit: pot face rectificativă în 2026,profit,candidat,,nu,,
GH-07681,Amenda pentru D101 depusă cu întârziere: cât plătesc,profit,publicat,,nu,amenda-d101-depusa-intarziere-platesc,
GH-07682,Penalizarea pentru plata cu întârziere a impozitului pe profit,profit,publicat,,nu,penalizarea-plata-intarziere-impozitului-profit,
GH-07683,Dobânda de întârziere la impozitul pe profit: cum o calculez,profit,publicat,,nu,dobanda-intarziere-impozitul-profit-calculez,
GH-07684,Declarația 100 pentru plățile anticipate de impozit pe profit,profit,publicat,,nu,declaratia-100-platile-anticipate-impozit,
GH-07685,Cum se depune declarația 100 pentru impozitul pe profit trimestrial,profit,publicat,,da,cum-se-depune-declaratia-100-pentru-impozitul-pe-profit-trimestrial,
GH-07686,Plățile anticipate de impozit pe profit 2026: reguli,profit,asemanator,,nu,,revenirea-platile-anticipate-trimestriale-impozit
GH-07687,Cum se calculează plățile anticipate trimestriale pe D101,profit,asemanator,,nu,,cum-se-calculeaza-platile-anticipate-trimestriale-de-impozit-pe-profit
GH-07688,Cine poate trece la plata anuală a impozitului pe profit,profit,candidat,,nu,,
GH-07689,Cum optez pentru calculul anual al impozitului pe profit,profit,publicat,,nu,optez-calculul-anual-impozitului-profit,
GH-07690,Revenirea la plățile anticipate trimestriale: în ce condiții,altele,candidat,,nu,,
GH-07691,Cum se regularizează diferența la final de an D101 vs declarația 100,profit,publicat,,nu,regularizare-d101-vs-declaratia-100,
GH-07692,Sistemul de impozit pe profit trimestrial: cum se aplică în 2026,profit,publicat,,nu,sistemul-impozit-profit-trimestrial-aplica,
GH-07693,D104 pentru impozitul pe profit din cedarea drepturilor de proprietate intelectuală,profit,publicat,,nu,d104-impozitul-profit-cedarea-drepturilor,
GH-07694,Cheltuieli cu protocolul la impozitul pe profit: plafon 2026,profit,candidat,,nu,,
GH-07695,Cum se calculează plafonul de protocol în 2026,profit,publicat,,nu,calculeaza-plafonul-protocol-2026,
GH-07696,Cheltuieli de sponsorizare: cum se scad din impozitul pe profit,profit,publicat,,nu,cheltuieli-sponsorizare-scad-impozitul-profit,
GH-07697,Plafonul de sponsorizare 2026: cum se calculează,profit,publicat,,nu,plafonul-sponsorizare-2026-calculeaza,
GH-07698,Cum se deduce sponsorizarea din impozitul pe profit pe D101,profit,publicat,,nu,cum-se-deduce-sponsorizarea-din-impozitul-pe-profit-pe-d101,
GH-07699,Deducerea cheltuielilor cu cadourile de protocol pentru clienți,profit,candidat,,nu,,
GH-07700,Limita de deductibilitate pentru cheltuielile de protocol și reclamă,profit,candidat,,nu,,
GH-07701,Cheltuielile cu reclamă și publicitatea: deductibilitate 2026,altele,candidat,,nu,,
GH-07702,Amortizarea și deducerea la impozitul pe profit: legătura,profit,publicat,,nu,amortizarea-deducerea-impozitul-profit-legatura,
GH-07703,Cum deduc amortizarea fiscală la calculul impozitului pe profit,profit,publicat,,nu,deduc-amortizarea-fiscala-calculul-impozitului,
GH-07704,Deducerea autoturismelor: limita de 1.500 lei și amortizarea,mijloace_fixe,publicat,,nu,deducerea-autoturismelor-limita-1500-lei,
GH-07705,Cheltuieli cu întreținerea și repararea autoturismelor: limită,altele,publicat,,nu,cheltuieli-intretinerea-repararea-autoturismelor-limita,
GH-07706,Deducerea combustibilului pentru autoturisme: 50% sau integral,altele,candidat,,nu,,
GH-07707,Deducerea TVA și impozitul pe profit pentru autoturisme,profit,candidat,,nu,,
GH-07708,Cheltuieli cu asigurările auto: deductibilitate 2026,altele,candidat,,nu,,
GH-07709,Cheltuieli cu leasingul autoturismelor: regim profit,altele,candidat,,nu,,
GH-07710,Amortizarea imobilizărilor necorporale la impozitul pe profit,profit,publicat,,nu,amortizarea-imobilizarilor-necorporale-impozitul-profit,
GH-07711,Amortizarea clădirilor și a construcțiilor: deducere la profit,mijloace_fixe,publicat,,nu,amortizarea-cladirilor-constructiilor-deducere-profit,
GH-07712,Cum se deduc provizioanele la impozitul pe profit 2026,profit,asemanator,,nu,,cum-se-deduc-tichetele-de-masa-la-impozitul-pe-profit
GH-07713,Ajustările pentru deprecierea creanțelor: deductibilitate,altele,publicat,,nu,ajustarile-deprecierea-creantelor-deductibilitate,
GH-07714,Ajustările pentru deprecierea stocurilor: deductibilitate,stocuri,publicat,,nu,ajustarile-deprecierea-stocurilor-deductibilitate,
GH-07715,Cheltuieli cu creanțele neîncasate: când sunt deductibile,altele,publicat,,nu,cheltuieli-creantele-neincasate-deductibile,
GH-07716,Deducerea creanțelor prescrise la impozitul pe profit,profit,asemanator,,nu,,deducerea-amortizarii-impozitul-profit-2026
GH-07717,Deducerea cheltuielilor cu debitorii în insolvență,altele,publicat,,nu,deducerea-cheltuielilor-debitorii-insolventa,
GH-07718,Limitarea deductibilității dobânzilor la impozitul pe profit,profit,candidat,,nu,,
GH-07719,Supracapitalizarea și deducerea dobânzilor: reguli 2026,altele,publicat,,nu,supracapitalizarea-deducerea-dobanzilor-reguli-2026,
GH-07720,Deducerea diferențelor de curs valutar la impozitul pe profit,profit,publicat,,nu,deducerea-diferentelor-curs-valutar-impozitul,
GH-07721,Veniturile din diferențe de curs valutar: impozabile,casierie,publicat,,nu,veniturile-diferente-curs-valutar-impozabile,
GH-07722,Cum se tratează veniturile din provizioane reluate la profit,altele,candidat,,nu,,
GH-07723,Cum se deduc amenzile și penalitățile: nedeductibile la profit,altele,candidat,,nu,,
GH-07724,Cheltuieli cu TVA nedeductibilă: regim la impozitul pe profit,profit,candidat,,nu,,
GH-07725,Deductibilitatea cheltuielilor cu tichetele de masă,altele,publicat,,nu,deductibilitatea-cheltuielilor-tichetele-masa (+1 dubluri),
GH-07726,Deducerea cheltuielilor cu asigurările private de sănătate,altele,publicat,,nu,deducerea-cheltuielilor-asigurarile-private-sanatate,
GH-07727,Cheltuieli cu formarea profesională: deductibilitate integrală,altele,publicat,,nu,cheltuieli-formarea-profesionala-deductibilitate-integrala,
GH-07728,Cheltuieli cu abonamentele la săli de sport: plafon 2026,altele,candidat,,nu,,
GH-07729,Cum se deduc cheltuielile sociale la impozitul pe profit,profit,asemanator,,nu,,deductibilitatea-cheltuielilor-cu-tichetele-de-masa
GH-07730,Deducerea cheltuielilor de cercetare-dezvoltare 2026,altele,publicat,,da,deducerea-cheltuielilor-cercetare-dezvoltare,
GH-07731,Deducerea suplimentară pentru C&D: cum se aplică pe D101,profit,publicat,,nu,deducerea-suplimentara-c-d-aplica,
GH-07732,Facilitatea pentru profitul reinvestit: scutire de impozit pe profit,profit,candidat,,nu,,
GH-07733,Cum se aplică scutirea pentru profitul reinvestit în utilaje,altele,candidat,,nu,,
GH-07734,Condițiile pentru scutirea de impozit pe profit reinvestit 2026,profit,publicat,,nu,conditiile-scutirea-impozit-profit-reinvestit,
GH-07735,Cum se calculează bonificația pentru investiții,profit,publicat,,nu,calculeaza-bonificatia-investitii,
GH-07736,Impozit pe profit redus pentru inovație: se aplică în 2026,profit,publicat,,nu,impozit-profit-redus-inovatie-aplica,
GH-07737,Câștigurile din vânzarea de active: impozit pe profit,profit,publicat,,nu,castigurile-vanzarea-active-impozit-profit,
GH-07738,Venituri din cedarea imobilizărilor: tratament la profit,altele,candidat,,nu,,
GH-07739,Tratamentul fiscal al rezultatelor din reevaluare,altele,publicat,,nu,tratamentul-fiscal-rezultatelor-reevaluare,
GH-07740,Impozitul pe profit la tranzacțiile cu părți afiliate,profit,candidat,,nu,,
GH-07741,Dosarul prețurilor de transfer: cine trebuie să îl întocmească,altele,candidat,,nu,,
GH-07742,Veniturile din dividende primite de la altă firmă: neimpozabile,declaratii_speciale,asemanator,,nu,,veniturile-dividende-primite-alta-firma
GH-07743,Impozitul pe profit la veniturile din dobânzi,profit,publicat,,nu,impozitul-profit-veniturile-dobanzi,
GH-07744,Veniturile din chirii la o firmă pe profit: cum se impozitează,altele,publicat,,nu,veniturile-chirii-firma-profit-impoziteaza,
GH-07745,Venituri din subvenții la impozitul pe profit: impozabile,profit,publicat,,nu,venituri-subventii-impozitul-profit-impozabile,
GH-07746,Venituri din despăgubiri de asigurare: tratament profit,altele,asemanator,,nu,,venituri-despagubiri-asigurare-tratament-fiscal
GH-07747,Fonduri europene și impozitul pe profit: cum se tratează,profit,publicat,,nu,fonduri-europene-impozitul-profit-trateaza,
GH-07748,Impozitul pe profit la firma micro care trece pe profit în 2026,profit,asemanator,,nu,,calculezi-impozitul-profit-firma-trece
GH-07749,Cum se calculează impozitul pe perioada de micro și cea de profit,micro,asemanator,,nu,,calculeaza-impozitul-profit-semestrul-micro
GH-07750,Regularizarea la trecerea de la micro la impozitul pe profit,profit,candidat,,nu,,
GH-07751,Depășirea plafonului și trecerea la impozitul pe profit: D101,profit,publicat,,nu,depasirea-plafonului-trecerea-impozitul-profit,
GH-07752,Impozitul pe profit pentru firma nou înființată 2026,profit,asemanator,,nu,,impozit-profit-firma-nou-infiintata
GH-07753,Prima declarație D101 a unei firme noi: cum o depun,profit,publicat,,nu,prima-declaratie-d101-firme-noi,
GH-07754,Impozitul pe profit în primul an de activitate: particularități,profit,candidat,,nu,,
GH-07755,Cum declar impozitul pe profit la un SRL proaspăt înființat,profit,publicat,,nu,declar-impozitul-profit-srl-proaspat,
GH-07756,Impozitul pe profit la un PFA care ține contabilitate de angajament,pfa,candidat,,nu,,
GH-07757,Diferența de impozitare între PFA și SRL pe profit,pfa,publicat,,nu,diferenta-impozitare-pfa-srl-profit,
GH-07758,Impozitul pe profit la o II cu contabilitate în partidă dublă,pfa,publicat,,nu,impozitul-profit-ii-contabilitate-partida,
GH-07759,Impozit tul pe profit la o SA: particularități de declarare,altele,publicat,,nu,impozit-tul-profit-particularitati-declarare,
GH-07760,Cum se impozitează profitul unei cooperative,altele,candidat,,nu,,
GH-07761,Impozitul pe profit pentru ONG cu activitate economică,profit,publicat,,nu,impozitul-profit-ong-activitate-economica,
GH-07762,Impozitul pe profit la o firmă în insolvență 2026,profit,publicat,,nu,impozitul-profit-firma-insolventa-2026,
GH-07763,Impozitul pe profit la lichidarea firmei: ultima declarație,profit,publicat,,nu,impozitul-profit-lichidarea-firmei-ultima,
GH-07764,Impozitul pe profit la fuziunea prin absorbție 2026,profit,candidat,,nu,,
GH-07765,Cum se calculează impozitul pe profit după o reorganizare,profit,asemanator,,nu,,calculeaza-impozitul-dividende-impozitul-profit
GH-07766,Impozitul pe profit la divizarea firmei,profit,candidat,,nu,,
GH-07767,Impozitul pe profit la firmele cu activitate sezonieră,profit,publicat,,nu,impozitul-profit-firmele-activitate-sezoniera,
GH-07768,Cum monitorizez impozitul pe profit în timpul anului,profit,publicat,,nu,monitorizez-impozitul-profit-timpul-anului,
GH-07769,Balanța de verificare și impozitul pe profit: cum le corelez,profit,asemanator,,nu,,balanta-verificare-impozitul-profit-pregatesc
GH-07770,Cum pregătesc balanța pentru întocmirea D101,profit,publicat,,nu,pregatesc-balanta-intocmirea-d101,
GH-07771,Contul 691 și înregistrarea impozitului pe profit: monografia,profit,publicat,,nu,contul-691-inregistrarea-impozitului-profit,
GH-07772,Închiderea contului de impozit pe profit la final de an,profit,publicat,,nu,inchiderea-contului-impozit-profit-final,
GH-07773,Cum se înregistrează plata impozitului pe profit în contabilitate,profit,asemanator,,nu,,inregistreaza-impozitul-profit-contabilitate
GH-07774,Codul bugetar pentru impozitul pe profit: cum îl plătesc,profit,asemanator,,nu,,codul-bugetar-impozitul-profit-gasesc
GH-07775,Ordinul de plată pentru impozitul pe profit: cum îl completez,profit,candidat,,nu,,
GH-07776,Cum se plătește impozitul pe profit prin trezorerie în 2026,profit,asemanator,,nu,,plateste-impozitul-profit-2026
GH-07777,Plata impozitului pe profit prin SPV: pași,profit,candidat,,nu,,
GH-07778,Cum se compensează impozitul pe profit cu TVA de recuperat,profit,candidat,,nu,,
GH-07779,Restituirea impozitului pe profit plătit în plus,profit,candidat,,nu,,
GH-07780,Cum recuperez impozitul pe profit plătit din greșeală,profit,publicat,,nu,recuperez-impozitul-profit-platit-greseala,
GH-07781,Am plătit impozit pe profit în plus: cerere de restituire,profit,publicat,,nu,platit-impozit-profit-plus-cerere,
GH-07782,Am plătit impozit pe profit la alt cod bugetar: cum corectez,profit,publicat,,nu,platit-impozit-profit-alt-cod,
GH-07783,Am plătit prea puțin impozit pe profit: cum regularizez,profit,publicat,,nu,platit-prea-putin-impozit-profit,
GH-07784,Contestația la decizia de impunere pe impozitul pe profit,profit,asemanator,,nu,,contestatia-decizia-impunere-amortizare
GH-07785,Puncte de vedere ANAF despre impozitul pe profit 2026,profit,candidat,,nu,,
GH-07786,Controlul ANAF pe impozitul pe profit: ce urmărește inspectorul,profit,publicat,,nu,controlul-anaf-impozitul-profit-urmareste,
GH-07787,Documentele cerute la un control pe impozitul pe profit,profit,candidat,,nu,,
GH-07788,Cum demonstrez deductibilitatea unei cheltuieli la control,altele,asemanator,,nu,,justifici-deductibilitatea-cheltuieli-control
GH-07789,Cum justific cheltuielile nedeductibile în fața ANAF,altele,candidat,,nu,,
GH-07790,Erori frecvente la calculul impozitului pe profit,profit,candidat,,nu,,
GH-07791,Cum verific corectitudinea D101 înainte de depunere,profit,publicat,,nu,verific-corectitudinea-d101-inainte-depunere,
GH-07792,Cum reconciliiez D101 cu situațiile financiare,profit,asemanator,,nu,,reconciliez-d101-situatiile-financiare
GH-07793,Diferențe între D101 și balanță: cum le explic,profit,candidat,,nu,,
GH-07794,Cum se tratează impozitul amânat la impozitul pe profit,profit,candidat,,nu,,
GH-07795,Diferențe temporare și permanente la impozitul pe profit,profit,candidat,,nu,,
GH-07796,Cum se calculează impozitul amânat în situațiile financiare,altele,candidat,,nu,,
GH-07797,Impozitul pe profit la firmele care aplică IFRS 2026,profit,publicat,,nu,impozitul-profit-firmele-aplica-ifrs,
GH-07798,Cum reconciliez rezultatul IFRS cu baza fiscală,altele,publicat,,nu,reconciliez-rezultatul-ifrs-baza-fiscala,
GH-07799,Impozitul pe profit anual vs trimestrial: ce aleg pentru firma mea,profit,candidat,,nu,,
GH-07800,Simulare impozit pe profit 2026 pentru un SRL,profit,publicat,,nu,simulare-impozit-profit-2026-srl,
GH-07801,Cum estimez impozitul pe profit la bugetul anual,profit,publicat,,nu,estimez-impozitul-profit-bugetul-anual,
GH-07802,Cum afectează cheltuielile nedeductibile impozitul pe profit,profit,candidat,,nu,,
GH-07803,Cum îmi optimizez impozitul pe profit legal în 2026,profit,publicat,,nu,imi-optimizez-impozitul-profit-legal,
GH-07804,Planificare fiscală pentru un SRL pe profit în 2026,altele,publicat,,nu,planificare-fiscala-srl-profit-2026,
GH-07805,Cum aleg între micro și profit pentru firma mea în 2026,micro,publicat,,nu,aleg-micro-profit-firma-2026,
GH-07806,Simulare micro vs profit pentru venituri de 500.000 lei,micro,publicat,,nu,simulare-micro-vs-profit-venituri-500000-lei,
GH-07807,Pragul de la care 16% devine nefavorabil față de 1%,altele,publicat,,nu,pragul-16-devine-nefavorabil-1,
GH-07808,Cum stabilesti forma juridică optimală din punct de vedere al impozitului,altele,candidat,,nu,,
GH-07809,Noutăți legislative 2026 la impozitul pe profit,profit,publicat,,nu,noutati-legislative-2026-impozitul-profit,
GH-07810,Ce se schimbă în Codul fiscal la impozitul pe profit în 2026,profit,publicat,,nu,schimba-codul-fiscal-impozitul-profit,
GH-07811,Modificări la D101 în 2026: noutăți de completare,profit,candidat,,nu,,
GH-07812,Ce trebuie să știu la D101 în 2026 față de anul precedent,profit,candidat,,nu,,
GH-07813,Impozitul pe profit și e-Factura: cum se corelează în 2026,profit,publicat,,nu,impozitul-profit-factura-coreleaza-2026,
GH-07814,Impozitul pe profit și SAF-T în 2026: ce verifici diferențe,declaratii_speciale,candidat,,nu,,
GH-07815,Impozitul pe profit și e-TVA în 2026: precompletarea,profit,candidat,,nu,,
GH-07816,Cum răspund la o notificare de conformare pe impozitul pe profit,profit,asemanator,,nu,,raspund-notificare-conformare
GH-07817,Checklist pentru închiderea anului la o firmă pe profit,altele,publicat,,nu,checklist-inchiderea-anului-firma-profit,
GH-07818,Calendar fiscal 2026: termene pentru impozitul pe profit,profit,asemanator,,nu,,calendar-fiscal-2026-termenele-impozitul-profit
GH-07819,Ghid practic D101 pas cu pas pentru contabili,profit,publicat,,nu,ghid-practic-d101-pas-pas,
GH-07820,Erori de completare a D101 și cum le eviți,profit,candidat,,nu,,
GH-07821,Cum pregătesc un dosar de fundamentare pentru D101,profit,candidat,,nu,,
GH-07822,Cum documentez diferențele fiscale pentru un control viitor,greseli,publicat,,nu,documentez-diferentele-fiscale-control-viitor,
GH-07823,Top greșeli la impozitul pe profit care costă scump,profit,candidat,,nu,,
GH-07824,Cum să predai corect ștafeta contabilului la impozitul pe profit,profit,candidat,,nu,,
GH-07825,Cum înființez un SRL în 2026 dacă sunt singurul asociat?,infiintare,candidat,,nu,,
GH-07826,Ce acte îmi trebuie pentru deschiderea unui SRL cu doi asociați în 2026?,infiintare,asemanator,,nu,,acte-imi-deschiderea-pfa-2026
GH-07827,Pot înființa un SRL în 2026 fără să merg fizic la Registrul Comerțului?,infiintare,candidat,,nu,,
GH-07828,Cum depun online dosarul pentru înființarea unui SRL?,infiintare,candidat,,nu,,
GH-07829,Ce trebuie să fac fiscal imediat după înființarea unui SRL?,infiintare,asemanator,,nu,,imediat-infiintarea-firmei
GH-07830,Ce documente primesc după înmatricularea firmei la Registrul Comerțului?,altele,publicat,,nu,documente-primesc-inmatricularea-firmei-registrul,
GH-07831,Cum verific dacă un SRL nou a fost înmatriculat?,altele,candidat,,nu,,
GH-07832,De când poate un SRL nou să emită prima factură?,altele,publicat,,nu,srl-nou-emita-prima-factura,
GH-07833,Pot emite factură în aceeași zi în care primesc CUI-ul firmei?,altele,publicat,,nu,emite-factura-aceeasi-zi-primesc,
GH-07834,De când poate un SRL nou să încheie contracte cu clienții?,altele,publicat,,nu,srl-nou-incheie-contracte-clientii,
GH-07835,Ce dată se consideră data înființării unei societăți?,infiintare,candidat,,nu,,
GH-07836,Cum aleg denumirea firmei înainte de înființarea SRL-ului?,infiintare,candidat,,nu,,
GH-07837,Cum verific dacă denumirea dorită pentru firmă este disponibilă?,altele,candidat,,nu,,
GH-07838,Pot rezerva mai multe denumiri pentru un SRL?,altele,candidat,,nu,,
GH-07839,Ce fac dacă denumirea firmei este respinsă la Registrul Comerțului?,altele,publicat,,nu,denumirea-firmei-respinsa-registrul-comertului,
GH-07840,Cum aleg codul CAEN principal pentru un SRL nou în 2026?,altele,candidat,,nu,,
GH-07841,Câte coduri CAEN poate avea un SRL în 2026?,altele,publicat,,da,cate-coduri-caen-srl-2026,
GH-07842,Pot adăuga coduri CAEN după înființarea firmei?,infiintare,candidat,,nu,,
GH-07843,Ce înseamnă autorizarea activităților la înființarea unui SRL?,infiintare,candidat,,nu,,
GH-07844,Pot avea cod CAEN autorizat fără să desfășor imediat activitatea?,altele,publicat,,nu,cod-caen-autorizat-desfasor-imediat,
GH-07845,Cum aleg între SRL și PFA când încep o afacere în 2026?,pfa,publicat,,nu,aleg-srl-pfa-incep-afacere,
GH-07846,Cum aleg între SRL și întreprindere individuală în 2026?,pfa,asemanator,,nu,,alegi-srl-intreprindere-individuala-2026
GH-07847,Pot transforma ulterior un PFA într-un SRL?,pfa,publicat,,nu,transforma-ulterior-pfa-srl,
GH-07848,Ce se întâmplă fiscal cu activitatea PFA dacă deschid și un SRL?,pfa,candidat,,nu,,
GH-07849,Poate aceeași persoană să fie asociat în mai multe SRL-uri?,infiintare,publicat,,nu,aceeasi-persoana-asociat-multe-srl,
GH-07850,Pot înființa un SRL dacă sunt deja administrator la altă firmă?,infiintare,publicat,,nu,infiinta-srl-deja-administrator-alta,
GH-07851,Pot înființa un SRL dacă am datorii personale la ANAF?,infiintare,publicat,,nu,infiinta-srl-datorii-personale-anaf,
GH-07852,Pot deschide o firmă dacă am fost asociat într-o societate radiată?,infiintare,candidat,,nu,,
GH-07853,Pot înființa un SRL dacă am cazier fiscal?,infiintare,asemanator,,nu,,infiinta-srl-cazier-fiscal
GH-07854,Când este necesar cazierul fiscal la înființarea unei firme?,infiintare,publicat,,nu,necesar-cazierul-fiscal-infiintarea-firme,
GH-07855,Cum verific cazierul fiscal înainte de deschiderea unui SRL?,altele,publicat,,nu,verific-cazierul-fiscal-inainte-deschiderea,
GH-07856,Poate un cetățean străin să înființeze un SRL în România?,infiintare,publicat,,da,cetatean-strain-infiinteze-srl-romania,
GH-07857,Ce acte îi trebuie unui cetățean UE pentru a deschide un SRL în România?,altele,candidat,,nu,,
GH-07858,Poate un nerezident să fie asociat unic într-un SRL românesc?,infiintare,asemanator,,nu,,firma-straina-asociat-srl-romanesc
GH-07859,Poate un cetățean străin să fie administratorul unui SRL din România?,infiintare,publicat,,nu,cetatean-strain-administratorul-srl-romania,
GH-07860,Cum înființez un SRL cu asociat persoană juridică din străinătate?,infiintare,publicat,,nu,infiintez-srl-asociat-persoana-juridica,
GH-07861,Ce documente trebuie traduse pentru un asociat străin?,infiintare,candidat,,nu,,
GH-07862,Pot înființa un SRL cu sediul social la domiciliu?,infiintare,candidat,,nu,,
GH-07863,Ce documente îmi trebuie pentru sediul social într-un apartament?,altele,candidat,,nu,,
GH-07864,Pot folosi apartamentul părinților ca sediu social al firmei?,altele,candidat,,nu,,
GH-07865,Pot avea mai multe firme la aceeași adresă?,altele,candidat,,nu,,
GH-07866,Pot înființa un SRL fără activitate la sediul social?,infiintare,candidat,,nu,,
GH-07867,Când este necesar acordul pentru sediul social într-un apartament?,altele,candidat,,nu,,
GH-07868,Ce se întâmplă dacă expiră dreptul de folosință asupra sediului social?,altele,candidat,,nu,,
GH-07869,Poate fi înființată firma într-un spațiu închiriat?,infiintare,publicat,,nu,infiintata-firma-spatiu-inchiriat,
GH-07870,Cum dovedesc dreptul de folosință asupra sediului social?,altele,publicat,,da,dovedesc-dreptul-folosinta-asupra-sediului,
GH-07871,Ce diferență este între sediu social și punct de lucru?,greseli,publicat,,nu,diferenta-sediu-social-punct-lucru,
GH-07872,Pot deschide punct de lucru imediat după înființarea SRL-ului?,infiintare,candidat,,nu,,
GH-07873,Cum declar un punct de lucru pentru un SRL nou?,altele,asemanator,,nu,,deschid-punct-lucru-srl
GH-07874,Când trebuie înregistrat fiscal un punct de lucru?,altele,candidat,,nu,,
GH-07875,Cum aleg regimul fiscal pentru un SRL nou în 2026?,altele,candidat,,nu,,
GH-07876,Un SRL nou este automat microîntreprindere în 2026?,altele,candidat,,nu,,
GH-07877,În ce condiții poate un SRL nou aplica impozitul micro de 1%?,micro,publicat,,nu,conditii-srl-nou-aplica-impozitul,
GH-07878,Ce se întâmplă dacă SRL-ul nou nu îndeplinește condițiile pentru micro?,micro,publicat,,nu,intampla-srl-ul-nou-indeplineste,
GH-07879,Când începe un SRL nou să plătească impozit pe profit?,profit,publicat,,nu,incepe-srl-nou-plateasca-impozit,
GH-07880,Cum aflu ce regim fiscal are firma imediat după înființare?,infiintare,candidat,,nu,,
GH-07881,Ce fac dacă vectorul fiscal al firmei noi este greșit?,greseli,publicat,,nu,vectorul-fiscal-firmei-noi-gresit,
GH-07882,Trebuie depusă D700 imediat după înființarea unui SRL?,infiintare,publicat,,nu,depusa-d700-imediat-infiintarea-srl,
GH-07883,Când trebuie depusă prima D100 pentru un SRL nou?,altele,publicat,,nu,depusa-prima-d100-srl-nou,
GH-07884,Când depune un SRL nou prima declarație fiscală?,altele,publicat,,nu,depune-srl-nou-prima-declaratie,
GH-07885,Ce declarații depune un SRL nou fără activitate?,altele,publicat,,nu,declaratii-depune-srl-nou-activitate,
GH-07886,Trebuie depuse declarații pe zero după înființarea firmei?,infiintare,publicat,,nu,depuse-declaratii-zero-infiintarea-firmei,
GH-07887,Ce obligații are un SRL între înființare și prima factură?,infiintare,candidat,,nu,,
GH-07888,Când trebuie organizată contabilitatea după înființarea firmei?,infiintare,candidat,,nu,,
GH-07889,De la ce dată trebuie un SRL nou să aibă contabilitate?,altele,publicat,,nu,data-srl-nou-aiba-contabilitate,
GH-07890,Poate administratorul să țină singur contabilitatea unui SRL nou?,infiintare,publicat,,nu,administratorul-tina-singur-contabilitatea-srl,
GH-07891,Ce documente trebuie predate contabilului după înființarea firmei?,infiintare,publicat,,nu,documente-predate-contabilului-infiintarea-firmei,
GH-07892,Cum înregistrez contabil cheltuielile făcute înainte de înființarea SRL-ului?,infiintare,publicat,,nu,inregistrez-contabil-cheltuielile-facute-inainte,
GH-07893,Pot deduce cheltuielile făcute înainte să primesc CUI-ul firmei?,altele,publicat,,nu,deduce-cheltuielile-facute-inainte-primesc,
GH-07894,Cum recuperez banii cheltuiți personal pentru înființarea firmei?,infiintare,candidat,,nu,,
GH-07895,Cum înregistrez taxele și costurile de constituire ale unui SRL?,altele,candidat,,nu,,
GH-07896,Cum înregistrez aportul inițial al asociaților?,infiintare,publicat,,nu,inregistrez-aportul-initial-asociatilor,
GH-07897,Cum înregistrez banii depuși de asociat pentru primele cheltuieli ale firmei?,infiintare,candidat,,nu,,
GH-07898,Cum deschid cont bancar pentru un SRL nou?,casierie,candidat,,nu,,
GH-07899,Pot încasa bani înainte să deschid contul bancar al firmei?,casierie,publicat,,nu,incasa-bani-inainte-deschid-contul,
GH-07900,Cum justific prima alimentare a contului bancar al SRL-ului?,casierie,candidat,,nu,,
GH-07901,Poate asociatul împrumuta firma imediat după înființare?,infiintare,publicat,,nu,asociatul-imprumuta-firma-imediat-infiintare,
GH-07902,Ce document trebuie pentru împrumutul acordat de asociat firmei noi?,infiintare,candidat,,nu,,
GH-07903,Cum se înregistrează primul împrumut al asociatului către SRL?,infiintare,publicat,,nu,inregistreaza-primul-imprumut-asociatului-srl,
GH-07904,Când trebuie un SRL nou să se înregistreze în scopuri de TVA?,tva,asemanator,,nu,,pfa-nou-inregistreze-scopuri-tva
GH-07905,Pot cere cod de TVA imediat după înființarea firmei?,tva,publicat,,nu,cere-cod-tva-imediat-infiintarea,
GH-07906,Merită să solicit TVA prin opțiune la înființarea unui SRL?,tva,candidat,,nu,,
GH-07907,Cum facturează un SRL nou înainte de obținerea codului de TVA?,tva,candidat,,nu,,
GH-07908,Ce fac cu facturile emise înainte ca firma să devină plătitoare de TVA?,tva,candidat,,nu,,
GH-07909,Cum verific data de la care este valabil codul de TVA al firmei noi?,tva,publicat,,nu,verific-data-valabil-codul-tva,
GH-07910,Poate un SRL nou aplica TVA la încasare?,tva,publicat,,nu,srl-nou-tva-la-incasare,
GH-07911,Cum aleg perioada fiscală TVA pentru o firmă nouă?,tva,publicat,,nu,aleg-perioada-fiscala-tva-firma,
GH-07912,Un SRL nou poate avea TVA trimestrial?,tva,publicat,,nu,srl-nou-tva-trimestrial,
GH-07913,Ce se întâmplă dacă un SRL nou face prima achiziție intracomunitară?,ic_ue,publicat,,nu,intampla-srl-nou-prima-achizitie,
GH-07914,Când are nevoie o firmă nouă neplătitoare de TVA de cod special de TVA?,tva,publicat,,nu,nevoie-firma-noua-neplatitoare-tva,
GH-07915,Cum obțin cod special de TVA pentru un SRL nou?,tva,candidat,,nu,,
GH-07916,Ce declarații depune o firmă nouă pentru prima achiziție din UE?,altele,publicat,,nu,declaratii-depune-firma-noua-prima,
GH-07917,Când trebuie un SRL nou să folosească RO e-Factura?,spv,publicat,,nu,srl-nou-foloseasca-ro-factura,
GH-07918,Cum conectez o firmă nouă la SPV?,spv,publicat,,nu,conectez-firma-noua-spv,
GH-07919,Cum obțin acces SPV pentru un SRL imediat după înființare?,spv,publicat,,nu,obtin-acces-spv-srl-imediat,
GH-07920,Poate contabilul înrola în SPV un SRL nou?,spv,publicat,,nu,contabilul-inrola-spv-srl-nou,
GH-07921,Cum verific mesajele ANAF pentru o firmă abia înființată?,infiintare,publicat,,nu,verific-mesajele-anaf-firma-abia,
GH-07922,Cum încep facturarea electronică pentru un SRL nou?,altele,publicat,,nu,incep-facturarea-electronica-srl-nou,
GH-07923,Ce acte îmi trebuie pentru deschiderea unui PFA în 2026?,pfa,publicat,,nu,acte-imi-deschiderea-pfa-2026,
GH-07924,Cât durează înființarea unui PFA?,pfa,publicat,,nu,dureaza-infiintarea-pfa,
GH-07925,Cum aleg codurile CAEN pentru un PFA?,pfa,publicat,,nu,aleg-codurile-caen-pfa,
GH-07926,Câte activități poate desfășura un PFA?,pfa,publicat,,nu,cate-activitati-desfasura-pfa,
GH-07927,Cum dovedesc pregătirea profesională pentru activitatea unui PFA?,pfa,publicat,,nu,dovedesc-pregatirea-profesionala-activitatea-pfa,
GH-07928,Pot deschide PFA dacă sunt deja salariat?,pfa,asemanator,,nu,,deschide-pfa-pensionar
GH-07929,Pot avea PFA și contract de muncă simultan?,pfa,asemanator,,nu,,pfa-contract-munca-acelasi-timp
GH-07930,Pot deschide PFA dacă sunt pensionar?,pfa,publicat,,nu,deschide-pfa-pensionar,
GH-07931,Poate un student să deschidă PFA?,pfa,candidat,,nu,,
GH-07932,Cum aleg între normă de venit și sistem real la înființarea PFA?,pfa,publicat,,nu,aleg-norma-venit-sistem-real,
GH-07933,Ce obligații fiscale apar imediat după deschiderea unui PFA?,pfa,candidat,,nu,,
GH-07934,Când depune un PFA nou prima Declarație Unică?,pfa,asemanator,,nu,,depune-srl-nou-prima-declaratie
GH-07935,Ce fac fiscal dacă înființez PFA în mijlocul anului?,pfa,candidat,,nu,,
GH-07936,Cum calculez taxele pentru un PFA înființat în cursul anului?,pfa,publicat,,nu,cum-calculez-taxele-pentru-un-pfa-infiintat-in-cursul-anului,
GH-07937,Când trebuie un PFA nou să folosească e-Factura?,pfa,asemanator,,nu,,srl-nou-foloseasca-ro-factura
GH-07938,Cum înregistrez un PFA nou în SPV?,pfa,publicat,,nu,inregistrez-pfa-nou-spv,
GH-07939,Când trebuie un PFA nou să se înregistreze în scopuri de TVA?,pfa,publicat,,nu,pfa-nou-inregistreze-scopuri-tva,
GH-07940,Ce diferențe sunt la înființare între PFA și II?,pfa,candidat,,nu,,
GH-07941,Ce obligații fiscale are o II imediat după înființare?,pfa,candidat,,nu,,
GH-07942,Cum înființez o societate pe acțiuni în 2026?,infiintare,candidat,,nu,,
GH-07943,Ce diferențe practice sunt între înființarea unui SRL și a unui SA?,infiintare,publicat,,nu,diferente-practice-infiintarea-srl,
GH-07944,"Care sunt etapele pentru dizolvarea, lichidarea și radierea unui SRL?",infiintare,candidat,,nu,,
GH-07945,Care este diferența dintre dizolvarea și radierea unei firme?,greseli,publicat,,nu,diferenta-dintre-dizolvarea-radierea-firme,
GH-07946,Care este diferența dintre lichidare și radiere?,infiintare,candidat,,nu,,
GH-07947,Pot radia direct un SRL fără procedură de lichidare?,infiintare,candidat,,nu,,
GH-07948,Cum închid un SRL cu asociat unic?,infiintare,publicat,,nu,inchid-srl-asociat-unic,
GH-07949,Cum închid un SRL cu mai mulți asociați?,infiintare,publicat,,nu,inchid-srl-multi-asociati,
GH-07950,Cât durează radierea unui SRL în 2026?,altele,asemanator,,nu,,dureaza-infiintarea-srl-2026
GH-07951,Ce acte trebuie pentru radierea unei firme la Registrul Comerțului?,altele,publicat,,nu,acte-radierea-firme-registrul-comertului,
GH-07952,Pot depune online cererea de radiere a unui SRL?,altele,publicat,,nu,depune-online-cererea-radiere-srl,
GH-07953,Cum verific dacă firma a fost radiată definitiv?,altele,candidat,,nu,,
GH-07954,Ce document dovedește radierea societății?,altele,publicat,,nu,document-dovedeste-radierea-societatii,
GH-07955,Ce obligații fiscale mai are firma după hotărârea de dizolvare?,altele,publicat,,nu,obligatii-fiscale-firma-hotararea-dizolvare,
GH-07956,Mai poate o firmă dizolvată să emită facturi?,altele,publicat,,nu,firma-dizolvata-emita-facturi,
GH-07957,Mai poate o societate în lichidare să încaseze facturi vechi?,infiintare,publicat,,nu,incasare-facturi-vechi-societate-lichidare,
GH-07958,Mai poate o firmă în lichidare să plătească furnizorii?,infiintare,publicat,,nu,firma-lichidare-plateasca-furnizorii,
GH-07959,Mai poate o societate în lichidare să vândă active?,infiintare,candidat,,nu,,
GH-07960,Mai poate o firmă în lichidare să aibă salariați?,salarizare,publicat,,nu,firma-lichidare-aiba-salariati,
GH-07961,Când trebuie încetate contractele de muncă înainte de radiere?,altele,publicat,,nu,incetate-contractele-munca-inainte-radiere,
GH-07962,Cum închid Revisalul/registrul salariaților când lichidez firma?,salarizare,publicat,,nu,inchid-revisalul-registrul-salariatilor-lichidez,
GH-07963,Ce fac cu concediile neefectuate ale salariaților la închiderea firmei?,salarizare,candidat,,nu,,
GH-07964,Cum plătesc salariile restante înainte de radiere?,salarizare,candidat,,nu,,
GH-07965,Ce declarații salariale depun pentru ultima lună de activitate?,salarizare,candidat,,nu,,
GH-07966,Când depun ultima D112 înainte de radierea firmei?,salarizare,candidat,,nu,,
GH-07967,Cum închid casieria unei firme înainte de lichidare?,casierie,candidat,,nu,,
GH-07968,Ce fac cu soldul de casă înainte de radierea SRL-ului?,altele,publicat,,nu,soldul-casa-inainte-radierea-srl,
GH-07969,Cum închid conturile bancare ale unei firme aflate în lichidare?,casierie,publicat,,nu,inchid-conturile-bancare-firme-aflate,
GH-07970,Contul bancar se închide înainte sau după radierea firmei?,casierie,candidat,,nu,,
GH-07971,Ce fac cu banii rămași în bancă la lichidarea SRL-ului?,infiintare,candidat,,nu,,
GH-07972,Cum tratez avansurile de trezorerie nejustificate înainte de radiere?,altele,publicat,,nu,tratez-avansurile-trezorerie-nejustificate-inainte,
GH-07973,Ce fac cu soldul contului 455 înainte de închiderea firmei?,altele,publicat,,nu,soldul-contului-455-inainte-inchiderea,
GH-07974,Cum restitui împrumuturile asociaților înainte de radiere?,infiintare,publicat,,nu,restitui-imprumuturile-asociatilor-inainte-radiere,
GH-07975,Ce se întâmplă dacă firma nu are bani să restituie împrumutul asociatului?,infiintare,publicat,,nu,intampla-firma-bani-restituie-imprumutul,
GH-07976,Cum tratez datoriile față de asociați la lichidarea societății?,infiintare,publicat,,nu,tratez-datoriile-asociati-lichidarea-societatii,
GH-07977,Ce fac cu creanțele neîncasate înainte de radierea firmei?,infiintare,publicat,,nu,creantele-neincasate-inainte-radierea-firmei,
GH-07978,Pot radia un SRL care mai are clienți neîncasați?,altele,publicat,,nu,radiere-srl-clienti-neincasati,
GH-07979,Cum tratez creanțele nerecuperabile la lichidarea firmei?,infiintare,publicat,,nu,tratez-creantele-nerecuperabile-lichidarea-firmei,
GH-07980,Ce fac cu furnizorii neachitați înainte de radiere?,altele,publicat,,nu,furnizorii-neachitati-inainte-radiere,
GH-07981,Pot închide o firmă care are datorii către furnizori?,altele,publicat,,nu,inchidere-firma-cu-datorii-furnizori,
GH-07982,Pot radia un SRL care are datorii la ANAF?,altele,candidat,,nu,,
GH-07983,Cum aflu dacă firma are obligații fiscale restante înainte de lichidare?,infiintare,candidat,,nu,,
GH-07984,Este necesar certificatul de atestare fiscală pentru radierea firmei?,infiintare,candidat,,nu,,
GH-07985,Cum obțin certificatul fiscal înainte de lichidarea societății?,infiintare,candidat,,nu,,
GH-07986,Poate ANAF face control înainte de radierea unui SRL?,altele,publicat,,da,anaf-control-inainte-radierea-srl,
GH-07987,Ce se întâmplă dacă începe un control fiscal în timpul lichidării?,control_fiscal,candidat,,nu,,
GH-07988,Poate fi radiată firma cât timp există un control fiscal în desfășurare?,control_fiscal,candidat,,nu,,
GH-07989,Ce fac dacă ANAF stabilește obligații suplimentare în timpul lichidării?,altele,candidat,,nu,,
GH-07990,Cum închid TVA-ul unei firme care intră în lichidare?,tva,publicat,,nu,inchid-tva-ul-firme-intra,
GH-07991,Când se anulează codul de TVA la încetarea activității?,tva,publicat,,nu,anuleaza-codul-tva-incetarea-activitatii,
GH-07992,Ce fac cu TVA deductibilă rămasă la lichidarea firmei?,tva,publicat,,nu,tva-deductibila-ramasa-lichidarea-firmei,
GH-07993,Cum se ajustează TVA pentru bunurile rămase la închiderea societății?,tva,asemanator,,nu,,tva-bunuri-ramase-inchidere-societate
GH-07994,Cum se ajustează TVA pentru mijloacele fixe rămase la lichidare?,tva,publicat,,nu,ajusteaza-tva-mijloacele-fixe-ramase,
GH-07995,Cum se tratează TVA pentru stocurile rămase la radierea firmei?,tva,candidat,,nu,,
GH-07996,Cum se declară ultima perioadă fiscală în D300?,tva,publicat,,nu,declara-ultima-perioada-fiscala-d300,
GH-07997,Când depun ultima D394 înainte de radiere?,tva,publicat,,nu,depun-ultima-d394-inainte-radiere,
GH-07998,Când depun ultima D390 a unei firme care se închide?,ic_ue,publicat,,nu,depun-ultima-d390-firme-inchide,
GH-07999,Când depun ultima D406 SAF-T pentru o societate radiată?,declaratii_speciale,publicat,,nu,depun-ultima-d406-saft-societate,
GH-08000,Ce fac cu facturile primite după începerea lichidării?,altele,publicat,,nu,facturile-primite-inceperea-lichidarii,
GH-08001,Ce fac dacă primesc o factură după radierea firmei?,infiintare,publicat,,nu,primesc-factura-radierea-firmei,
GH-08002,Cum corectez o factură emisă înainte de radiere după ce firma s-a închis?,greseli,candidat,,nu,,
GH-08003,Ce fac cu e-Factura când societatea intră în lichidare?,spv,publicat,,nu,factura-societatea-intra-lichidare,
GH-08004,Când încetează obligația de transmitere prin RO e-Factura la lichidare?,spv,publicat,,nu,inceteaza-obligatia-transmitere-ro-factura,
GH-08005,Cum închid accesul firmei la SPV după radiere?,spv,publicat,,nu,inchid-accesul-firmei-spv-radiere,
GH-08006,Ce declarație fiscală se depune pentru radierea înregistrării fiscale?,altele,candidat,,nu,,
GH-08007,Cum se folosește D700 la radierea fiscală în 2026?,altele,candidat,,nu,,
GH-08008,Ce document trebuie anexat la declarația de radiere fiscală?,altele,candidat,,nu,,
GH-08009,Ce se întâmplă cu certificatul de înregistrare fiscală la radiere?,altele,candidat,,nu,,
GH-08010,Cum închid vectorul fiscal înainte de radierea societății?,altele,publicat,,nu,inchid-vectorul-fiscal-inainte-radierea,
GH-08011,Cum verific dacă firma a fost radiată și din evidența ANAF?,altele,candidat,,nu,,
GH-08012,Ce fac dacă firma apare activă fiscal după radierea de la Registrul Comerțului?,altele,publicat,,nu,firma-apare-activa-fiscal-radierea,
GH-08013,Ce situații financiare trebuie întocmite la lichidarea unui SRL?,infiintare,publicat,,nu,situatii-financiare-lichidare-srl,
GH-08014,Când se întocmește bilanțul de lichidare?,infiintare,candidat,,nu,,
GH-08015,Cum se întocmesc situațiile financiare de lichidare?,infiintare,publicat,,nu,intocmesc-situatiile-financiare-lichidare,
GH-08016,Ce balanță trebuie pregătită înainte de lichidarea firmei?,infiintare,candidat,,nu,,
GH-08017,Cum închid conturile de venituri și cheltuieli la lichidare?,infiintare,publicat,,nu,inchid-conturile-venituri-cheltuieli-lichidare,
GH-08018,Cum tratez pierderea contabilă rămasă la închiderea societății?,altele,publicat,,nu,tratez-pierderea-contabila-ramasa-inchiderea,
GH-08019,Cum tratez profitul nerepartizat la lichidarea firmei?,infiintare,publicat,,nu,tratez-profitul-nerepartizat-lichidarea-firmei,
GH-08020,Ce fac cu rezervele societății la lichidare?,infiintare,publicat,,nu,rezervele-societatii-lichidare (+1 dubluri),
GH-08021,Cum tratez rezerva legală la radierea firmei?,infiintare,publicat,,nu,tratez-rezerva-legala-radierea-firmei,
GH-08022,Cum tratez rezultatul reportat la lichidarea SRL-ului?,infiintare,publicat,,nu,tratez-rezultatul-reportat-lichidarea-srl,
GH-08023,Ce se întâmplă cu dividendele aprobate și neplătite la lichidare?,declaratii_speciale,publicat,,nu,intampla-dividendele-aprobate-neplatite-lichidare,
GH-08024,Pot distribui dividende înainte de radierea societății?,declaratii_speciale,publicat,,nu,distribui-dividende-inainte-radierea-societatii,
GH-08025,Cum tratez dividendele neridicate de asociați la lichidare?,declaratii_speciale,publicat,,nu,tratez-dividendele-neridicate-asociati-lichidare,
GH-08026,Cum se distribuie banii rămași asociaților după plata datoriilor?,infiintare,publicat,,nu,distribuie-banii-ramasi-asociatilor-plata,
GH-08027,Cum se distribuie activele rămase între asociați la lichidare?,infiintare,publicat,,nu,distribuie-activele-ramase-asociati-lichidare,
GH-08028,Cum se tratează fiscal bunurile primite de asociat la lichidarea firmei?,infiintare,publicat,,nu,trateaza-fiscal-bunurile-primite-asociat,
GH-08029,Cum transfer un autoturism către asociat la lichidarea SRL-ului?,infiintare,publicat,,nu,transfer-autoturism-asociat-lichidarea-srl,
GH-08030,Cum transfer un imobil către asociat la lichidarea societății?,infiintare,publicat,,nu,transfer-imobil-asociat-lichidarea-societatii,
GH-08031,Cum tratez stocurile rămase când închid firma?,stocuri,publicat,,nu,tratez-stocurile-ramase-inchid-firma,
GH-08032,Pot vinde toate stocurile înainte de radierea SRL-ului?,stocuri,candidat,,nu,,
GH-08033,Cum scot din gestiune stocurile rămase la lichidare?,stocuri,publicat,,nu,scot-gestiune-stocurile-ramase-lichidare,
GH-08034,Ce fac cu obiectele de inventar rămase la închiderea firmei?,altele,publicat,,nu,obiectele-inventar-ramase-inchiderea-firmei,
GH-08035,Cum scot din evidență mijloacele fixe complet amortizate înainte de radiere?,mijloace_fixe,publicat,,nu,scot-evidenta-mijloacele-fixe-complet,
GH-08036,Ce fac cu mijloacele fixe neamortizate la lichidarea firmei?,mijloace_fixe,publicat,,nu,mijloacele-fixe-neamortizate-lichidarea-firmei,
GH-08037,Cum tratez fiscal vânzarea activelor înainte de radierea societății?,altele,publicat,,nu,tratez-fiscal-vanzarea-activelor-inainte,
GH-08038,Cum calculez impozitul pe profit pentru perioada de lichidare?,profit,publicat,,da,calculez-impozitul-profit-perioada-lichidare,
GH-08039,Cum calculez obligațiile unui SRL micro care intră în lichidare?,infiintare,publicat,,nu,calculez-obligatiile-srl-micro-intra,
GH-08040,Când depun ultima D101 pentru o societate care se lichidează?,profit,publicat,,nu,ultima-d101-la-lichidarea-societatii,
GH-08041,Cum tratez pierderea fiscală nerecuperată la radierea firmei?,profit,publicat,,nu,tratez-pierderea-fiscala-nerecuperata-radierea,
GH-08042,Ce se întâmplă cu impozitul plătit în plus la radierea societății?,altele,candidat,,nu,,
GH-08043,Cum cer restituirea banilor de la ANAF înainte de închiderea firmei?,altele,publicat,,nu,cer-restituirea-banilor-anaf-inainte,
GH-08044,Pot radia firma dacă are TVA de recuperat?,tva,asemanator,,nu,,radia-firma-tva-recuperat
GH-08045,Ce fac cu TVA de recuperat înainte de radierea SRL-ului?,tva,asemanator,,nu,,soldul-casa-inainte-radierea-srl
GH-08046,Cum închid un PFA în 2026?,pfa,asemanator,,da,,infiintez-pfa-2026
GH-08047,Ce obligații fiscale am după radierea PFA?,pfa,publicat,,nu,obligatii-fiscale-radierea-pfa,
GH-08048,Când depun ultima Declarație Unică după închiderea PFA?,pfa,publicat,,nu,depun-ultima-declaratie-unica-inchiderea,
GH-08049,Cum tratez stocurile rămase la radierea unui PFA?,pfa,candidat,,nu,,
GH-08050,Ce fac cu mijloacele fixe ale PFA după încetarea activității?,pfa,publicat,,nu,mijloacele-fixe-pfa-incetarea-activitatii,
GH-08051,Cum închid o întreprindere individuală în 2026?,pfa,asemanator,,da,,infiintez-intreprindere-individuala-2026
GH-08052,Ce declarații depune o II după radiere?,pfa,publicat,,nu,declaratii-depune-ii-radiere,
GH-08053,Pot redeschide ulterior un PFA pe care l-am radiat?,pfa,publicat,,nu,redeschide-ulterior-pfa-l-radiat,
GH-08054,Pot înființa un nou SRL după ce am radiat firma veche?,infiintare,publicat,,nu,infiinta-nou-srl-radiat-firma,
GH-08055,Ce se întâmplă cu documentele contabile după radierea firmei?,infiintare,publicat,,nu,intampla-documentele-contabile-radierea-firmei,
GH-08056,Cât timp trebuie păstrate,altele,candidat,,nu,,
GH-08057,Înființare firmă 2026: ce forme juridice pot alege și cum decid,infiintare,candidat,,nu,,
GH-08058,Cum aleg între SRL și PFA pentru o afacere nouă în 2026,pfa,publicat,,nu,aleg-srl-pfa-afacere-noua,
GH-08059,Înființare SRL cu răspundere limitată: ce protejează de fapt,infiintare,asemanator,,nu,,infiintare-srl-protejeaza-fapt-raspunderea
GH-08060,Când e mai avantajos să înființezi un SRL decât un PFA,pfa,candidat,,nu,,
GH-08061,Înființare microîntreprindere 2026: se mai poate înființa cu regim micro,infiintare,publicat,,nu,infiintare-microintreprindere-2026-infiinta-regim,
GH-08062,Pot înființa un SRL și să aleg micro din prima zi de activitate,infiintare,candidat,,nu,,
GH-08063,Înființare firmă cu obiect de activitate mixt: ce coduri CAEN aleg,infiintare,candidat,,nu,,
GH-08064,Cum stabilesc codul CAEN principal pentru noul SRL,altele,candidat,,nu,,
GH-08065,Eroarea de a alege un CAEN greșit la înființare: cum o corectez,infiintare,publicat,,nu,eroarea-alege-caen-gresit-infiintare,
GH-08066,Înființare SRL cu activitate online: coduri CAEN necesare,infiintare,candidat,,nu,,
GH-08067,Cum înființez o firmă pentru un e-commerce în 2026,infiintare,candidat,,nu,,
GH-08068,Înființare firmă de consultanță: acte și obligații speciale,infiintare,candidat,,nu,,
GH-08069,Înființare cabinet individual de psihologie vs SRL: ce aleg,infiintare,publicat,,nu,infiintare-cabinet-individual-psihologie-vs,
GH-08070,Înființare societate de avocați 2026: condiții speciale,infiintare,candidat,,nu,,
GH-08071,Înființare firmă de arhitectură: avize necesare,infiintare,candidat,,nu,,
GH-08072,Înființare firmă în domeniul medical: autorizări speciale,infiintare,publicat,,nu,infiintare-firma-domeniul-medical-autorizari,
GH-08073,Înființare farmacie ca SRL: condiții legale,infiintare,candidat,,nu,,
GH-08074,Înființare firmă de taxi: autorizații și cod CAEN,infiintare,candidat,,nu,,
GH-08075,Înființare firmă de transport persoane: ce licențe îmi trebuie,infiintare,candidat,,nu,,
GH-08076,Înființare firmă în construcții: atestat și autorizare,infiintare,candidat,,nu,,
GH-08077,Înființare firmă de securitate și pază: autorizare specială,infiintare,publicat,,nu,infiintare-firma-securitate-paza-autorizare,
GH-08078,Înființare firmă de jocuri de noroc: licențiere specială,infiintare,publicat,,nu,infiintare-firma-jocuri-noroc-licentiere,
GH-08079,Înființare firmă de colectare deșeuri: autorizații de mediu,infiintare,candidat,,nu,,
GH-08080,Înființare firmă cu activitate de producție alimentară: avize,infiintare,publicat,,nu,infiintare-firma-activitate-productie-alimentara,
GH-08081,Înființare firmă pentru servicii de alimentație publică,infiintare,publicat,,nu,infiintare-firma-servicii-alimentatie-publica,
GH-08082,Înființare firmă de turism: licență de turism,infiintare,publicat,,nu,infiintare-firma-turism-licenta-turism,
GH-08083,Înființare agenție de turism: pași specifici 2026,infiintare,publicat,,nu,infiintare-agentie-turism-pasi-specifici,
GH-08084,Înființare firmă de asigurări: autorizare ASF,infiintare,candidat,,nu,,
GH-08085,Înființare IFN: condiții și capital minim,infiintare,candidat,,nu,,
GH-08086,Înființare casă de schimb valutar: autorizare BNR,casierie,publicat,,nu,infiintare-casa-schimb-valutar-autorizare,
GH-08087,Înființare firmă de credite: reguli speciale,infiintare,candidat,,nu,,
GH-08088,Înființare entitate non-profit 2026: asociație vs fundație,infiintare,candidat,,nu,,
GH-08089,Cum înființez o asociație în 2026 pas cu pas,infiintare,publicat,,nu,infiintez-asociatie-2026-pas-pas,
GH-08090,Înființare fundație 2026: documente și condiții,infiintare,publicat,,nu,infiintare-fundatie-2026-documente-conditii,
GH-08091,Diferența dintre asociație și fundație la înființare,infiintare,publicat,,nu,diferenta-dintre-asociatie-fundatie-infiintare,
GH-08092,Înființare cooperative agricole: particularități,infiintare,candidat,,nu,,
GH-08093,Înființare firmă de familie: se mai poate,infiintare,publicat,,nu,infiintare-firma-familie,
GH-08094,Înființare întreprindere familială 2026: condiții,pfa,candidat,,nu,,
GH-08095,Cum se înființează o societate agricolă,infiintare,candidat,,nu,,
GH-08096,Înființare PFA pentru meserii liberale: ce profesii se pot,pfa,publicat,,nu,infiintare-pfa-meserii-liberale-profesii,
GH-08097,Înființare PFA fără studii de specialitate: se poate,pfa,publicat,,nu,infiintare-pfa-studii-specialitate,
GH-08098,Cum obțin atestatul pentru profesiile liberale,altele,candidat,,nu,,
GH-08099,Înființare PFA pentru activitate de traducător autorizat,pfa,candidat,,nu,,
GH-08100,Înființare PFA pentru un contabil independent,pfa,publicat,,nu,infiintare-pfa-contabil-independent,
GH-08101,Înființare PFA pentru consultant fiscal,pfa,candidat,,nu,,
GH-08102,Înființare PFA pentru un electrician autorizat,pfa,publicat,,nu,infiintare-pfa-electrician-autorizat,
GH-08103,Înființare PFA pentru o persoană cu activitate sezonieră,pfa,candidat,,nu,,
GH-08104,Cum îmi suspend PFA-ul când nu am activitate,pfa,publicat,,nu,imi-suspend-pfa-ul-activitate,
GH-08105,Înființare II cu un singur membru: când e potrivit,pfa,publicat,,nu,infiintare-ii-singur-membru-potrivit,
GH-08106,Înființare II cu mai mulți membri: documente,pfa,candidat,,nu,,
GH-08107,Cum transform o II în SRL,pfa,publicat,,nu,transform-ii-srl,
GH-08108,Înființare SA cu un singur acționar: se poate,infiintare,publicat,,nu,infiintare-singur-actionar,
GH-08109,Înființare SA cu acționariat minoritar: condiții,infiintare,candidat,,nu,,
GH-08110,Capitalul minim la înființarea unei SA 2026,infiintare,publicat,,nu,capitalul-minim-infiintarea-2026,
GH-08111,Cum se constituie aportul în numerar la o SA,casierie,candidat,,nu,,
GH-08112,Depunerea capitalului social la o SA: termene,infiintare,publicat,,nu,depunerea-capitalului-social-termene,
GH-08113,Înființare SRL cu capital minim mai mare: de ce ar fi util,infiintare,publicat,,nu,infiintare-srl-capital-minim-mare,
GH-08114,Riscurile unui SRL cu capital social foarte mic,infiintare,candidat,,nu,,
GH-08115,Înființare SRL cu mai mulți asociați și aporturi diferite,infiintare,publicat,,nu,infiintare-srl-multi-asociati-aporturi,
GH-08116,Cum stabilesc cotele de participare între asociații unui SRL,infiintare,publicat,,nu,stabilesc-cotele-participare-asociatii-srl,
GH-08117,Divergențe între asociați la constituire: cum le previi,infiintare,publicat,,nu,divergente-asociati-constituire-previi,
GH-08118,Înființare SRL cu un asociat minor: se poate,infiintare,candidat,,nu,,
GH-08119,Înființare firmă în care asociatul e o altă firmă,infiintare,candidat,,nu,,
GH-08120,Documente pentru înființarea unui SRL la care asociat e o persoană juridică,infiintare,publicat,,nu,documente-infiintarea-srl-asociat-persoana,
GH-08121,Înființare SRL cu asociat nerezident ce nu poate veni în țară,infiintare,candidat,,nu,,
GH-08122,Cum semnez actele la înființare de la distanță,infiintare,candidat,,nu,,
GH-08123,Înființare firmă prin împuternicit cu procură specială,infiintare,publicat,,nu,infiintare-firma-imputernicit-procura-speciala,
GH-08124,Cum obțin semnătura electronică pentru înființarea firmei,infiintare,candidat,,nu,,
GH-08125,Înființare firmă online 100% fără drumuri la ONRC,infiintare,publicat,,nu,infiintare-firma-online-100-drumuri,
GH-08126,Cum rezerv numele firmei înainte de depunerea dosarului,altele,publicat,,nu,rezerv-numele-firmei-inainte-depunerea,
GH-08127,Ce denumiri sunt respinse la ONRC și de ce,infiintare,candidat,,nu,,
GH-08128,Cum verific dacă numele firmei mele nu e deja folosit,altele,publicat,,nu,verific-numele-firmei-deja-folosit,
GH-08129,Riscul de confuzie de denumire la înființare,infiintare,asemanator,,nu,,riscul-confuzie-denumire-infiintarea-firmei
GH-08130,Înființare firmă cu denumire în limba engleză: se poate,infiintare,publicat,,nu,infiintare-firma-denumire-limba-engleza,
GH-08131,Cum stabilesc obiectul de activitate neexclusiv la SRL,altele,candidat,,nu,,
GH-08132,Înființare SRL fără obiect de activitate clar: riscuri,infiintare,publicat,,nu,infiintare-srl-obiect-activitate-clar,
GH-08133,Cum scriu corect obiectul de activitate în actul constitutiv,altele,candidat,,nu,,
GH-08134,Eroare de obiect de activitate la înființare: cum corectez,infiintare,candidat,,nu,,
GH-08135,Sediul social la ONRC: ce documente dovedesc folosința,infiintare,candidat,,nu,,
GH-08136,Cum obțin acordul proprietarului pentru sediul social,altele,candidat,,nu,,
GH-08137,Sediul social la o firmă de contabilitate: condiții,altele,publicat,,nu,sediul-social-firma-contabilitate-conditii,
GH-08138,Activități care nu se pot desfășura la sediu: restricții,altele,candidat,,nu,,
GH-08139,Înființare firmă cu punct de lucru în alt oraș,infiintare,candidat,,nu,,
GH-08140,Cum declar punctul de lucru la înființarea firmei,infiintare,candidat,,nu,,
GH-08141,Diferența dintre sediu social și punct de lucru fiscal,greseli,candidat,,nu,,
GH-08142,Înființare firmă cu cod de TVA de la început: cum procedez,tva,candidat,,nu,,
GH-08143,Cum depun D010 pentru înregistrarea în scopuri de TVA la înființare,tva,candidat,,nu,,
GH-08144,Opțiunea de TVA la înființarea firmei: de ce ar fi util,tva,candidat,,nu,,
GH-08145,Cum evit să fiu înregistrat din oficiu în scopuri de TVA,tva,candidat,,nu,,
GH-08146,Înființare firmă și micro din start: ce completez în D010,infiintare,candidat,,nu,,
GH-08147,Cum aleg vectorul fiscal corect la înființare,infiintare,publicat,,nu,aleg-vectorul-fiscal-corect-infiintare,
GH-08148,Ce se întâmplă dacă greșesc vectorul fiscal la înființare,infiintare,publicat,,nu,intampla-gresesc-vectorul-fiscal-infiintare,
GH-08149,Înființare firmă nouă: primele declarații fiscale obligatorii,infiintare,candidat,,nu,,
GH-08150,Cum obțin certificatul de înregistrare fiscală al firmei noi,altele,publicat,,nu,obtin-certificatul-inregistrare-fiscala-firmei,
GH-08151,Cum verific dacă firma nou înființată e activă fiscal,infiintare,candidat,,nu,,
GH-08152,Termenul de înregistrare la ANAF după înființare,infiintare,candidat,,nu,,
GH-08153,Primele obligații la ONRC după înființarea SRL,infiintare,candidat,,nu,,
GH-08154,Înființare firmă și deschiderea contului bancar obligatoriu,casierie,candidat,,nu,,
GH-08155,Cum aleg banca pentru firmă nou înființată în 2026,infiintare,publicat,,nu,aleg-banca-firma-nou-infiintata,
GH-08156,Cont bancar obligatoriu înainte de vărsarea capitalului,casierie,candidat,,nu,,
GH-08157,Cum depun capitalul social la bancă: pas cu pas,infiintare,candidat,,nu,,
GH-08158,Dovada vărsării capitalului: documente ONRC,infiintare,candidat,,nu,,
GH-08159,Înființare firmă și primul contract de muncă: cum procedez,infiintare,publicat,,nu,infiintare-firma-primul-contract-munca,
GH-08160,Înregistrarea firmei în REVISAL la înființare,infiintare,publicat,,nu,inregistrarea-firmei-revisal-infiintare,
GH-08161,Autorizarea firmei la inspectoratul teritorial de muncă,altele,candidat,,nu,,
GH-08162,Înființare firmă și SSM: obligații obligatorii,infiintare,publicat,,nu,infiintare-firma-ssm-obligatii-obligatorii,
GH-08163,Cum desemnez responsabilul SSM pentru firma nouă,altele,candidat,,nu,,
GH-08164,Înființare firmă nouă și medicina muncii,infiintare,publicat,,nu,infiintare-firma-noua-medicina-muncii,
GH-08165,Cum mă înscriu la un serviciu medical pentru salariați,salarizare,candidat,,nu,,
GH-08166,Înființare firmă și primul angajat: ce contribuții apar,infiintare,publicat,,nu,infiintare-firma-si-primul-angajat-ce-contributii-apar,
GH-08167,Înființare SRL cu un asociat unic care e și angajat,infiintare,publicat,,nu,infiintare-srl-asociat-unic-angajat,
GH-08168,Cum evit confuzia dintre asociat și salariat la înființare,salarizare,candidat,,nu,,
GH-08169,Înființare firmă nouă și contractul de mandat pentru administrator,infiintare,publicat,,nu,infiintare-firma-noua-contractul-mandat,
GH-08170,Cum se nominalizează primul administrator la înființare,infiintare,publicat,,nu,nominalizeaza-primul-administrator-infiintare,
GH-08171,Ce puteri are administratorul la înființarea firmei,infiintare,publicat,,nu,puteri-administratorul-infiintarea-firmei,
GH-08172,Înființare firmă cu cenzor obligatoriu: când e necesar,infiintare,publicat,,nu,infiintare-firma-cenzor-obligatoriu-necesar,
GH-08173,Înființare SA cu un consiliu de administrație,infiintare,candidat,,nu,,
GH-08174,Cum se aleg membrii consiliului de administrație la SA,altele,publicat,,nu,aleg-membrii-consiliului-administratie,
GH-08175,Înființare firmă și registrul de asociati: obligație legală,infiintare,publicat,,nu,infiintare-firma-registrul-asociati-obligatie,
GH-08176,Cum țin registrul de asociati al unui SRL nou,infiintare,candidat,,nu,,
GH-08177,Registrul de acțiuni la o SA: cum se întocmește,altele,asemanator,,nu,,registrul-actionarilor-intocmeste
GH-08178,Costurile reale de înființare a unei firme în 2026: detaliate,infiintare,asemanator,,nu,,costurile-reale-infiintare-firme-2026
GH-08179,Cum reduc costul de înființare a unui SRL,infiintare,candidat,,nu,,
GH-08180,Taxele ONRC 2026: cât plătesc pentru fiecare serviciu,infiintare,candidat,,nu,,
GH-08181,Cum plătesc taxele de înființare către ONRC,infiintare,candidat,,nu,,
GH-08182,Termenul de emitere a certificatului de înmatriculare,control_fiscal,publicat,,nu,termenul-emitere-certificatului-inmatriculare,
GH-08183,Am depus dosarul de înființare: ce urmează pas cu pas,infiintare,candidat,,nu,,
GH-08184,Primul an de activitate al firmei: obligații pe lună,altele,publicat,,nu,primul-an-activitate-firmei-obligatii,
GH-08185,Cum îmi organizez contabilitatea de la prima zi de firmă,altele,publicat,,nu,imi-organizez-contabilitatea-prima-zi,
GH-08186,Am nevoie de contabil din prima zi de activitate,altele,publicat,,nu,nevoie-contabil-prima-zi-activitate,
GH-08187,Înființare firmă și alegerea programului de contabilitate,infiintare,publicat,,nu,infiintare-firma-alegerea-programului-contabilitate,
GH-08188,Cum aleg un contabil autorizat pentru o firmă nouă,altele,candidat,,nu,,
GH-08189,Ce documente îi predau contabilului la înființare,infiintare,candidat,,nu,,
GH-08190,Greșeli frecvente la înființarea unei firme și cum le eviți,infiintare,candidat,,nu,,
GH-08191,Riscuri la înființarea firmei pe numele altcuiva,infiintare,candidat,,nu,,
GH-08192,De ce să nu înființeze firma pe numele unui terț,infiintare,candidat,,nu,,
GH-08193,Influența istoricului fiscal personal la înființarea firmei,infiintare,candidat,,nu,,
GH-08194,Pot înființa firmă dacă am datorii la ANAF,infiintare,asemanator,,nu,,infiinta-srl-datorii-personale-anaf
GH-08195,Pot înființa firmă dacă sunt în insolvență personală,infiintare,candidat,,nu,,
GH-08196,Pot înființa firmă dacă am interdicție de a fi administrator,infiintare,asemanator,,nu,,infiinta-firma-interdictie-administrator
GH-08197,Cazierul fiscal pentru înființarea firmei: ce contează,infiintare,candidat,,nu,,
GH-08198,Modificare SRL 2026: actele necesare pentru schimbări frecvente,altele,publicat,,nu,modificare-srl-2026-actele-necesare,
GH-08199,Cum majorare de capital social: documente și termen,infiintare,candidat,,nu,,
GH-08200,Caracterul anticompetitiv al majorării de capital: precauții,altele,candidat,,nu,,
GH-08201,Cum înregistrez un aport nou de numerar la SRL,casierie,candidat,,nu,,
GH-08202,Majorarea capitalului din conversia datoriilor în capital,altele,candidat,,nu,,
GH-08203,Reducerea capitalului pentru acoperirea pierderilor,altele,candidat,,nu,,
GH-08204,Reducerea capitalului și protecția creditorilor: formalități,altele,candidat,,nu,,
GH-08205,Modificare act constitutiv: când e nevoie de AGA,altele,candidat,,nu,,
GH-08206,Cum convoc adunarea generală pentru o modificare,altele,asemanator,,nu,,convoc-adunarea-generala-asociatilor-modificare
GH-08207,Hotărârea AGA de modificare: cine o semnează,altele,publicat,,nu,hotararea-aga-modificare-semneaza,
GH-08208,Modificare sediu social în același oraș: formalități reduse,altele,publicat,,nu,modificare-sediu-social-acelasi-oras,
GH-08209,Modificare sediu social și impactul asupra contractelor,altele,candidat,,nu,,
GH-08210,Notificarea clienților și furnizorilor despre schimbarea sediului,control_fiscal,asemanator,,nu,,notificarea-clientilor-furnizorilor-schimbarea-sediului
GH-08211,Modificare administrator: cum se radiază cel vechi,infiintare,candidat,,nu,,
GH-08212,Răspunderea administratorului care iese din funcție,infiintare,publicat,,nu,raspunderea-administratorului-iese-functie,
GH-08213,Modificare asociat prin donație de părți sociale,infiintare,publicat,,nu,modificare-asociat-donatie-parti-sociale,
GH-08214,Cesiunea părților sociale cu plata în rate,altele,publicat,,nu,cesiunea-partilor-sociale-plata-rate,
GH-08215,Contract de cesiune părți sociale: clauze esențiale,altele,publicat,,nu,contract-cesiune-parti-sociale-clauze,
GH-08216,Impozitarea câștigului din cesiunea părților sociale 2026,altele,publicat,,nu,impozitarea-castigului-cesiunea-partilor-sociale,
GH-08217,Cum se înregistrează cesiunea la ONRC,infiintare,publicat,,nu,inregistreaza-cesiunea-onrc,
GH-08218,Modificare obiect de activitate pentru a adăuga servicii noi,altele,publicat,,nu,modificare-obiect-activitate-adauga-servicii,
GH-08219,Cum adaug un cod CAEN secundar: procedură,altele,candidat,,nu,,
GH-08220,Coduri CAEN care necesită avize la modificare,altele,publicat,,nu,coduri-caen-necesita-avize-modificare,
GH-08221,Modificarea obiectului de activitate și efectul asupra impozitării,altele,publicat,,nu,modificarea-obiectului-activitate-efectul-asupra,
GH-08222,Suspendare activitate SRL: când e recomandată,altele,publicat,,nu,suspendare-activitate-srl-recomandata,
GH-08223,Drepturile și obligațiile pe durata suspendării,altele,candidat,,nu,,
GH-08224,Suspendare firmă și protecția angajaților,altele,publicat,,nu,suspendare-firma-protectia-angajatilor,
GH-08225,Cum reactivez firma după suspendare fără probleme,altele,publicat,,nu,reactivez-firma-suspendare-probleme,
GH-08226,Suspendarea și vectorul fiscal: ce se întâmplă,altele,candidat,,nu,,
GH-08227,Suspendare firmă cu datorii la buget,altele,publicat,,nu,suspendare-firma-datorii-buget,
GH-08228,Lichidarea firmei 2026: ce trebuie să știu din start,infiintare,candidat,,nu,,
GH-08229,Cum decid între lichidare și insolvență,infiintare,publicat,,nu,decid-lichidare-insolventa,
GH-08230,Lichidarea voluntară pas cu pas pentru un SRL mic,infiintare,candidat,,nu,,
GH-08231,Cine poate fi lichidator al unei firme mici,altele,publicat,,nu,lichidator-firme-mici,
GH-08232,Cum negociez onorariul lichidatorului,altele,candidat,,nu,,
GH-08233,Termenul de lichidare a unui SRL în 2026,infiintare,candidat,,nu,,
GH-08234,Bilanțul de deschidere și de închidere la lichidare,infiintare,asemanator,,nu,,bilant-deschidere-inchidere-lichidare
GH-08235,Cum public lichidarea în Monitorul Oficial,infiintare,publicat,,nu,public-lichidarea-monitorul-oficial,
GH-08236,Termenul de opoziție al creditorilor la lichidare,infiintare,candidat,,nu,,
GH-08237,Ce fac dacă un creditor se opune lichidării,altele,publicat,,nu,creditor-opune-lichidarii,
GH-08238,Ordinea plății creditorilor la lichidare,infiintare,candidat,,nu,,
GH-08239,Cum se distribuie capitalul rămas între asociați,infiintare,publicat,,nu,distribuie-capitalul-ramas-asociati,
GH-08240,Impozitarea sumelor primite de asociați la lichidare,infiintare,publicat,,nu,impozitarea-sumelor-primite-asociati-lichidare,
GH-08241,Lichidarea cu bunuri rămase în patrimoniu: cum procedez,infiintare,publicat,,nu,lichidarea-bunuri-ramase-patrimoniu-procedez,
GH-08242,Cum radiez firma de la ONRC după lichidare,infiintare,asemanator,,nu,,radiezi-firma-onrc-lichidare
GH-08243,Documentele finale la radierea firmei,infiintare,candidat,,nu,,
GH-08244,Amenda pentru nefinalizarea lichidării la timp,control_fiscal,candidat,,nu,,
GH-08245,Radierea firmei cu angajați: pași corecți,infiintare,publicat,,nu,radierea-firmei-angajati-pasi-corecti,
GH-08246,Cum se solutionează contractele de muncă la lichidare,infiintare,publicat,,nu,solutioneaza-contractele-munca-lichidare,
GH-08247,Radierea firmel fără activitate de ani de zile,infiintare,asemanator,,nu,,radierea-firmei-activitate-ani-zile
GH-08248,Radierea din oficiu și cum o contest,altele,candidat,,da,,
GH-08249,Cum reactivez o firmă radiată din greșeală,greseli,publicat,,nu,reactivez-firma-radiata-greseala,
GH-08250,Firmele dizolvate automat de ONRC: ce trebuie să știu,infiintare,candidat,,nu,,
GH-08251,Lichidarea unui PFA cu datorii,pfa,candidat,,nu,,
GH-08252,Închiderea unui cabinet individual de avocat,altele,candidat,,nu,,
GH-08253,Radierea unui cabinet medical,altele,publicat,,nu,radierea-cabinet-medical,
GH-08254,Radierea unei farmacii: autorizări de revocat,altele,candidat,,nu,,
GH-08255,Închiderea unei firme în insolvență: se poate,altele,candidat,,nu,,
GH-08256,Cum se închide o firmă cu executări silite pe bunuri,altele,candidat,,nu,,
GH-08257,Închiderea firmei și soldul TVA de recuperat,tva,publicat,,nu,inchiderea-firmei-soldul-tva-recuperat,
GH-08258,Recuperarea TVA-ului la închiderea firmei,tva,publicat,,nu,recuperarea-tva-ului-inchiderea-firmei,
GH-08259,Ultima declarație fiscală înainte de radiere,altele,candidat,,nu,,
GH-08260,Cum știu că nu mai am obligații după radiere,altele,publicat,,nu,stiu-obligatii-radiere,
GH-08261,Certificatul de radiere și cazierul fiscal final,altele,candidat,,nu,,
GH-08262,Ce se întâmplă cu documentele contabile după radiere,altele,asemanator,,nu,,intampla-documentele-contabile-radierea-firmei
GH-08263,Cum arhivez contabilitatea firmei radiate,altele,candidat,,nu,,
GH-08264,Termenul legal de păstrare a documentelor după lichidare,infiintare,publicat,,nu,termenul-legal-pastrare-documentelor-lichidare,
GH-08265,Cum vând o firmă în loc să o lichidez,altele,candidat,,nu,,
GH-08266,Etapele vânzării unei firme funcționale,altele,candidat,,nu,,
GH-08267,Due diligence pentru cumpărătorul unei firme mici,altele,candidat,,nu,,
GH-08268,Riscurile cumpărării unei firme cu istoric,altele,candidat,,nu,,
GH-08269,Cum verific datoriile ascunse ale firmei de vânzare,altele,candidat,,nu,,
GH-08270,Contractul de vânzare-cumpărare de părți sociale,altele,publicat,,nu,contractul-vanzare-cumparare-parti-sociale,
GH-08271,Impozitarea vânzării părților sociale în 2026,altele,publicat,,nu,impozitarea-vanzarii-partilor-sociale-2026,
GH-08272,Autorizarea schimbării de acționariat la ONRC,infiintare,candidat,,nu,,
GH-08273,Noutăți legislative 2026 privind înființarea firmelor,infiintare,publicat,,nu,noutati-legislative-2026-privind-infiintarea,
GH-08274,Ce se schimbă la ONRC în 2026 pentru antreprenori,infiintare,publicat,,nu,schimba-onrc-2026-antreprenori,
GH-08275,Digitalizarea procedurilor de înmatriculare 2026,altele,publicat,,nu,digitalizarea-procedurilor-inmatriculare-2026,
GH-08276,Registrul Beneficiarilor Reali la înființare: obligații 2026,infiintare,candidat,,nu,,
GH-08277,Cum se completează declarația de beneficiar real,altele,publicat,,nu,completeaza-declaratia-beneficiar-real,
GH-08278,Amenda pentru nedepunerea datelor beneficiarului real,control_fiscal,candidat,,nu,,
GH-08279,Înființare firmă și protecția datelor personale: obligații GDPR,infiintare,candidat,,nu,,
GH-08280,Cum îmi înregistrez firma ca operator de date,altele,candidat,,nu,,
GH-08281,Politica de confidențialitate pentru firma nouă,altele,candidat,,nu,,
GH-08282,Checklist complet pentru înființarea unei firme în 2026,infiintare,candidat,,nu,,
GH-08283,Checklist pentru prima lună de activitate a firmei,altele,candidat,,nu,,
GH-08284,Checklist de lichidare completă a unei firme,infiintare,publicat,,nu,checklist-lichidare-completa-firme,
GH-08285,Calendarul obligațiilor în primul an de la înființare,infiintare,publicat,,nu,calendarul-obligatiilor-primul-an-infiintare,
GH-08286,Cum îmi planific bugetul pentru înființare și primul an,infiintare,publicat,,nu,imi-planific-bugetul-infiintare-primul,
GH-08287,Greșeli care duc la pierderea regimului micro din primul an,micro,publicat,,nu,greseli-duc-pierderea-regimului-micro,
GH-08288,Cum afectează înființarea alegerii între micro și profit,infiintare,candidat,,nu,,
GH-08289,Simulare: SRL nou 2026 pe micro vs profit,micro,publicat,,nu,simulare-srl-nou-2026-micro,
GH-08290,Consultare fiscală înainte de înființarea firmei: merită,infiintare,candidat,,nu,,
GH-08291,Întrebări de pus contabilului înainte de a înființa firma,infiintare,candidat,,nu,,
GH-08292,Care este termenul dacă o declarație fiscală scade într-o zi nelucrătoare?,control_fiscal,publicat,,nu,termenul-declaratie-fiscala-scade-zi,
GH-08293,Ce se întâmplă dacă termenul fiscal cade sâmbăta sau duminica?,control_fiscal,publicat,,nu,intampla-termenul-fiscal-cade-sambata,
GH-08294,Cum verific toate obligațiile fiscale care îmi expiră luna aceasta?,altele,publicat,,nu,verific-obligatiile-fiscale-imi-expira,
GH-08295,Unde găsesc calendarul obligațiilor fiscale pentru 2026?,altele,publicat,,nu,gasesc-calendarul-obligatiilor-fiscale-2026,
GH-08296,Cum aflu ce declarații trebuie să depună firma mea în fiecare lună?,altele,publicat,,nu,aflu-declaratii-depuna-firma-fiecare,
GH-08297,Cum verific în SPV dacă am declarații fiscale nedepuse?,spv,publicat,,nu,verific-spv-declaratii-fiscale-nedepuse,
GH-08298,Cum verific dacă ANAF consideră o declarație depusă la termen?,control_fiscal,publicat,,nu,verific-anaf-considera-declaratie-depusa,
GH-08299,Ce dată contează când trimit declarația în ultima zi de depunere?,altele,candidat,,nu,,
GH-08300,"Ce fac dacă am trimis declarația la termen, dar recipisa a venit după termen?",control_fiscal,publicat,,nu,trimis-declaratia-termen-dar-recipisa,
GH-08301,Ce fac dacă declarația transmisă în ultima zi este respinsă de ANAF?,altele,publicat,,nu,declaratia-transmisa-ultima-zi-respinsa,
GH-08302,Cum dovedesc că am încercat să depun declarația înainte de expirarea termenului?,control_fiscal,candidat,,nu,,
GH-08303,Ce fac dacă SPV nu funcționează în ultima zi de depunere?,spv,candidat,,nu,,
GH-08304,Ce fac dacă validatorul ANAF nu funcționează înainte de termen?,control_fiscal,candidat,,nu,,
GH-08305,Cum verific dacă ANAF a publicat indisponibilitatea sistemului informatic?,altele,candidat,,nu,,
GH-08306,Se prelungește termenul fiscal dacă platforma ANAF nu funcționează?,control_fiscal,candidat,,nu,,
GH-08307,Ce documente păstrez ca dovadă când nu pot depune o declarație din cauza ANAF?,altele,publicat,,nu,documente-pastrez-dovada-depune-declaratie,
GH-08308,Cum verific data exactă la care o declarație a fost validată?,altele,candidat,,nu,,
GH-08309,Recipisa cu avertizări înseamnă că declarația a fost depusă?,altele,candidat,,nu,,
GH-08310,Ce fac dacă nu găsesc recipisa unei declarații trimise la ANAF?,altele,publicat,,nu,gasesc-recipisa-declaratii-trimise-anaf,
GH-08311,Cum verific dacă o declarație rectificativă a înlocuit declarația inițială?,altele,publicat,,nu,verific-declaratie-rectificativa-inlocuit-declaratia,
GH-08312,Ce se întâmplă dacă depun din greșeală aceeași declarație de două ori?,greseli,candidat,,nu,,
GH-08313,Cum verific ultima declarație fiscală valabilă pentru o perioadă?,altele,publicat,,nu,verific-ultima-declaratie-fiscala-valabila,
GH-08314,Ce fac dacă descopăr după termen că trebuia să depun o declarație?,control_fiscal,candidat,,nu,,
GH-08315,Este mai bine să depun declarația întârziată înainte să mă contacteze ANAF?,altele,candidat,,nu,,
GH-08316,"Ce fac dacă am depus declarația, dar am uitat să plătesc obligația?",altele,publicat,,nu,depus-declaratia-dar-uitat-platesc,
GH-08317,"Ce fac dacă am plătit taxa la termen, dar declarația a fost depusă ulterior?",control_fiscal,candidat,,nu,,
GH-08318,Se calculează accesorii dacă impozitul a fost plătit înainte de depunerea declarației?,altele,candidat,,nu,,
GH-08319,Cum verific accesoriile calculate de ANAF pentru o plată întârziată?,altele,publicat,,nu,verific-accesoriile-calculate-anaf-plata,
GH-08320,De când începe calculul dobânzii pentru o obligație fiscală neachitată?,altele,asemanator,,nu,,incepe-curga-dobanda-obligatie-fiscala
GH-08321,Până în ce zi se calculează dobânda pentru o datorie fiscală?,altele,candidat,,nu,,
GH-08322,Cum verific dacă ANAF a calculat corect dobânda de întârziere?,altele,candidat,,nu,,
GH-08323,Cum verific dacă ANAF a calculat corect penalitatea de întârziere?,altele,candidat,,nu,,
GH-08324,Care este diferența dintre dobândă și penalitate de întârziere?,greseli,asemanator,,nu,,diferenta-dintre-penalitatea-intarziere-penalitatea
GH-08325,Care este diferența dintre penalitatea de întârziere și penalitatea de nedeclarare?,greseli,publicat,,nu,diferenta-dintre-penalitatea-intarziere-penalitatea,
GH-08326,Când aplică ANAF penalitatea de nedeclarare?,altele,publicat,,nu,aplica-anaf-penalitatea-nedeclarare,
GH-08327,Cum se calculează penalitatea de nedeclarare pentru o obligație stabilită la control?,altele,candidat,,nu,,
GH-08328,Se poate reduce penalitatea de nedeclarare stabilită de ANAF?,altele,publicat,,da,reduce-penalitatea-nedeclarare-stabilita-anaf,
GH-08329,Ce condiții trebuie îndeplinite pentru reducerea penalității de nedeclarare?,altele,candidat,,nu,,
GH-08330,Cum solicit reducerea penalității de nedeclarare după control?,altele,publicat,,nu,solicit-reducerea-penalitatii-nedeclarare-control,
GH-08331,Se aplică penalitate de nedeclarare dacă rectific singur declarația înainte de control?,altele,publicat,,nu,aplica-penalitate-nedeclarare-rectific-singur,
GH-08332,Ce accesorii plătesc dacă depun o declarație rectificativă cu taxă suplimentară?,altele,candidat,,nu,,
GH-08333,Cum calculez accesoriile după o rectificativă care mărește obligația fiscală?,altele,candidat,,nu,,
GH-08334,Ce se întâmplă cu accesoriile dacă rectificativa reduce impozitul datorat?,altele,candidat,,nu,,
GH-08335,Cum corectez accesoriile dacă ANAF a calculat o perioadă greșită?,greseli,candidat,,nu,,
GH-08336,Pot contesta o decizie de accesorii emisă de ANAF?,altele,candidat,,nu,,
GH-08337,Ce fac dacă primesc în SPV o decizie de dobânzi și penalități?,spv,publicat,,nu,primesc-spv-decizie-dobanzi-penalitati,
GH-08338,De când curge termenul după comunicarea unei decizii prin SPV?,spv,publicat,,nu,curge-termenul-comunicarea-decizii-spv,
GH-08339,Cum verific data comunicării unui document fiscal în SPV?,spv,candidat,,nu,,
GH-08340,Ce se întâmplă dacă nu deschid documentul primit de la ANAF în SPV?,spv,publicat,,nu,intampla-deschid-documentul-primit-anaf,
GH-08341,Cum aflu termenul de plată dintr-o decizie de impunere?,control_fiscal,candidat,,nu,,
GH-08342,Cum aflu termenul de contestare a unui act administrativ fiscal?,control_fiscal,publicat,,nu,aflu-termenul-contestare-act-administrativ,
GH-08343,Ce fac imediat după ce primesc o decizie de impunere?,altele,candidat,,nu,,
GH-08344,Cum verific dacă o decizie ANAF conține erori de calcul?,altele,publicat,,nu,verific-decizie-anaf-contine-erori,
GH-08345,Pot cere corectarea unei erori materiale dintr-un act ANAF?,greseli,candidat,,nu,,
GH-08346,Care este diferența dintre corectarea unei erori materiale și contestația fiscală?,control_fiscal,candidat,,nu,,
GH-08347,Cum contest o decizie de impunere emisă după inspecția fiscală?,control_fiscal,candidat,,nu,,
GH-08348,Unde se depune contestația împotriva unei decizii ANAF?,control_fiscal,candidat,,nu,,
GH-08349,Ce documente anexez la o contestație fiscală?,control_fiscal,candidat,,nu,,
GH-08350,Ce se întâmplă dacă depun contestația după expirarea termenului?,control_fiscal,publicat,,nu,intampla-depun-contestatia-expirarea-termenului,
GH-08351,Contestația suspendă automat plata sumelor stabilite de ANAF?,control_fiscal,candidat,,nu,,
GH-08352,Trebuie să plătesc suma stabilită dacă am contestat decizia?,control_fiscal,publicat,,nu,platesc-suma-stabilita-contestat-decizia,
GH-08353,Cum pot suspenda executarea unei decizii de impunere contestate?,control_fiscal,candidat,,nu,,
GH-08354,Ce se întâmplă cu banii dacă plătesc decizia și apoi câștig contestația?,control_fiscal,publicat,,nu,intampla-banii-platesc-decizia-apoi,
GH-08355,Pot primi dobândă pentru sumele restituite după anularea unei decizii ANAF?,altele,publicat,,nu,primi-dobanda-sumele-restituite-anularea,
GH-08356,Cum solicit restituirea unei sume plătite în plus la ANAF?,altele,candidat,,nu,,
GH-08357,Cum solicit compensarea unei sume plătite în plus cu alte taxe?,altele,candidat,,nu,,
GH-08358,În cât timp soluționează ANAF o cerere de restituire?,altele,publicat,,nu,timp-solutioneaza-anaf-cerere-restituire,
GH-08359,Ce fac dacă ANAF nu soluționează cererea fiscală în termen?,control_fiscal,publicat,,nu,anaf-solutioneaza-cererea-fiscala-termen,
GH-08360,Cum verific stadiul unei cereri depuse la ANAF?,altele,publicat,,nu,verific-stadiul-cereri-depuse-anaf,
GH-08361,Ce este notificarea de conformare trimisă de ANAF?,control_fiscal,publicat,,nu,notificarea-conformare-trimisa-anaf,
GH-08362,Ce trebuie să fac dacă primesc o notificare de conformare?,control_fiscal,candidat,,nu,,
GH-08363,Notificarea de conformare înseamnă că urmează un control fiscal?,control_fiscal,candidat,,nu,,
GH-08364,Ce verific înainte să răspund la o notificare de conformare?,control_fiscal,candidat,,nu,,
GH-08365,Pot depune rectificative după primirea notificării de conformare?,altele,publicat,,nu,depune-rectificative-primirea-notificarii-conformare,
GH-08366,Cum răspund la diferențele semnalate de ANAF într-o notificare de conformare?,control_fiscal,asemanator,,nu,,raspund-notificare-conformare
GH-08367,Ce documente trimit ANAF după o notificare de conformare?,control_fiscal,candidat,,nu,,
GH-08368,Ce se întâmplă dacă ignor notificarea de conformare?,control_fiscal,candidat,,nu,,
GH-08369,Cum verific riscul fiscal al firmei înainte de un control ANAF?,altele,publicat,,nu,verific-riscul-fiscal-firmei-inainte,
GH-08370,Ce informații compară ANAF pentru a identifica neconcordanțele unei firme?,altele,candidat,,nu,,
GH-08371,Poate ANAF selecta firma la control din cauza diferențelor dintre declarații?,greseli,candidat,,nu,,
GH-08372,Ce diferențe între D300 și D394 pot atrage verificări ANAF?,tva,publicat,,nu,diferente-d300-d394-atrage-verificari,
GH-08373,Ce diferențe între D112 și contabilitate pot atrage un control?,salarizare,publicat,,nu,diferente-d112-contabilitate-atrage-control,
GH-08374,Pot diferențele dintre e-Factura și D300 să genereze o verificare fiscală?,tva,candidat,,nu,,
GH-08375,Pot diferențele dintre SAF-T și balanță să declanșeze întrebări din partea ANAF?,declaratii_speciale,candidat,,nu,,
GH-08376,Ce verific dacă primesc o solicitare ANAF privind facturile din e-Factura?,spv,candidat,,nu,,
GH-08377,Cum răspund la o cerere ANAF de documente transmisă prin SPV?,spv,publicat,,nu,raspund-cerere-anaf-documente-transmisa,
GH-08378,În cât timp trebuie să răspund unei solicitări de documente de la ANAF?,altele,candidat,,nu,,
GH-08379,Ce fac dacă nu pot furniza toate documentele cerute de inspector?,altele,candidat,,nu,,
GH-08380,Poate ANAF solicita documente contabile mai vechi?,altele,candidat,,nu,,
GH-08381,Cât timp trebuie păstrate documentele pentru un eventual control fiscal?,control_fiscal,publicat,,nu,timp-pastrate-documentele-eventual-control,
GH-08382,Ce documente contabile trebuie să am pregătite pentru un control ANAF?,altele,publicat,,nu,documente-contabile-pregatite-control-anaf,
GH-08383,Cum pregătesc balanța pentru o inspecție fiscală?,control_fiscal,candidat,,nu,,
GH-08384,Cum pregătesc jurnalele de TVA pentru control?,tva,publicat,,nu,pregatesc-jurnalele-tva-control,
GH-08385,Cum pregătesc registrul de evidență fiscală pentru control?,altele,publicat,,nu,pregatesc-registrul-evidenta-fiscala-control,
GH-08386,Cum pregătesc dosarul mijloacelor fixe pentru inspecția fiscală?,control_fiscal,candidat,,nu,,
GH-08387,Cum pregătesc documentele de inventariere pentru control ANAF?,stocuri,asemanator,,nu,,documente-inventariere-control-anaf
GH-08388,Cum pregătesc dosarul de casierie înainte de un control?,casierie,candidat,,nu,,
GH-08389,Cum pregătesc extrasele bancare pentru inspecția fiscală?,casierie,candidat,,nu,,
GH-08390,Cum pregătesc documentele salariale pentru un control ANAF?,salarizare,candidat,,nu,,
GH-08391,Cum pregătesc documentele pentru tranzacțiile cu firme afiliate?,altele,candidat,,nu,,
GH-08392,Cum demonstrez realitatea unui serviciu la control fiscal?,control_fiscal,candidat,,nu,,
GH-08393,Ce documente justifică o cheltuială de consultanță la control?,altele,candidat,,nu,,
GH-08394,Cum demonstrez scopul economic al unei cheltuieli?,altele,candidat,,nu,,
GH-08395,Este factura suficientă pentru deductibilitatea unei cheltuieli la control?,altele,publicat,,nu,factura-suficienta-deductibilitatea-cheltuieli-control,
GH-08396,Ce documente poate cere ANAF pentru justificarea unei achiziții?,altele,publicat,,nu,documente-cere-anaf-justificarea-achizitii,
GH-08397,Cum demonstrez prestarea efectivă a unui serviciu cumpărat din străinătate?,altele,publicat,,nu,demonstrez-prestarea-efectiva-serviciu-cumparat,
GH-08398,Cum justific cheltuielile plătite cu cardul firmei?,altele,publicat,,nu,justific-cheltuielile-platite-cardul-firmei,
GH-08399,Cum justific avansurile acordate administratorului la control?,infiintare,publicat,,nu,justific-avansurile-acordate-administratorului-control,
GH-08400,Ce verifică ANAF la deconturile de cheltuieli?,altele,candidat,,nu,,
GH-08401,Ce verifică ANAF la cheltuielile cu autoturismele firmei?,altele,candidat,,nu,,
GH-08402,Ce verifică ANAF la foile de parcurs?,altele,candidat,,nu,,
GH-08403,Ce verifică ANAF la sponsorizările deduse din impozit?,altele,candidat,,nu,,
GH-08404,Ce verifică ANAF la stocurile unei societăți?,stocuri,candidat,,nu,,
GH-08405,Ce verifică ANAF la inventarierea anuală?,stocuri,candidat,,nu,,
GH-08406,Ce verifică ANAF la lipsurile de gestiune?,stocuri,candidat,,nu,,
GH-08407,Ce verifică ANAF la creanțele neîncasate?,altele,publicat,,nu,verifica-anaf-creantele-neincasate,
GH-08408,Ce verifică ANAF la provizioanele deductibile?,altele,candidat,,nu,,
GH-08409,Ce verifică ANAF la pierderile fiscale reportate?,profit,candidat,,nu,,
GH-08410,Ce verifică ANAF la amortizarea mijloacelor fixe?,mijloace_fixe,publicat,,nu,verifica-anaf-amortizarea-mijloacelor-fixe,
GH-08411,Ce verifică ANAF la dividendele plătite asociaților?,declaratii_speciale,publicat,,nu,verifica-anaf-dividendele-platite-asociatilor,
GH-08412,Ce verifică ANAF la soldurile mari din casierie?,casierie,candidat,,nu,,
GH-08413,Ce verifică ANAF la avansurile spre decontare vechi?,altele,candidat,,nu,,
GH-08414,Ce verifică ANAF la facturile primite de la furnizori inactivi?,altele,publicat,,nu,verifica-anaf-facturile-primite-furnizori,
GH-08415,Ce verifică ANAF la achizițiile de la contribuabili cu cod TVA anulat?,tva,publicat,,nu,verifica-anaf-achizitiile-contribuabili-cod,
GH-08416,Ce verifică ANAF la achizițiile de servicii din străinătate?,altele,publicat,,nu,verifica-anaf-achizitiile-servicii-strainatate,
GH-08417,Ce documente cere ANAF la un control pentru rambursarea TVA?,tva,publicat,,nu,documente-cere-anaf-control-rambursarea,
GH-08418,Cât poate dura o inspecție fiscală la un SRL?,control_fiscal,candidat,,nu,,
GH-08419,Cât poate dura un control fiscal la un contribuabil mic?,control_fiscal,candidat,,nu,,
GH-08420,Poate ANAF prelungi durata unei inspecții fiscale?,control_fiscal,publicat,,nu,anaf-prelungi-durata-inspectii-fiscale,
GH-08421,Când începe oficial inspecția fiscală?,control_fiscal,candidat,,nu,,
GH-08422,Cu cât timp înainte trebuie comunicat avizul de inspecție?,altele,candidat,,nu,,
GH-08423,Poate începe inspecția fiscală fără aviz?,control_fiscal,publicat,,nu,incepe-inspectia-fiscala-aviz,
GH-08424,Ce trebuie verificat când primesc avizul de inspecție fiscală?,control_fiscal,publicat,,nu,verificat-primesc-avizul-inspectie-fiscala,
GH-08425,Pot cere amânarea începerii inspecției fiscale?,control_fiscal,publicat,,nu,cere-amanarea-inceperii-inspectiei-fiscale,
GH-08426,În ce situații se poate amâna controlul ANAF?,altele,candidat,,nu,,
GH-08427,Poate contabilul reprezenta firma în timpul inspecției fiscale?,control_fiscal,candidat,,nu,,
GH-08428,Trebuie administratorul să fie prezent la controlul ANAF?,infiintare,publicat,,nu,administratorul-prezent-controlul-anaf,
GH-08429,Poate avocatul participa la inspecția fiscală?,control_fiscal,publicat,,nu,avocatul-participa-inspectia-fiscala,
GH-08430,Unde poate avea loc inspecția fiscală?,control_fiscal,candidat,,nu,,
GH-08431,Poate ANAF face inspecția fiscală de la distanță?,control_fiscal,publicat,,nu,anaf-inspectia-fiscala-distanta,
GH-08432,Care este diferența dintre verificarea documentară și inspecția fiscală?,control_fiscal,publicat,,nu,diferenta-dintre-verificarea-documentara-inspectia,
GH-08433,Care este diferența dintre controlul inopinat și inspecția fiscală?,control_fiscal,asemanator,,nu,,diferenta-dintre-verificarea-documentara-inspectia
GH-08434,Ce este controlul antifraudă și ce poate verifica?,altele,publicat,,nu,controlul-antifrauda-verifica,
GH-08435,Poate Antifrauda veni fără notificare?,control_fiscal,candidat,,da,,
GH-08436,Ce documente poate ridica Antifrauda la control?,altele,publicat,,nu,documente-ridica-antifrauda-control,
GH-08437,Poate ANAF cere explicații scrise administratorului?,infiintare,publicat,,nu,anaf-cere-explicatii-scrise-administratorului,
GH-08438,Cum răspund la o notă explicativă cerută de inspectorii fiscali?,control_fiscal,publicat,,nu,raspund-nota-explicativa-ceruta-inspectorii,
GH-08439,Trebuie să semnez procesul-verbal dacă nu sunt de acord cu constatările?,altele,publicat,,nu,semnez-procesul-verbal-acord-constatarile,
GH-08440,Ce fac dacă nu sunt de acord cu procesul-verbal de control?,altele,publicat,,nu,acord-procesul-verbal-control,
GH-08441,Ce este proiectul raportului de inspecție fiscală?,control_fiscal,publicat,,nu,proiectul-raportului-inspectie-fiscala,
GH-08442,Pot formula un punct de vedere înainte de raportul final de inspecție?,altele,publicat,,nu,formula-punct-vedere-inainte-raportul,
GH-08443,Cum redactez punctul de vedere după inspecția fiscală?,control_fiscal,candidat,,nu,,
GH-08444,Ce documente suplimentare pot prezenta după discuția finală?,altele,candidat,,nu,,
GH-08445,Ce se întâmplă la discuția finală cu inspectorii ANAF?,altele,publicat,,nu,intampla-discutia-finala-inspectorii-anaf,
GH-08446,Pot corecta contabilitatea în timpul inspecției fiscale?,control_fiscal,publicat,,nu,corecta-contabilitatea-timpul-inspectiei-fiscale,
GH-08447,Pot depune declarații rectificative în timpul controlului ANAF?,altele,publicat,,nu,depune-declaratii-rectificative-timpul-controlului,
GH-08448,Ce se întâmplă dacă descopăr singur o eroare după începerea inspecției?,altele,candidat,,nu,,
GH-08449,Poate ANAF recalcula TVA pentru perioade deja controlate?,tva,publicat,,nu,anaf-recalcula-tva-perioade-deja,
GH-08450,Poate ANAF controla din nou aceeași perioadă fiscală?,altele,candidat,,nu,,
GH-08451,În ce condiții poate fi refăcută inspecția fiscală?,control_fiscal,publicat,,nu,conditii-refacuta-inspectia-fiscala,
GH-08452,Ce înseamnă reverificarea unei perioade fiscale?,altele,publicat,,nu,inseamna-reverificarea-perioade-fiscale,
GH-08453,Câți ani în urmă poate controla ANAF o firmă în 2026?,altele,candidat,,da,,
GH-08454,Cum se calculează termenul de prescripție pentru obligațiile fiscale?,control_fiscal,candidat,,nu,,
GH-08455,Ce acte întrerup termenul de prescripție fiscală?,control_fiscal,asemanator,,nu,,acte-suspenda-termenul-prescriptie-fiscala
GH-08456,Ce acte suspendă termenul de prescripție fiscală?,control_fiscal,publicat,,nu,acte-suspenda-termenul-prescriptie-fiscala,
GH-08457,Cum verific dacă o obligație fiscală este prescrisă?,altele,candidat,,nu,,
GH-08458,Poate ANAF stabili taxe după împlinirea prescripției?,control_fiscal,candidat,,nu,,
GH-08459,Ce fac dacă primesc o decizie pentru o perioadă pe care o consider prescrisă?,altele,publicat,,nu,primesc-decizie-perioada-consider-prescrisa,
GH-08460,Cât timp poate ANAF recupera o datorie fiscală?,altele,candidat,,nu,,
GH-08461,Cum se prescrie dreptul ANAF de a executa silit o datorie?,altele,candidat,,nu,,
GH-08462,Ce este somația fiscală și ce trebuie să fac după ce o primesc?,altele,publicat,,nu,somatia-fiscala-primesc,
GH-08463,În cât timp trebuie plătită o datorie după primirea somației?,altele,publicat,,nu,timp-platita-datorie-primirea-somatiei,
GH-08464,Ce este titlul executoriu emis de ANAF?,altele,publicat,,nu,titlul-executoriu-emis-anaf,
GH-08465,Când poate ANAF pune poprire pe contul firmei?,altele,publicat,,nu,anaf-pune-poprire-contul-firmei,
GH-08466,Primește firma notificare înainte de poprirea conturilor?,control_fiscal,candidat,,nu,,
GH-08467,Cum aflu pentru ce datorie ANAF a pus poprire?,altele,candidat,,nu,,
GH-08468,Cum ridic poprirea ANAF după plata datoriei?,altele,candidat,,nu,,
GH-08469,În cât timp se ridică poprirea după stingerea obligației?,altele,candidat,,nu,,
GH-08470,Poate ANAF bloca toate conturile bancare ale firmei?,casierie,publicat,,nu,anaf-bloca-conturile-bancare-firmei,
GH-08471,Cum funcționează poprirea electronică ANAF?,altele,candidat,,nu,,
GH-08472,Ce se întâmplă dacă în cont sunt mai mulți bani decât datoria fiscală?,altele,candidat,,nu,,
GH-08473,Poate ANAF executa bunurile firmei pentru datorii fiscale?,altele,candidat,,nu,,
GH-08474,Ce bunuri poate sechestra ANAF?,altele,candidat,,nu,,
GH-08475,Pot cere eșalonare după ce a început executarea silită?,altele,candidat,,nu,,
GH-08476,Cum evit poprirea dacă firma nu poate plăti toate taxele la termen?,control_fiscal,publicat,,nu,evit-poprirea-firma-plati-taxele,
GH-08477,Când pot cere eșalonarea la plată a obligațiilor fiscale?,altele,candidat,,nu,,
GH-08478,Ce datorii pot fi incluse într-o eșalonare la plată?,altele,candidat,,nu,,
GH-08479,Ce se întâmplă cu accesoriile pe durata eșalonării?,altele,candidat,,nu,,
GH-08480,Ce se întâmplă dacă pierd eșalonarea la plată?,altele,asemanator,,nu,,intampla-pierzi-esalonarea-plata
GH-08481,Pot cere o nouă eșalonare după pierderea celei existente?,altele,publicat,,nu,cere-noua-esalonare-pierderea-celei,
GH-08482,Cum verific certificatul de atestare fiscală înainte de o eșalonare?,altele,candidat,,nu,,
GH-08483,Cum corectez o datorie care apare greșit în certificatul fiscal?,greseli,publicat,,nu,corectez-datorie-apare-gresit-certificatul,
GH-08484,De ce apare o datorie în SPV după ce am plătit-o?,spv,asemanator,,nu,,apare-datorie-spv-desi-platit
GH-08485,Cum verific în ce obligație a stins ANAF plata făcută?,altele,candidat,,nu,,
GH-08486,Ce fac dacă am plătit impozitul într-un cont bugetar greșit?,greseli,publicat,,nu,platit-impozitul-cont-bugetar-gresit,
GH-08487,Cum transfer o plată făcută greșit către obligația corectă?,greseli,candidat,,nu,,
GH-08488,Ce fac dacă am trecut CUI-ul greșit pe ordinul de plată către ANAF?,greseli,publicat,,nu,trecut-cui-ul-gresit-ordinul,
GH-08489,Ce fac dacă am plătit taxele de două ori?,altele,candidat,,nu,,
GH-08490,Cum verific dacă am sume de recuperat de la ANAF?,altele,publicat,,nu,verific-sume-recuperat-anaf,
GH-08491,Pot compensa TVA de rambursat cu alte datorii fiscale?,tva,candidat,,nu,,
GH-08492,Ce se întâmplă cu termenele fiscale dacă firma intră în insolvență?,control_fiscal,publicat,,nu,intampla-termenele-fiscale-firma-intra,
GH-08493,Se mai calculează accesorii după deschiderea insolvenței?,altele,candidat,,nu,,
GH-08494,Ce se întâmplă cu accesoriile fiscale după dizolvarea societății?,altele,publicat,,nu,intampla-accesoriile-fiscale-dizolvarea-societatii,
GH-08495,Cum verific obligațiile fiscale înainte de lichidarea firmei?,infiintare,candidat,,nu,,
GH-08496,Ce control poate face ANAF înainte de radierea unui SRL?,altele,asemanator,,da,,anaf-control-inainte-radierea-srl
GH-08497,Poate fi radiată firma dacă are datorii fiscale?,altele,publicat,,nu,radiata-firma-datorii-fiscale,
GH-08498,Ce se întâmplă dacă ANAF descoperă datorii după radierea societății?,altele,candidat,,nu,,
GH-08499,Poate administratorul răspunde personal pentru datoriile fiscale ale firmei?,infiintare,publicat,,nu,administratorul-raspunde-personal-datoriile-fiscale,
GH-08500,În ce situații poate ANAF atrage răspunderea solidară a administratorului?,infiintare,candidat,,nu,,
GH-08501,Cum contest o decizie de atragere a răspunderii solidare?,altele,publicat,,nu,contest-decizie-atragere-raspunderii-solidare,
GH-08502,Ce riscuri are administratorul dacă firma nu depune declarațiile fiscale?,infiintare,candidat,,nu,,
GH-08503,Ce se întâmplă dacă firma acumulează repetat datorii la buget?,altele,candidat,,nu,,
GH-08504,Când poate fi declarată o firmă inactivă fiscal?,altele,candidat,,nu,,
GH-08505,Ce consecințe are declararea inactivității fiscale?,altele,publicat,,nu,consecinte-declararea-inactivitatii-fiscale,
GH-08506,Cum reactivez fiscal o firmă declarată inactivă?,altele,publicat,,nu,reactivez-fiscal-firma-declarata-inactiva,
GH-08507,Ce se întâmplă cu TVA în perioada de inactivitate fiscală?,tva,candidat,,nu,,
GH-08508,Ce riscă un client care cumpără de la un contribuabil inactiv?,altele,candidat,,nu,,
GH-08509,Cum verific dacă un furnizor este inactiv fiscal?,altele,candidat,,nu,,
GH-08510,Cum verific dacă unui furnizor i-a fost anulat codul de TVA?,tva,publicat,,nu,verific-furnizor-fost-anulat-codul,
GH-08511,Ce controale trebuie să fac lunar ca să reduc riscul unui control ANAF?,altele,publicat,,nu,controale-lunar-reduc-riscul-control,
GH-08512,Ce reconcilieri fiscale ar trebui făcute înainte de fiecare închidere de lună?,altele,publicat,,nu,reconcilieri-fiscale-trebui-facute-inainte,
GH-08513,Cum fac un control fiscal intern înainte să vină ANAF?,control_fiscal,publicat,,nu,control-fiscal-intern-inainte-vina,
GH-08514,Ce verificări fac înainte de închiderea anului pentru a evita diferențele la control?,greseli,publicat,,nu,verificari-inainte-inchiderea-anului-evita,
GH-08515,Cum identific din balanță conturile cu risc fiscal ridicat?,altele,candidat,,nu,,
GH-08516,Ce solduri neobișnuite din balanță pot ridica întrebări la control?,altele,candidat,,nu,,
GH-08517,Cum verific dacă toate declarațiile fiscale corespund cu contabilitatea?,altele,publicat,,nu,verific-declaratiile-fiscale-corespund-contabilitatea,
GH-08518,Cum verific dacă toate taxele declarate au fost și plătite?,altele,publicat,,nu,verific-taxele-declarate-fost-platite,
GH-08519,Cum construiesc un dosar electronic pentru un eventual control fiscal?,control_fiscal,publicat,,nu,construiesc-dosar-electronic-eventual-control,
GH-08520,Ce documente ar trebui arhivate împreună cu fiecare declarație fiscală?,altele,candidat,,nu,,
GH-08521,Cum păstrez dovada calculelor fiscale pentru o verificare ANAF ulterioară?,altele,candidat,,nu,,
GH-08522,Cum documentez o pozi,altele,candidat,,nu,,
GH-08523,Termene fiscale 2026: când depun fiecare declarație ca să nu iau amendă,control_fiscal,publicat,,nu,termene-fiscale-2026-depun-fiecare,
GH-08524,Calendarul obligațiilor fiscale pentru un SRL pe profit în 2026,altele,publicat,,nu,calendarul-obligatiilor-fiscale-srl-profit,
GH-08525,Termenele pentru microîntreprindere în 2026: ce depun și când,control_fiscal,publicat,,nu,termenele-microintreprindere-2026-depun,
GH-08526,Calendar fiscal pentru PFA în 2026: toate scadențele,pfa,publicat,,nu,calendar-fiscal-pfa-2026-scadentele,
GH-08527,Ce trebuie să depună o firmă cu TVA trimestrial și când,tva,publicat,,nu,depuna-firma-tva-trimestrial,
GH-08528,Scadențele fiscale lunare pentru firmele cu salariați în 2026,salarizare,publicat,,nu,scadentele-fiscale-lunare-firmele-salariati,
GH-08529,Termenul de depunere a declarației unice 2026 pentru PFA,pfa,publicat,,nu,termenul-depunere-declaratiei-unice-2026,
GH-08530,Când e scadentă plata impozitului pe dividende în 2026,declaratii_speciale,publicat,,nu,scadenta-plata-impozitului-dividende-2026,
GH-08531,Termenul pentru plata CAS și CASS de către PFA în 2026,pfa,publicat,,nu,termenul-plata-cas-cass-pfa,
GH-08532,Când se plătește impozitul pe venitul din chirii în 2026,altele,publicat,,nu,plateste-impozitul-venitul-chirii-2026,
GH-08533,Termenele pentru declarațiile de TVA în 2026,tva,publicat,,nu,termenele-declaratiile-tva-2026,
GH-08534,Când depun D300 dacă am TVA lunar,tva,publicat,,nu,depun-d300-tva-lunar,
GH-08535,Termenul de depunere a D394 pentru o firmă mare,tva,publicat,,nu,termenul-depunere-d394-firma-mare,
GH-08536,Când e scadentă e-Factura pentru fiecare tip de operațiune,spv,publicat,,nu,scadenta-factura-fiecare-tip-operatiune,
GH-08537,Termenul de transmitere a D301 pentru achiziții intracomunitare,ic_ue,publicat,,nu,termenul-transmitere-d301-achizitii-intracomunitare,
GH-08538,Când depun D390 recapitulativ în 2026,ic_ue,publicat,,nu,depun-d390-recapitulativ-2026,
GH-08539,Termenul pentru D406 SAF-T la firmele obligate,declaratii_speciale,candidat,,nu,,
GH-08540,Când se depune D205 și D207 în 2026,declaratii_speciale,publicat,,nu,depune-d205-d207-2026,
GH-08541,Termenul de depunere a D112 pentru firmele cu angajați,salarizare,publicat,,nu,termenul-depunere-d112-firmele-angajati,
GH-08542,Când e scadentă D100 pentru plățile anticipate,altele,publicat,,nu,scadenta-d100-platile-anticipate,
GH-08543,Termenul pentru D101 anual și pentru plata diferenței,profit,publicat,,nu,termenul-d101-anual-plata-diferentei,
GH-08544,Ce declarații se depun până pe 25 ale lunii în 2026,altele,publicat,,da,declaratii-depun-pana-25-lunii (+1 dubluri),
GH-08545,Care e termenul real pentru plata TVA la buget,tva,publicat,,nu,termenul-real-plata-tva-buget,
GH-08546,Când se plătește impozitul pe profit trimestrial,profit,publicat,,nu,plateste-impozitul-profit-trimestrial,
GH-08547,Termenul pentru virarea impozitului pe salarii 2026,salarizare,asemanator,,nu,,termenul-virarea-impozitului-salarii-2026
GH-08548,Când e scadentă contribuția de asigurări sociale a angajatorului,altele,candidat,,nu,,
GH-08549,Termenul de plată a impozitului pe veniturile din dividende,declaratii_speciale,publicat,,nu,termenul-plata-impozitului-veniturile-dividende,
GH-08550,Când se virează contribuția asiguratorie de muncă 2026,altele,publicat,,nu,vireaza-contributia-asiguratorie-munca-2026,
GH-08551,Termenul de plată a impozitului micro trimestrial,micro,publicat,,nu,termenul-plata-impozitului-micro-trimestrial,
GH-08552,Când se depune declarația de mențiuni pentru schimbarea sediului,altele,publicat,,nu,depune-declaratia-mentiuni-schimbarea-sediului,
GH-08553,Termenul de actualizare a datelor firmei la ANAF,control_fiscal,publicat,,nu,termenul-actualizare-datelor-firmei-anaf,
GH-08554,Când trebuie depus D010 pentru o schimbare de vector fiscal,altele,publicat,,nu,depus-d010-schimbare-vector-fiscal,
GH-08555,Termenul de înregistrare în scopuri de TVA după depășirea plafonului,tva,publicat,,nu,termenul-inregistrare-scopuri-tva-depasirea,
GH-08556,Ce se întâmplă dacă depun declarația cu o zi întârziere,altele,asemanator,,da,,intampla-depun-d394-intarziere
GH-08557,Penalitatea de întârziere la depunerea declarațiilor: cât e în 2026,altele,candidat,,nu,,
GH-08558,Cum se calculează dobânda de întârziere pentru o declarație depusă tardiv,altele,candidat,,nu,,
GH-08559,Amenzile fixe pentru nedepunerea declarațiilor fiscale,altele,candidat,,nu,,
GH-08560,Cât costă amenda pentru D112 depusă cu întârziere,salarizare,publicat,,nu,costa-amenda-d112-depusa-intarziere,
GH-08561,Amenda pentru nedepunerea D300 și a D394,tva,publicat,,nu,amenda-nedepunerea-d300-d394,
GH-08562,Penalitatea pentru nedepunerea la timp a D406,declaratii_speciale,candidat,,nu,,
GH-08563,Ce amendă iau dacă nu transmit e-Factura la termen,spv,candidat,,nu,,
GH-08564,Amenda pentru nedepunerea declarației unice,control_fiscal,publicat,,nu,amenda-nedepunerea-declaratiei-unice,
GH-08565,Penalizarea pentru plata cu întârziere a TVA-ului,tva,candidat,,nu,,
GH-08566,Când începe să curgă dobânda la o obligație fiscală neplătită,altele,asemanator,,nu,,incepe-curga-dobanda-obligatie-fiscala
GH-08567,Se cumulează dobânda cu penalitatea de întârziere,altele,candidat,,nu,,
GH-08568,Sanctiunile pentru neinregistrarea firmei la ANAF la timp,control_fiscal,publicat,,nu,sanctiunile-neinregistrarea-firmei-anaf-timp,
GH-08569,Ce risc dacă nu depun situațiile financiare anuale,altele,candidat,,nu,,
GH-08570,Amenda pentru întârzierea depunerii bilanțului 2026,control_fiscal,publicat,,nu,amenda-intarzierea-depunerii-bilantului-2026,
GH-08571,Penalizarea pentru nedepunerea raportului de beneficiar real,control_fiscal,publicat,,nu,penalizarea-nedepunerea-raportului-beneficiar-real,
GH-08572,Cum se sancționează neținerea contabilității conform legii,altele,asemanator,,nu,,sanctioneaza-netinerea-contabilitatii
GH-08573,Amenzi pentru evidenta contabilă incompletă,altele,asemanator,,nu,,sanctiuni-evidenta-contabila-incompleta
GH-08574,Sancțiuni pentru nedepunerea declarației de TVA în 2026,tva,candidat,,nu,,
GH-08575,Cum se sancționează depunerea unei declarații eronate,altele,candidat,,nu,,
GH-08576,Penalitatea pentru declararea cu rea-credință a unor date false,altele,publicat,,nu,penalitatea-declararea-rea-credinta-date,
GH-08577,Amenda pentru nefuncționarea casei de marcat,control_fiscal,publicat,,nu,amenda-nefunctionarea-casei-marcat,
GH-08578,Sanctiuni pentru nedepunerea declarației de mențiuni ONRC,infiintare,publicat,,nu,sanctiuni-nedepunerea-declaratiei-mentiuni-onrc,
GH-08579,Amenda pentru nedepunerea la timp a raportului RO e-Transport,control_fiscal,candidat,,nu,,
GH-08580,Ce se întâmplă dacă nu răspund la o notificare de conformare,control_fiscal,candidat,,nu,,
GH-08581,Consecințele ignorării unei somații ANAF,altele,publicat,,nu,consecintele-ignorarii-somatii-anaf,
GH-08582,Cum se suspendă executarea silită a ANAF,altele,publicat,,nu,suspenda-executarea-silita-anaf,
GH-08583,Când ajunge o firmă la executare silită pentru datorii fiscale,altele,candidat,,nu,,
GH-08584,Ce bunuri poate popri ANAF pentru datorii,altele,publicat,,nu,bunuri-popri-anaf-datorii,
GH-08585,Cum blochează ANAF conturile unei firme,altele,candidat,,nu,,
GH-08586,Deblocarea conturilor după plata datoriilor: cum se face,altele,candidat,,nu,,
GH-08587,Cum se ridică sechestrul pe bunurile firmei,altele,publicat,,nu,ridica-sechestrul-bunurile-firmei,
GH-08588,Ce risc dacă am datorii vechi la ANAF,altele,candidat,,nu,,
GH-08589,Cum verific datoriile firmei în SPV înainte de a fi somat,spv,candidat,,nu,,
GH-08590,Prescripția datoriilor fiscale: când nu mai pot fi cerute,control_fiscal,candidat,,nu,,
GH-08591,Cum se calculează prescripția pentru fiecare tip de impozit,control_fiscal,candidat,,nu,,
GH-08592,Cum se întrerupe prescripția printr-un act de control,control_fiscal,publicat,,nu,intrerupe-prescriptia-printr-act-control,
GH-08593,Ce înseamnă prescripția împlinită pentru TVA,tva,candidat,,nu,,
GH-08594,Pot contesta o datorie prescrisă recuperată prin executare,altele,publicat,,nu,contesta-datorie-prescrisa-recuperata-executare,
GH-08595,Cum recuperez o sumă plătită după prescripție,control_fiscal,candidat,,nu,,
GH-08596,Dreptul de a cere restituirea: cât timp am la dispoziție,altele,candidat,,nu,,
GH-08597,Cum obțin restituirea unei plăți făcute fără temei legal,altele,publicat,,nu,obtin-restituirea-plati-facute-temei,
GH-08598,Eșalonarea la plată a datoriilor fiscale 2026,altele,asemanator,,nu,,esalonarea-plata-datoriilor-anaf-2026
GH-08599,Condițiile complete pentru eșalonarea la plată,altele,publicat,,nu,conditiile-complete-esalonarea-plata,
GH-08600,Cum depun cererea de eșalonare la ANAF,altele,asemanator,,nu,,depui-cererea-esalonare-anaf
GH-08601,Eșalonarea cu garantare vs fără garantare: diferențe,greseli,candidat,,nu,,
GH-08602,Cum se menține eșalonarea dacă apar noi datorii,altele,candidat,,nu,,
GH-08603,Pierderea eșalonării pentru neplata unei rate: ce urmează,altele,publicat,,nu,pierderea-esalonarii-neplata-rate-urmeaza,
GH-08604,Ştergerea penalităților pentru bună-credință: se mai aplică,altele,publicat,,nu,stergerea-penalitatilor-buna-credinta-aplica,
GH-08605,Bonificațiile pentru plata anticipată a impozitelor 2026,profit,candidat,,nu,,
GH-08606,Reducerea accesoriilor pentru plata integrală,altele,candidat,,nu,,
GH-08607,Compensarea datoriei cu un drept de restituire,altele,candidat,,nu,,
GH-08608,Cum cer compensarea unei sume plătite în plus,altele,publicat,,nu,cer-compensarea-sume-platite-plus,
GH-08609,Compensarea din oficiu: când o face ANAF,altele,publicat,,nu,compensarea-oficiu-anaf,
GH-08610,Cum se face corectarea unei plăți la un cod bugetar greșit,greseli,publicat,,nu,corectarea-plati-cod-bugetar-gresit,
GH-08611,Redistribuirea unei plăți între impozite: procedura,altele,candidat,,nu,,
GH-08612,Am plătit un impozit la alt buget: cum corectez,greseli,publicat,,nu,platit-impozit-alt-buget-corectez,
GH-08613,Cererea de restituire a unei plăți duplicate,altele,publicat,,nu,cererea-restituire-plati-duplicate,
GH-08614,Cum îmi recuperez banii plătiți din greșeală pe ordin de plată,greseli,candidat,,nu,,
GH-08615,Fișa de evidență a plătitorului: unde o descarc,altele,candidat,,nu,,
GH-08616,Cum verific online soldul impozitelor mele,altele,candidat,,nu,,
GH-08617,Cazierul fiscal: cum îl obțin în 2026,altele,asemanator,,da,,obtin-cazierul-fiscal
GH-08618,Certificatul de atestare fiscală pentru licitații,altele,candidat,,nu,,
GH-08619,Cum obțin rapid un certificat de atestare fiscală,altele,publicat,,nu,obtin-rapid-certificat-atestare-fiscala,
GH-08620,Cum se desfășoară un control fiscal la un SRL mic,control_fiscal,publicat,,nu,desfasoara-control-fiscal-srl-mic (+1 dubluri),
GH-08621,Ce drepturi am ca și contribuabil la un control,altele,candidat,,nu,,
GH-08622,Cât timp poate dura un control fiscal de fond,control_fiscal,publicat,,nu,timp-dura-control-fiscal-fond,
GH-08623,Notificarea de control: cu cât timp înainte mă anunță,control_fiscal,candidat,,nu,,
GH-08624,Cum se suspendă un control fiscal în 2026,control_fiscal,publicat,,nu,suspenda-control-fiscal-2026,
GH-08625,Ce se întâmplă dacă nu sunt prezent la control,altele,candidat,,nu,,
GH-08626,Cine poate participa la un control în numele firmei,altele,candidat,,nu,,
GH-08627,Rolul contabilului în timpul unui control fiscal,control_fiscal,publicat,,nu,rolul-contabilului-timpul-control-fiscal,
GH-08628,Cum se desfășoară controlul inopinat și când e legal,altele,candidat,,nu,,
GH-08629,Controlul la sediul firmei: ce documente să pregătesc,altele,candidat,,nu,,
GH-08630,Controlul pe TVA: ce verifică inspectorii în 2026,tva,asemanator,,nu,,controalele-anaf-tva-verifica-inspectorii
GH-08631,Controlul pe impozitul pe profit: punctele sensibile,profit,candidat,,nu,,
GH-08632,Control fiscal pe micro: ce urmărește ANAF,micro,publicat,,nu,control-fiscal-micro-urmareste-anaf,
GH-08633,Control fiscal pe salarizare: documente cerute,salarizare,publicat,,nu,control-fiscal-salarizare-documente-cerute,
GH-08634,Control fiscal pe stocuri: cum mă pregătesc,stocuri,publicat,,nu,control-fiscal-stocuri-ma-pregatesc,
GH-08635,Control pe e-Factura și e-TVA: ce analizează ANAF,tva,asemanator,,nu,,control-anaf-factura-verifica
GH-08636,Control pe tranzacții intracomunitare: cum îl anticipez,ic_ue,publicat,,nu,control-tranzactii-intracomunitare-anticipez,
GH-08637,Control pe prețuri de transfer: cine e vizat,altele,candidat,,nu,,
GH-08638,Analiza de risc ANAF: cum sunt selectate firmele pentru control,altele,asemanator,,nu,,analiza-risc-anaf-selectate-firmele
GH-08639,De ce am intrat pe lista de risc fiscal,altele,candidat,,nu,,
GH-08640,Cum reduc riscul unui control de fond,altele,publicat,,nu,reduc-riscul-control-fond,
GH-08641,Documente pe care trebuie să le am mereu pregătite pentru control,altele,candidat,,nu,,
GH-08642,Cum se întocmește și se comunică procesul-verbal de control,altele,candidat,,nu,,
GH-08643,Ce fac la primirea deciziei de impunere după control,altele,publicat,,nu,primirea-deciziei-impunere-control,
GH-08644,Cum plătesc o diferență de impozit stabilită la control,greseli,publicat,,nu,platesc-diferenta-impozit-stabilita-control,
GH-08645,Cum contest raportul de inspecție fiscală,control_fiscal,asemanator,,nu,,raportul-inspectie-fiscala-citesc
GH-08646,Cum formulez o contestație pentru o amendă fiscală,control_fiscal,candidat,,nu,,
GH-08647,Cum se soluționează o contestație la ANAF 2026,control_fiscal,candidat,,nu,,
GH-08648,Ce fac dacă mi se respinge contestația,control_fiscal,candidat,,nu,,
GH-08649,Când și cum dau ANAF în judecată,altele,candidat,,nu,,
GH-08650,Suspendarea executării unei decizii de impunere contestate,control_fiscal,candidat,,nu,,
GH-08651,Cât costă un avocat pentru un litigiu fiscal,altele,candidat,,nu,,
GH-08652,Cum se recuperează sumele plătite ca urmare a unui control anulat,altele,publicat,,nu,recupereaza-sumele-platite-urmare-control,
GH-08653,Cum mă pregătesc pentru un control pe anii anteriori,altele,candidat,,nu,,
GH-08654,Control pe firma în lichidare: ce verifică ANAF,infiintare,candidat,,nu,,
GH-08655,Control pe firma radiată: se mai poate,altele,candidat,,nu,,
GH-08656,Cum se desfășoară verificarea situației fiscale personale,altele,candidat,,nu,,
GH-08657,Verificarea documentară vs controlul de fond: diferențe,greseli,candidat,,nu,,
GH-08658,Notificarea de conformare: cum răspund corect,control_fiscal,candidat,,nu,,
GH-08659,Cum remediez diferențele semnalate prin e-TVA,tva,publicat,,nu,remediez-diferentele-semnalate-tva,
GH-08660,Ce fac cu o diferență de TVA semnalată de sistem,tva,publicat,,nu,diferenta-tva-semnalata-sistem,
GH-08661,Cum răspund la o solicitare de informații de la ANAF,altele,publicat,,nu,raspund-solicitare-informatii-anaf,
GH-08662,Cum îmi protejez firma la controalele antifraudă,altele,candidat,,nu,,
GH-08663,Fraude cu inspectori falși: cum mă feresc,altele,publicat,,nu,fraude-inspectori-falsi-ma-feresc,
GH-08664,Cum raportez un abuz al unui inspector fiscal,control_fiscal,candidat,,nu,,
GH-08665,Cum mă plâng de comportamentul abuziv al ANAF,altele,candidat,,nu,,
GH-08666,Comunicarea electronică cu ANAF: obligații 2026,altele,publicat,,nu,comunicarea-electronica-anaf-obligatii-2026,
GH-08667,Cum primesc actele ANAF prin SPV: pași,spv,asemanator,,nu,,primesc-actele-anaf-spv
GH-08668,Ce obligație am să verific periodic SPV-ul,spv,candidat,,nu,,
GH-08669,Cum mă înscriu în SPV pentru prima dată,spv,publicat,,nu,ma-inscriu-spv-prima-data,
GH-08670,Cum transmit împuternicirea pentru SPV contabilului,spv,candidat,,nu,,
GH-08671,Noutăți 2026 la controlul fiscal și la sancțiuni,control_fiscal,publicat,,da,noutati-2026-controlul-fiscal-sanctiuni,
GH-08672,Digitalizarea ANAF 2026: impact pe firmele mici,altele,publicat,,nu,digitalizarea-anaf-2026-impact-firmele,
GH-08673,e-TVA și noile obligații de explicare a diferențelor,tva,candidat,,nu,,
GH-08674,Cum mă adaptez rapid la noile controale ANAF,altele,candidat,,nu,,
GH-08675,Cum îmi organizez documentele ca să trec orice control,altele,candidat,,nu,,
GH-08676,Checklist de pregătire pentru un control fiscal,control_fiscal,publicat,,nu,checklist-pregatire-control-fiscal,
GH-08677,Checklist lunar pentru respectarea termenelor fiscale,control_fiscal,publicat,,nu,checklist-lunar-respectarea-termenelor-fiscale,
GH-08678,Cele mai scumpe 10 greșeli de termen care costă o firmă,control_fiscal,candidat,,nu,,
GH-08679,Cum evit penalizările fiscale prin planificare,control_fiscal,candidat,,nu,,
GH-08680,Instrumente pentru alerte de termene fiscale,control_fiscal,publicat,,nu,instrumente-alerte-termene-fiscale-2 (+1 dubluri),
GH-08681,Cum configurez calendarul fiscal al firmei mele,altele,publicat,,nu,configurez-calendarul-fiscal-firmei,
GH-08682,Termene fiscale 2026 pentru firmele nou înființate,infiintare,candidat,,nu,,
GH-08683,Termene fiscale pentru firmele care trec de la micro la profit,micro,candidat,,nu,,
GH-08684,Termene fiscale pentru firmele care depășesc plafonul de TVA,tva,publicat,,nu,termene-fiscale-firmele-depasesc-plafonul,
GH-08685,Ce termene se schimbă când devin plătitor de TVA,tva,candidat,,nu,,
GH-08686,Cum se recalculează termenele după o schimbare de regim,control_fiscal,publicat,,nu,recalculeaza-termenele-schimbare-regim,
GH-08687,Calendar fiscal pentru firma sezonieră 2026,altele,candidat,,nu,,
GH-08688,Termene pentru firmele cu TVA la încasare,tva,publicat,,nu,termene-firmele-tva-incasare,
GH-08689,Cum respect termenele la firma cu mai multe puncte de lucru,control_fiscal,asemanator,,nu,,factura-firma-multe-puncte-lucru
GH-08690,Termene fiscale pentru o firmă cu cod de TVA special,tva,candidat,,nu,,
GH-08691,Ce termene are un contribuabil mijlociu în 2026,control_fiscal,publicat,,nu,termene-contribuabil-mijlociu-2026,
GH-08692,Ce termene speciale are un contribuabil mare,control_fiscal,publicat,,nu,termene-speciale-contribuabil-mare,
GH-08693,Cum verific dacă am respectat toate termenele lunii trecute,control_fiscal,publicat,,nu,verific-respectat-termenele-lunii-trecute,
GH-08694,Cum corectez o declarație depusă după termen,control_fiscal,candidat,,nu,,
GH-08695,Depunerea tardivă: când e mai bine să corectezi singur,greseli,candidat,,nu,,
GH-08696,Declararea voluntară a erorilor înainte de control: beneficii,altele,publicat,,nu,declararea-voluntara-erorilor-inainte-control,
GH-08697,Cum negociez o reducere de penalități după autocorecție,altele,candidat,,nu,,
GH-08698,Impactul unei singure întârzieri asupra scorului fiscal al firmei,altele,publicat,,nu,impactul-singure-intarzieri-asupra-scorului,
GH-08699,Cum conectez magazinul WooCommerce la iConta?,industrii,publicat,Conector WooCommerce,nu,conectez-magazinul-woocommerce-iconta,
GH-08700,Ce date preia automat iConta din comenzile WooCommerce?,industrii,publicat,Conector WooCommerce,nu,date-preia-automat-iconta-comenzile,
GH-08701,Cum se contabilizează vânzările dintr-un magazin WooCommerce?,industrii,publicat,Conector WooCommerce,nu,contabilizeaza-vanzarile-dintr-magazin-woocommerce,
GH-08702,Comisioanele procesatorului de plăți la WooCommerce: cum se înregistrează?,industrii,publicat,Conector WooCommerce,nu,comisioanele-procesatorului-plati-woocommerce-inregistreaza,
GH-08703,Cum se sincronizează stocul WooCommerce cu gestiunea din iConta?,industrii,publicat,Conector WooCommerce,nu,sincronizeaza-stocul-woocommerce-gestiunea-iconta,
GH-08704,Ce fac dacă o comandă WooCommerce nu apare în iConta?,industrii,publicat,Cron WooCommerce,nu,comanda-woocommerce-apare-iconta,
GH-08705,Cum se tratează retururile din WooCommerce la nivel contabil?,industrii,publicat,Conector WooCommerce,nu,trateaza-retururile-woocommerce-nivel-contabil,
GH-08706,Facturarea automată a comenzilor WooCommerce: cum funcționează?,industrii,publicat,Conector WooCommerce,nu,facturarea-automata-comenzilor-woocommerce-functioneaza,
GH-08707,Cum verific dacă toate comenzile WooCommerce au fost preluate corect?,industrii,publicat,Cron WooCommerce,nu,verific-comenzile-woocommerce-fost-preluate,
GH-08708,Cum se configurează cronul de sincronizare WooCommerce?,industrii,publicat,Cron WooCommerce,nu,configureaza-cronul-sincronizare-woocommerce,
GH-08709,WooCommerce cu TVA la mai multe cote: cum se împarte pe iConta?,industrii,publicat,Conector WooCommerce,nu,woocommerce-tva-multe-cote-imparte,
GH-08710,Cum tratez o comandă WooCommerce anulată după facturare?,industrii,publicat,Conector WooCommerce,nu,tratez-comanda-woocommerce-anulata-facturare,
GH-08711,Poate un magazin WooCommerce cu livrare externă UE să folosească integrarea?,industrii,publicat,Conector WooCommerce,nu,magazin-woocommerce-livrare-externa-ue,
GH-08712,Cum se contabilizează cupoanele de reducere aplicate în WooCommerce?,industrii,publicat,Conector WooCommerce,nu,contabilizeaza-cupoanele-reducere-aplicate-woocommerce,
GH-08713,Ce se întâmplă cu comenzile WooCommerce plătite ramburs?,industrii,publicat,Conector WooCommerce,nu,intampla-comenzile-woocommerce-platite-ramburs,
